# vsim -vopt work.HvlTop work.hdlTop -voptargs="+acc=npr" -assertdebug "+UVM_TESTNAME=dma2dBlockTransferWithAddrIncrEfffXContinueSrcEqualDesXsizeYContinueSrcEqualDesYsizeAndHwTiAndHiTo" "+UVM_VERBOSITY=UVM_HIGH" "+define+dmaBaseTest" -l dma2dBlockTransferWithAddrIncrEfffXContinueSrcEqualDesXsizeYContinueSrcEqualDesYsizeAndHwTiAndHiTo/dma2dBlockTransferWithAddrIncrEfffXContinueSrcEqualDesXsizeYContinueSrcEqualDesYsizeAndHwTiAndHiTo.log -sva -coverage -c -do "log -r /*; add wave -r /*; coverage save -onexit -assert -directive -cvg -codeAll dma2dBlockTransferWithAddrIncrEfffXContinueSrcEqualDesXsizeYContinueSrcEqualDesYsizeAndHwTiAndHiTo/dma2dBlockTransferWithAddrIncrEfffXContinueSrcEqualDesXsizeYContinueSrcEqualDesYsizeAndHwTiAndHiTo_coverage.ucdb; run -all; exit" -wlf dma2dBlockTransferWithAddrIncrEfffXContinueSrcEqualDesXsizeYContinueSrcEqualDesYsizeAndHwTiAndHiTo/waveform.wlf 
# Start time: 14:45:40 on Jul 31,2026
# ** Note: (vsim-3812) Design is being optimized...
# ** Note: (vopt-143) Recognized 2 FSMs in module "data_fsm(fast)".
# ** Note: (vopt-143) Recognized 4 FSMs in module "biu(fast)".
# ** Note: (vopt-143) Recognized 1 FSM in module "cmd_fsm(fast)".
# ** Note: (vopt-143) Recognized 1 FSM in module "apb_slave(fast)".
# ** Warning: ../../src/hdlTop/hdlTop.sv(40): (vopt-2685) [TFMPC] - Too few port connections for 'u_dma'.  Expected 51, found 50.
# ** Warning: ../../src/hdlTop/hdlTop.sv(40): (vopt-2718) [TFMPC] - Missing connection for port 'boot_addr'.
# ** Warning: ../../src/hvlTop/dmaTest/dmaBaseTest.sv(60): (vopt-2240) Treating stand-alone use of function 'randomize' as an implicit VOID cast.
# ** Warning: ../../src/hvlTop/dmaTest/dma1dBlockTransferWithContinueSrcAndDesXsizeEqAndSwTiAndSiTo.sv(30): (vopt-2240) Treating stand-alone use of function 'randomize' as an implicit VOID cast.
# ** Warning: ../../src/hvlTop/dmaTest/dma1dBlockTransferWithContinueSrcAndDesXsizeEqAndSwTiAndSiTo.sv(194): (vopt-2875) Task "dump_config_to_file" is being called in function "build_phase".
# ** Warning: ../../src/hvlTop/dmaTest/dma1dSingleTransferWithSrcAndDesXsizeEq0AndHwTiAndHiTo.sv(32): (vopt-2240) Treating stand-alone use of function 'randomize' as an implicit VOID cast.
# ** Warning: ../../src/hvlTop/dmaTest/dma1dSingleTransferWithSrcAndDesXsizeEq0AndHwTiAndHiTo.sv(129): (vopt-2875) Task "dump_config_to_file" is being called in function "build_phase".
# ** Warning: ../../src/hvlTop/dmaTest/dma1dSingleTransferWithSrcXsizeEq0AndDesXsizeGreaterThan0AndHwTiAndHiTo.sv(32): (vopt-2240) Treating stand-alone use of function 'randomize' as an implicit VOID cast.
# ** Warning: ../../src/hvlTop/dmaTest/dma1dSingleTransferWithSrcXsizeEq0AndDesXsizeGreaterThan0AndHwTiAndHiTo.sv(130): (vopt-2875) Task "dump_config_to_file" is being called in function "build_phase".
# ** Warning: ../../src/hvlTop/dmaTest/dma1dSingleTransferWithContinueSrcXsizeGreaterThan0AndDesXsizeEq0AndHwTiAndHiTo.sv(27): (vopt-2240) Treating stand-alone use of function 'randomize' as an implicit VOID cast.
# ** Warning: ../../src/hvlTop/dmaTest/dma1dSingleTransferWithContinueSrcXsizeGreaterThan0AndDesXsizeEq0AndHwTiAndHiTo.sv(106): (vopt-2875) Task "dump_config_to_file" is being called in function "build_phase".
# ** Warning: ../../src/hvlTop/dmaTest/dma1dSingleTransferWithFillSrcXsizeGreaterThan0AndDesXsizeEq0AndHwTiAndHiTo.sv(32): (vopt-2240) Treating stand-alone use of function 'randomize' as an implicit VOID cast.
# ** Warning: ../../src/hvlTop/dmaTest/dma1dSingleTransferWithFillSrcXsizeGreaterThan0AndDesXsizeEq0AndHwTiAndHiTo.sv(129): (vopt-2875) Task "dump_config_to_file" is being called in function "build_phase".
# ** Warning: ../../src/hvlTop/dmaTest/dma1dSingleTransferWithWrapSrcXsizeGreaterThan0AndDesXsizeEq0AndHwTiAndHiTo.sv(32): (vopt-2240) Treating stand-alone use of function 'randomize' as an implicit VOID cast.
# ** Warning: ../../src/hvlTop/dmaTest/dma1dSingleTransferWithWrapSrcXsizeGreaterThan0AndDesXsizeEq0AndHwTiAndHiTo.sv(111): (vopt-2875) Task "dump_config_to_file" is being called in function "build_phase".
# ** Warning: ../../src/hvlTop/dmaTest/dma1dSingleTransferWithContinueSrcAndDesXsizeEqAndHwTiAndHiTo.sv(25): (vopt-2240) Treating stand-alone use of function 'randomize' as an implicit VOID cast.
# ** Warning: ../../src/hvlTop/dmaTest/dma1dSingleTransferWithContinueSrcAndDesXsizeEqAndHwTiAndHiTo.sv(106): (vopt-2875) Task "dump_config_to_file" is being called in function "build_phase".
# ** Warning: ../../src/hvlTop/dmaTest/dma1dSingleTransferWithFillSrcAndDesXsizeEqAndHwTiAndHiTo.sv(27): (vopt-2240) Treating stand-alone use of function 'randomize' as an implicit VOID cast.
# ** Warning: ../../src/hvlTop/dmaTest/dma1dSingleTransferWithFillSrcAndDesXsizeEqAndHwTiAndHiTo.sv(106): (vopt-2875) Task "dump_config_to_file" is being called in function "build_phase".
# ** Warning: ../../src/hvlTop/dmaTest/dma1dSingleTransferWithWrapSrcAndDesXsizeEqAndHwTiAndHiTo.sv(32): (vopt-2240) Treating stand-alone use of function 'randomize' as an implicit VOID cast.
# ** Warning: ../../src/hvlTop/dmaTest/dma1dSingleTransferWithWrapSrcAndDesXsizeEqAndHwTiAndHiTo.sv(129): (vopt-2875) Task "dump_config_to_file" is being called in function "build_phase".
# ** Warning: ../../src/hvlTop/dmaTest/dma1dSingleTransferWithWrapSrcGreaterThanDesXsizeAndHwTiAndHiTo.sv(32): (vopt-2240) Treating stand-alone use of function 'randomize' as an implicit VOID cast.
# ** Warning: ../../src/hvlTop/dmaTest/dma1dSingleTransferWithWrapSrcGreaterThanDesXsizeAndHwTiAndHiTo.sv(129): (vopt-2875) Task "dump_config_to_file" is being called in function "build_phase".
# ** Warning: ../../src/hvlTop/dmaTest/dma1dSingleTransferWithFillSrcGreaterThanDesXsizeAndHwTiAndHiTo.sv(30): (vopt-2240) Treating stand-alone use of function 'randomize' as an implicit VOID cast.
# ** Warning: ../../src/hvlTop/dmaTest/dma1dSingleTransferWithFillSrcGreaterThanDesXsizeAndHwTiAndHiTo.sv(109): (vopt-2875) Task "dump_config_to_file" is being called in function "build_phase".
# ** Warning: ../../src/hvlTop/dmaTest/dma1dSingleTransferWithContinueSrcGreaterThanDesXsizeAndHwTiAndHiTo.sv(26): (vopt-2240) Treating stand-alone use of function 'randomize' as an implicit VOID cast.
# ** Warning: ../../src/hvlTop/dmaTest/dma1dSingleTransferWithContinueSrcGreaterThanDesXsizeAndHwTiAndHiTo.sv(105): (vopt-2875) Task "dump_config_to_file" is being called in function "build_phase".
# ** Warning: ../../src/hvlTop/dmaTest/dma1dSingleTransferWithWrapSrcSmallerThanDesXsizeAndHwTiAndHiTo.sv(35): (vopt-2240) Treating stand-alone use of function 'randomize' as an implicit VOID cast.
# ** Warning: ../../src/hvlTop/dmaTest/dma1dSingleTransferWithWrapSrcSmallerThanDesXsizeAndHwTiAndHiTo.sv(90): (vopt-2875) Task "dump_config_to_file" is being called in function "build_phase".
# ** Warning: ../../src/hvlTop/dmaTest/dma1dSingleTransferWithFillSrcSmallerThanDesXsizeAndHwTiAndHiTo.sv(30): (vopt-2240) Treating stand-alone use of function 'randomize' as an implicit VOID cast.
# ** Warning: ../../src/hvlTop/dmaTest/dma1dSingleTransferWithFillSrcSmallerThanDesXsizeAndHwTiAndHiTo.sv(110): (vopt-2875) Task "dump_config_to_file" is being called in function "build_phase".
# ** Warning: ../../src/hvlTop/dmaTest/dma1dSingleTransferWithContinueSrcSmallerThanDesXsizeAndHwTiAndHiTo.sv(27): (vopt-2240) Treating stand-alone use of function 'randomize' as an implicit VOID cast.
# ** Warning: ../../src/hvlTop/dmaTest/dma1dSingleTransferWithContinueSrcSmallerThanDesXsizeAndHwTiAndHiTo.sv(106): (vopt-2875) Task "dump_config_to_file" is being called in function "build_phase".
# ** Warning: ../../src/hvlTop/dmaTest/dma1dBlockTransferWithSrcAndDesXsizeEq0AndHwTiAndHiTo.sv(26): (vopt-2240) Treating stand-alone use of function 'randomize' as an implicit VOID cast.
# ** Warning: ../../src/hvlTop/dmaTest/dma1dBlockTransferWithSrcAndDesXsizeEq0AndHwTiAndHiTo.sv(105): (vopt-2875) Task "dump_config_to_file" is being called in function "build_phase".
# ** Warning: ../../src/hvlTop/dmaTest/dma1dBlockTransferWithSrcXsizeEq0AndDesXsizeGreaterThan0AndHwTiAndHiTo.sv(26): (vopt-2240) Treating stand-alone use of function 'randomize' as an implicit VOID cast.
# ** Warning: ../../src/hvlTop/dmaTest/dma1dBlockTransferWithSrcXsizeEq0AndDesXsizeGreaterThan0AndHwTiAndHiTo.sv(105): (vopt-2875) Task "dump_config_to_file" is being called in function "build_phase".
# ** Warning: ../../src/hvlTop/dmaTest/dma1dBlockTransferWithContinueSrcXsizeGreaterThan0AndDesXsizeEq0AndHwTiAndHiTo.sv(27): (vopt-2240) Treating stand-alone use of function 'randomize' as an implicit VOID cast.
# ** Warning: ../../src/hvlTop/dmaTest/dma1dBlockTransferWithContinueSrcXsizeGreaterThan0AndDesXsizeEq0AndHwTiAndHiTo.sv(105): (vopt-2875) Task "dump_config_to_file" is being called in function "build_phase".
# ** Warning: ../../src/hvlTop/dmaTest/dma1dBlockTransferWithFillSrcXsizeGreaterThan0AndDesXsizeEq0AndHwTiAndHiTo.sv(26): (vopt-2240) Treating stand-alone use of function 'randomize' as an implicit VOID cast.
# ** Warning: ../../src/hvlTop/dmaTest/dma1dBlockTransferWithFillSrcXsizeGreaterThan0AndDesXsizeEq0AndHwTiAndHiTo.sv(104): (vopt-2875) Task "dump_config_to_file" is being called in function "build_phase".
# ** Warning: ../../src/hvlTop/dmaTest/dma1dBlockTransferWithWrapSrcXsizeGreaterThan0AndDesXsizeEq0AndHwTiAndHiTo.sv(27): (vopt-2240) Treating stand-alone use of function 'randomize' as an implicit VOID cast.
# ** Warning: ../../src/hvlTop/dmaTest/dma1dBlockTransferWithWrapSrcXsizeGreaterThan0AndDesXsizeEq0AndHwTiAndHiTo.sv(106): (vopt-2875) Task "dump_config_to_file" is being called in function "build_phase".
# ** Warning: ../../src/hvlTop/dmaTest/dma1dBlockTransferWithContinueSrcAndDesXsizeEqAndHwTiAndHiTo.sv(31): (vopt-2240) Treating stand-alone use of function 'randomize' as an implicit VOID cast.
# ** Warning: ../../src/hvlTop/dmaTest/dma1dBlockTransferWithContinueSrcAndDesXsizeEqAndHwTiAndHiTo.sv(302): (vopt-2875) Task "dump_config_to_file" is being called in function "build_phase".
# ** Warning: ../../src/hvlTop/dmaTest/dma1dBlockTransferWithFillSrcAndDesXsizeEqAndHwTiAndHiTo.sv(29): (vopt-2240) Treating stand-alone use of function 'randomize' as an implicit VOID cast.
# ** Warning: ../../src/hvlTop/dmaTest/dma1dBlockTransferWithFillSrcAndDesXsizeEqAndHwTiAndHiTo.sv(109): (vopt-2875) Task "dump_config_to_file" is being called in function "build_phase".
# ** Warning: ../../src/hvlTop/dmaTest/dma1dBlockTransferWithWrapSrcAndDesXsizeEqAndHwTiAndHiTo.sv(26): (vopt-2240) Treating stand-alone use of function 'randomize' as an implicit VOID cast.
# ** Warning: ../../src/hvlTop/dmaTest/dma1dBlockTransferWithWrapSrcAndDesXsizeEqAndHwTiAndHiTo.sv(106): (vopt-2875) Task "dump_config_to_file" is being called in function "build_phase".
# ** Warning: ../../src/hvlTop/dmaTest/dma1dBlockTransferWithWrapSrcGreaterThanDesXsizeAndHwTiAndHiTo.sv(26): (vopt-2240) Treating stand-alone use of function 'randomize' as an implicit VOID cast.
# ** Warning: ../../src/hvlTop/dmaTest/dma1dBlockTransferWithWrapSrcGreaterThanDesXsizeAndHwTiAndHiTo.sv(106): (vopt-2875) Task "dump_config_to_file" is being called in function "build_phase".
# ** Warning: ../../src/hvlTop/dmaTest/dma1dBlockTransferWithFillSrcGreaterThanDesXsizeAndHwTiAndHiTo.sv(26): (vopt-2240) Treating stand-alone use of function 'randomize' as an implicit VOID cast.
# ** Warning: ../../src/hvlTop/dmaTest/dma1dBlockTransferWithFillSrcGreaterThanDesXsizeAndHwTiAndHiTo.sv(106): (vopt-2875) Task "dump_config_to_file" is being called in function "build_phase".
# ** Warning: ../../src/hvlTop/dmaTest/dma1dBlockTransferWithContinueSrcGreaterThanDesXsizeAndHwTiAndHiTo.sv(29): (vopt-2240) Treating stand-alone use of function 'randomize' as an implicit VOID cast.
# ** Warning: ../../src/hvlTop/dmaTest/dma1dBlockTransferWithContinueSrcGreaterThanDesXsizeAndHwTiAndHiTo.sv(191): (vopt-2875) Task "dump_config_to_file" is being called in function "build_phase".
# ** Warning: ../../src/hvlTop/dmaTest/dma1dBlockTransferWithWrapSrcSmallerThanDesXsizeAndHwTiAndHiTo.sv(27): (vopt-2240) Treating stand-alone use of function 'randomize' as an implicit VOID cast.
# ** Warning: ../../src/hvlTop/dmaTest/dma1dBlockTransferWithWrapSrcSmallerThanDesXsizeAndHwTiAndHiTo.sv(106): (vopt-2875) Task "dump_config_to_file" is being called in function "build_phase".
# ** Warning: ../../src/hvlTop/dmaTest/dma1dBlockTransferWithFillSrcSmallerThanDesXsizeAndHwTiAndHiTo.sv(26): (vopt-2240) Treating stand-alone use of function 'randomize' as an implicit VOID cast.
# ** Warning: ../../src/hvlTop/dmaTest/dma1dBlockTransferWithFillSrcSmallerThanDesXsizeAndHwTiAndHiTo.sv(106): (vopt-2875) Task "dump_config_to_file" is being called in function "build_phase".
# ** Warning: ../../src/hvlTop/dmaTest/dma1dBlockTransferWithContinueSrcSmallerThanDesXsizeAndHwTiAndHiTo.sv(27): (vopt-2240) Treating stand-alone use of function 'randomize' as an implicit VOID cast.
# ** Warning: ../../src/hvlTop/dmaTest/dma1dBlockTransferWithContinueSrcSmallerThanDesXsizeAndHwTiAndHiTo.sv(107): (vopt-2875) Task "dump_config_to_file" is being called in function "build_phase".
# ** Warning: ../../src/hvlTop/dmaTest/2d/dma2dBlockTransferWithXContinueSrcGreaterDesXsizeYContinueSrcGreaterDesYsizeAndHwTiAndHiTo.sv(31): (vopt-2240) Treating stand-alone use of function 'randomize' as an implicit VOID cast.
# ** Warning: ../../src/hvlTop/dmaTest/2d/dma2dBlockTransferWithXContinueSrcGreaterDesXsizeYContinueSrcGreaterDesYsizeAndHwTiAndHiTo.sv(166): (vopt-2875) Task "dump_config_to_file" is being called in function "build_phase".
# ** Warning: ../../src/hvlTop/dmaTest/2d/dma2dBlockTransferWithXContinueSrcGreaterDesXsizeYContinueSrcSmallerDesYsizeAndHwTiAndHiTo.sv(31): (vopt-2240) Treating stand-alone use of function 'randomize' as an implicit VOID cast.
# ** Warning: ../../src/hvlTop/dmaTest/2d/dma2dBlockTransferWithXContinueSrcGreaterDesXsizeYContinueSrcSmallerDesYsizeAndHwTiAndHiTo.sv(166): (vopt-2875) Task "dump_config_to_file" is being called in function "build_phase".
# ** Warning: ../../src/hvlTop/dmaTest/2d/dma2dBlockTransferWithXContinueSrcGreaterDesXsizeYContinueSrcEqualDesYsizeAndHwTiAndHiTo.sv(31): (vopt-2240) Treating stand-alone use of function 'randomize' as an implicit VOID cast.
# ** Warning: ../../src/hvlTop/dmaTest/2d/dma2dBlockTransferWithXContinueSrcGreaterDesXsizeYContinueSrcEqualDesYsizeAndHwTiAndHiTo.sv(166): (vopt-2875) Task "dump_config_to_file" is being called in function "build_phase".
# ** Warning: ../../src/hvlTop/dmaTest/2d/dma2dBlockTransferWithXContinueSrcGreaterDesXsizeYWrapSrcGreaterDesYsizeAndHwTiAndHiTo.sv(31): (vopt-2240) Treating stand-alone use of function 'randomize' as an implicit VOID cast.
# ** Warning: ../../src/hvlTop/dmaTest/2d/dma2dBlockTransferWithXContinueSrcGreaterDesXsizeYWrapSrcGreaterDesYsizeAndHwTiAndHiTo.sv(166): (vopt-2875) Task "dump_config_to_file" is being called in function "build_phase".
# ** Warning: ../../src/hvlTop/dmaTest/2d/dma2dBlockTransferWithXContinueSrcGreaterDesXsizeYWrapSrcSmallerDesYsizeAndHwTiAndHiTo.sv(31): (vopt-2240) Treating stand-alone use of function 'randomize' as an implicit VOID cast.
# ** Warning: ../../src/hvlTop/dmaTest/2d/dma2dBlockTransferWithXContinueSrcGreaterDesXsizeYWrapSrcSmallerDesYsizeAndHwTiAndHiTo.sv(166): (vopt-2875) Task "dump_config_to_file" is being called in function "build_phase".
# ** Warning: ../../src/hvlTop/dmaTest/2d/dma2dBlockTransferWithXContinueSrcGreaterDesXsizeYWrapSrcEqualDesYsizeAndHwTiAndHiTo.sv(31): (vopt-2240) Treating stand-alone use of function 'randomize' as an implicit VOID cast.
# ** Warning: ../../src/hvlTop/dmaTest/2d/dma2dBlockTransferWithXContinueSrcGreaterDesXsizeYWrapSrcEqualDesYsizeAndHwTiAndHiTo.sv(166): (vopt-2875) Task "dump_config_to_file" is being called in function "build_phase".
# ** Warning: ../../src/hvlTop/dmaTest/2d/dma2dBlockTransferWithXContinueSrcGreaterDesXsizeYFillSrcGreaterDesYsizeAndHwTiAndHiTo.sv(31): (vopt-2240) Treating stand-alone use of function 'randomize' as an implicit VOID cast.
# ** Warning: ../../src/hvlTop/dmaTest/2d/dma2dBlockTransferWithXContinueSrcGreaterDesXsizeYFillSrcGreaterDesYsizeAndHwTiAndHiTo.sv(166): (vopt-2875) Task "dump_config_to_file" is being called in function "build_phase".
# ** Warning: ../../src/hvlTop/dmaTest/2d/dma2dBlockTransferWithXContinueSrcGreaterDesXsizeYFillSrcSmallerDesYsizeAndHwTiAndHiTo.sv(31): (vopt-2240) Treating stand-alone use of function 'randomize' as an implicit VOID cast.
# ** Warning: ../../src/hvlTop/dmaTest/2d/dma2dBlockTransferWithXContinueSrcGreaterDesXsizeYFillSrcSmallerDesYsizeAndHwTiAndHiTo.sv(166): (vopt-2875) Task "dump_config_to_file" is being called in function "build_phase".
# ** Warning: ../../src/hvlTop/dmaTest/2d/dma2dBlockTransferWithXContinueSrcGreaterDesXsizeYFillSrcEqualDesYsizeAndHwTiAndHiTo.sv(31): (vopt-2240) Treating stand-alone use of function 'randomize' as an implicit VOID cast.
# ** Warning: ../../src/hvlTop/dmaTest/2d/dma2dBlockTransferWithXContinueSrcGreaterDesXsizeYFillSrcEqualDesYsizeAndHwTiAndHiTo.sv(166): (vopt-2875) Task "dump_config_to_file" is being called in function "build_phase".
# ** Warning: ../../src/hvlTop/dmaTest/2d/dma2dBlockTransferWithXContinueSrcSmallerDesXsizeYContinueSrcGreaterDesYsizeAndHwTiAndHiTo.sv(31): (vopt-2240) Treating stand-alone use of function 'randomize' as an implicit VOID cast.
# ** Warning: ../../src/hvlTop/dmaTest/2d/dma2dBlockTransferWithXContinueSrcSmallerDesXsizeYContinueSrcGreaterDesYsizeAndHwTiAndHiTo.sv(166): (vopt-2875) Task "dump_config_to_file" is being called in function "build_phase".
# ** Warning: ../../src/hvlTop/dmaTest/2d/dma2dBlockTransferWithXContinueSrcSmallerDesXsizeYContinueSrcSmallerDesYsizeAndHwTiAndHiTo.sv(31): (vopt-2240) Treating stand-alone use of function 'randomize' as an implicit VOID cast.
# ** Warning: ../../src/hvlTop/dmaTest/2d/dma2dBlockTransferWithXContinueSrcSmallerDesXsizeYContinueSrcSmallerDesYsizeAndHwTiAndHiTo.sv(166): (vopt-2875) Task "dump_config_to_file" is being called in function "build_phase".
# ** Warning: ../../src/hvlTop/dmaTest/2d/dma2dBlockTransferWithXContinueSrcSmallerDesXsizeYContinueSrcEqualDesYsizeAndHwTiAndHiTo.sv(31): (vopt-2240) Treating stand-alone use of function 'randomize' as an implicit VOID cast.
# ** Warning: ../../src/hvlTop/dmaTest/2d/dma2dBlockTransferWithXContinueSrcSmallerDesXsizeYContinueSrcEqualDesYsizeAndHwTiAndHiTo.sv(166): (vopt-2875) Task "dump_config_to_file" is being called in function "build_phase".
# ** Warning: ../../src/hvlTop/dmaTest/2d/dma2dBlockTransferWithXContinueSrcSmallerDesXsizeYWrapSrcGreaterDesYsizeAndHwTiAndHiTo.sv(31): (vopt-2240) Treating stand-alone use of function 'randomize' as an implicit VOID cast.
# ** Warning: ../../src/hvlTop/dmaTest/2d/dma2dBlockTransferWithXContinueSrcSmallerDesXsizeYWrapSrcGreaterDesYsizeAndHwTiAndHiTo.sv(166): (vopt-2875) Task "dump_config_to_file" is being called in function "build_phase".
# ** Warning: ../../src/hvlTop/dmaTest/2d/dma2dBlockTransferWithXContinueSrcSmallerDesXsizeYWrapSrcSmallerDesYsizeAndHwTiAndHiTo.sv(31): (vopt-2240) Treating stand-alone use of function 'randomize' as an implicit VOID cast.
# ** Warning: ../../src/hvlTop/dmaTest/2d/dma2dBlockTransferWithXContinueSrcSmallerDesXsizeYWrapSrcSmallerDesYsizeAndHwTiAndHiTo.sv(166): (vopt-2875) Task "dump_config_to_file" is being called in function "build_phase".
# ** Warning: ../../src/hvlTop/dmaTest/2d/dma2dBlockTransferWithXContinueSrcSmallerDesXsizeYWrapSrcEqualDesYsizeAndHwTiAndHiTo.sv(31): (vopt-2240) Treating stand-alone use of function 'randomize' as an implicit VOID cast.
# ** Warning: ../../src/hvlTop/dmaTest/2d/dma2dBlockTransferWithXContinueSrcSmallerDesXsizeYWrapSrcEqualDesYsizeAndHwTiAndHiTo.sv(166): (vopt-2875) Task "dump_config_to_file" is being called in function "build_phase".
# ** Warning: ../../src/hvlTop/dmaTest/2d/dma2dBlockTransferWithXContinueSrcSmallerDesXsizeYFillSrcGreaterDesYsizeAndHwTiAndHiTo.sv(31): (vopt-2240) Treating stand-alone use of function 'randomize' as an implicit VOID cast.
# ** Warning: ../../src/hvlTop/dmaTest/2d/dma2dBlockTransferWithXContinueSrcSmallerDesXsizeYFillSrcGreaterDesYsizeAndHwTiAndHiTo.sv(166): (vopt-2875) Task "dump_config_to_file" is being called in function "build_phase".
# ** Warning: ../../src/hvlTop/dmaTest/2d/dma2dBlockTransferWithXContinueSrcSmallerDesXsizeYFillSrcSmallerDesYsizeAndHwTiAndHiTo.sv(31): (vopt-2240) Treating stand-alone use of function 'randomize' as an implicit VOID cast.
# ** Warning: ../../src/hvlTop/dmaTest/2d/dma2dBlockTransferWithXContinueSrcSmallerDesXsizeYFillSrcSmallerDesYsizeAndHwTiAndHiTo.sv(166): (vopt-2875) Task "dump_config_to_file" is being called in function "build_phase".
# ** Warning: ../../src/hvlTop/dmaTest/2d/dma2dBlockTransferWithXContinueSrcSmallerDesXsizeYFillSrcEqualDesYsizeAndHwTiAndHiTo.sv(31): (vopt-2240) Treating stand-alone use of function 'randomize' as an implicit VOID cast.
# ** Warning: ../../src/hvlTop/dmaTest/2d/dma2dBlockTransferWithXContinueSrcSmallerDesXsizeYFillSrcEqualDesYsizeAndHwTiAndHiTo.sv(166): (vopt-2875) Task "dump_config_to_file" is being called in function "build_phase".
# ** Warning: ../../src/hvlTop/dmaTest/2d/dma2dBlockTransferWithXContinueSrcEqualDesXsizeYContinueSrcGreaterDesYsizeAndHwTiAndHiTo.sv(31): (vopt-2240) Treating stand-alone use of function 'randomize' as an implicit VOID cast.
# ** Warning: ../../src/hvlTop/dmaTest/2d/dma2dBlockTransferWithXContinueSrcEqualDesXsizeYContinueSrcGreaterDesYsizeAndHwTiAndHiTo.sv(166): (vopt-2875) Task "dump_config_to_file" is being called in function "build_phase".
# ** Warning: ../../src/hvlTop/dmaTest/2d/dma2dBlockTransferWithXContinueSrcEqualDesXsizeYContinueSrcSmallerDesYsizeAndHwTiAndHiTo.sv(31): (vopt-2240) Treating stand-alone use of function 'randomize' as an implicit VOID cast.
# ** Warning: ../../src/hvlTop/dmaTest/2d/dma2dBlockTransferWithXContinueSrcEqualDesXsizeYContinueSrcSmallerDesYsizeAndHwTiAndHiTo.sv(166): (vopt-2875) Task "dump_config_to_file" is being called in function "build_phase".
# ** Warning: ../../src/hvlTop/dmaTest/2d/dma2dBlockTransferWithXContinueSrcEqualDesXsizeYContinueSrcEqualDesYsizeAndHwTiAndHiTo.sv(31): (vopt-2240) Treating stand-alone use of function 'randomize' as an implicit VOID cast.
# ** Warning: ../../src/hvlTop/dmaTest/2d/dma2dBlockTransferWithXContinueSrcEqualDesXsizeYContinueSrcEqualDesYsizeAndHwTiAndHiTo.sv(166): (vopt-2875) Task "dump_config_to_file" is being called in function "build_phase".
# ** Warning: ../../src/hvlTop/dmaTest/2d/dma2dBlockTransferWithXContinueSrcEqualDesXsizeYWrapSrcGreaterDesYsizeAndHwTiAndHiTo.sv(31): (vopt-2240) Treating stand-alone use of function 'randomize' as an implicit VOID cast.
# ** Warning: ../../src/hvlTop/dmaTest/2d/dma2dBlockTransferWithXContinueSrcEqualDesXsizeYWrapSrcGreaterDesYsizeAndHwTiAndHiTo.sv(166): (vopt-2875) Task "dump_config_to_file" is being called in function "build_phase".
# ** Warning: ../../src/hvlTop/dmaTest/2d/dma2dBlockTransferWithXContinueSrcEqualDesXsizeYWrapSrcSmallerDesYsizeAndHwTiAndHiTo.sv(31): (vopt-2240) Treating stand-alone use of function 'randomize' as an implicit VOID cast.
# ** Warning: ../../src/hvlTop/dmaTest/2d/dma2dBlockTransferWithXContinueSrcEqualDesXsizeYWrapSrcSmallerDesYsizeAndHwTiAndHiTo.sv(166): (vopt-2875) Task "dump_config_to_file" is being called in function "build_phase".
# ** Warning: ../../src/hvlTop/dmaTest/2d/dma2dBlockTransferWithXContinueSrcEqualDesXsizeYWrapSrcEqualDesYsizeAndHwTiAndHiTo.sv(31): (vopt-2240) Treating stand-alone use of function 'randomize' as an implicit VOID cast.
# ** Warning: ../../src/hvlTop/dmaTest/2d/dma2dBlockTransferWithXContinueSrcEqualDesXsizeYWrapSrcEqualDesYsizeAndHwTiAndHiTo.sv(166): (vopt-2875) Task "dump_config_to_file" is being called in function "build_phase".
# ** Warning: ../../src/hvlTop/dmaTest/2d/dma2dBlockTransferWithXContinueSrcEqualDesXsizeYFillSrcGreaterDesYsizeAndHwTiAndHiTo.sv(31): (vopt-2240) Treating stand-alone use of function 'randomize' as an implicit VOID cast.
# ** Warning: ../../src/hvlTop/dmaTest/2d/dma2dBlockTransferWithXContinueSrcEqualDesXsizeYFillSrcGreaterDesYsizeAndHwTiAndHiTo.sv(166): (vopt-2875) Task "dump_config_to_file" is being called in function "build_phase".
# ** Warning: ../../src/hvlTop/dmaTest/2d/dma2dBlockTransferWithXContinueSrcEqualDesXsizeYFillSrcSmallerDesYsizeAndHwTiAndHiTo.sv(31): (vopt-2240) Treating stand-alone use of function 'randomize' as an implicit VOID cast.
# ** Warning: ../../src/hvlTop/dmaTest/2d/dma2dBlockTransferWithXContinueSrcEqualDesXsizeYFillSrcSmallerDesYsizeAndHwTiAndHiTo.sv(166): (vopt-2875) Task "dump_config_to_file" is being called in function "build_phase".
# ** Warning: ../../src/hvlTop/dmaTest/2d/dma2dBlockTransferWithXContinueSrcEqualDesXsizeYFillSrcEqualDesYsizeAndHwTiAndHiTo.sv(31): (vopt-2240) Treating stand-alone use of function 'randomize' as an implicit VOID cast.
# ** Warning: ../../src/hvlTop/dmaTest/2d/dma2dBlockTransferWithXContinueSrcEqualDesXsizeYFillSrcEqualDesYsizeAndHwTiAndHiTo.sv(166): (vopt-2875) Task "dump_config_to_file" is being called in function "build_phase".
# ** Warning: ../../src/hvlTop/dmaTest/2d/dma2dBlockTransferWithXWrapSrcGreaterDesXsizeYContinueSrcGreaterDesYsizeAndHwTiAndHiTo.sv(31): (vopt-2240) Treating stand-alone use of function 'randomize' as an implicit VOID cast.
# ** Warning: ../../src/hvlTop/dmaTest/2d/dma2dBlockTransferWithXWrapSrcGreaterDesXsizeYContinueSrcGreaterDesYsizeAndHwTiAndHiTo.sv(166): (vopt-2875) Task "dump_config_to_file" is being called in function "build_phase".
# ** Warning: ../../src/hvlTop/dmaTest/2d/dma2dBlockTransferWithXWrapSrcGreaterDesXsizeYContinueSrcSmallerDesYsizeAndHwTiAndHiTo.sv(31): (vopt-2240) Treating stand-alone use of function 'randomize' as an implicit VOID cast.
# ** Warning: ../../src/hvlTop/dmaTest/2d/dma2dBlockTransferWithXWrapSrcGreaterDesXsizeYContinueSrcSmallerDesYsizeAndHwTiAndHiTo.sv(166): (vopt-2875) Task "dump_config_to_file" is being called in function "build_phase".
# ** Warning: ../../src/hvlTop/dmaTest/2d/dma2dBlockTransferWithXWrapSrcGreaterDesXsizeYContinueSrcEqualDesYsizeAndHwTiAndHiTo.sv(31): (vopt-2240) Treating stand-alone use of function 'randomize' as an implicit VOID cast.
# ** Warning: ../../src/hvlTop/dmaTest/2d/dma2dBlockTransferWithXWrapSrcGreaterDesXsizeYContinueSrcEqualDesYsizeAndHwTiAndHiTo.sv(166): (vopt-2875) Task "dump_config_to_file" is being called in function "build_phase".
# ** Warning: ../../src/hvlTop/dmaTest/2d/dma2dBlockTransferWithXWrapSrcGreaterDesXsizeYWrapSrcGreaterDesYsizeAndHwTiAndHiTo.sv(31): (vopt-2240) Treating stand-alone use of function 'randomize' as an implicit VOID cast.
# ** Warning: ../../src/hvlTop/dmaTest/2d/dma2dBlockTransferWithXWrapSrcGreaterDesXsizeYWrapSrcGreaterDesYsizeAndHwTiAndHiTo.sv(166): (vopt-2875) Task "dump_config_to_file" is being called in function "build_phase".
# ** Warning: ../../src/hvlTop/dmaTest/2d/dma2dBlockTransferWithXWrapSrcGreaterDesXsizeYWrapSrcSmallerDesYsizeAndHwTiAndHiTo.sv(31): (vopt-2240) Treating stand-alone use of function 'randomize' as an implicit VOID cast.
# ** Warning: ../../src/hvlTop/dmaTest/2d/dma2dBlockTransferWithXWrapSrcGreaterDesXsizeYWrapSrcSmallerDesYsizeAndHwTiAndHiTo.sv(166): (vopt-2875) Task "dump_config_to_file" is being called in function "build_phase".
# ** Warning: ../../src/hvlTop/dmaTest/2d/dma2dBlockTransferWithXWrapSrcGreaterDesXsizeYWrapSrcEqualDesYsizeAndHwTiAndHiTo.sv(31): (vopt-2240) Treating stand-alone use of function 'randomize' as an implicit VOID cast.
# ** Warning: ../../src/hvlTop/dmaTest/2d/dma2dBlockTransferWithXWrapSrcGreaterDesXsizeYWrapSrcEqualDesYsizeAndHwTiAndHiTo.sv(166): (vopt-2875) Task "dump_config_to_file" is being called in function "build_phase".
# ** Warning: ../../src/hvlTop/dmaTest/2d/dma2dBlockTransferWithXWrapSrcGreaterDesXsizeYFillSrcGreaterDesYsizeAndHwTiAndHiTo.sv(31): (vopt-2240) Treating stand-alone use of function 'randomize' as an implicit VOID cast.
# ** Warning: ../../src/hvlTop/dmaTest/2d/dma2dBlockTransferWithXWrapSrcGreaterDesXsizeYFillSrcGreaterDesYsizeAndHwTiAndHiTo.sv(166): (vopt-2875) Task "dump_config_to_file" is being called in function "build_phase".
# ** Warning: ../../src/hvlTop/dmaTest/2d/dma2dBlockTransferWithXWrapSrcGreaterDesXsizeYFillSrcSmallerDesYsizeAndHwTiAndHiTo.sv(31): (vopt-2240) Treating stand-alone use of function 'randomize' as an implicit VOID cast.
# ** Warning: ../../src/hvlTop/dmaTest/2d/dma2dBlockTransferWithXWrapSrcGreaterDesXsizeYFillSrcSmallerDesYsizeAndHwTiAndHiTo.sv(166): (vopt-2875) Task "dump_config_to_file" is being called in function "build_phase".
# ** Warning: ../../src/hvlTop/dmaTest/2d/dma2dBlockTransferWithXWrapSrcGreaterDesXsizeYFillSrcEqualDesYsizeAndHwTiAndHiTo.sv(31): (vopt-2240) Treating stand-alone use of function 'randomize' as an implicit VOID cast.
# ** Warning: ../../src/hvlTop/dmaTest/2d/dma2dBlockTransferWithXWrapSrcGreaterDesXsizeYFillSrcEqualDesYsizeAndHwTiAndHiTo.sv(166): (vopt-2875) Task "dump_config_to_file" is being called in function "build_phase".
# ** Warning: ../../src/hvlTop/dmaTest/2d/dma2dBlockTransferWithXWrapSrcSmallerDesXsizeYContinueSrcGreaterDesYsizeAndHwTiAndHiTo.sv(31): (vopt-2240) Treating stand-alone use of function 'randomize' as an implicit VOID cast.
# ** Warning: ../../src/hvlTop/dmaTest/2d/dma2dBlockTransferWithXWrapSrcSmallerDesXsizeYContinueSrcGreaterDesYsizeAndHwTiAndHiTo.sv(166): (vopt-2875) Task "dump_config_to_file" is being called in function "build_phase".
# ** Warning: ../../src/hvlTop/dmaTest/2d/dma2dBlockTransferWithXWrapSrcSmallerDesXsizeYContinueSrcSmallerDesYsizeAndHwTiAndHiTo.sv(31): (vopt-2240) Treating stand-alone use of function 'randomize' as an implicit VOID cast.
# ** Warning: ../../src/hvlTop/dmaTest/2d/dma2dBlockTransferWithXWrapSrcSmallerDesXsizeYContinueSrcSmallerDesYsizeAndHwTiAndHiTo.sv(166): (vopt-2875) Task "dump_config_to_file" is being called in function "build_phase".
# ** Warning: ../../src/hvlTop/dmaTest/2d/dma2dBlockTransferWithXWrapSrcSmallerDesXsizeYContinueSrcEqualDesYsizeAndHwTiAndHiTo.sv(31): (vopt-2240) Treating stand-alone use of function 'randomize' as an implicit VOID cast.
# ** Warning: ../../src/hvlTop/dmaTest/2d/dma2dBlockTransferWithXWrapSrcSmallerDesXsizeYContinueSrcEqualDesYsizeAndHwTiAndHiTo.sv(166): (vopt-2875) Task "dump_config_to_file" is being called in function "build_phase".
# ** Warning: ../../src/hvlTop/dmaTest/2d/dma2dBlockTransferWithXWrapSrcSmallerDesXsizeYWrapSrcGreaterDesYsizeAndHwTiAndHiTo.sv(31): (vopt-2240) Treating stand-alone use of function 'randomize' as an implicit VOID cast.
# ** Warning: ../../src/hvlTop/dmaTest/2d/dma2dBlockTransferWithXWrapSrcSmallerDesXsizeYWrapSrcGreaterDesYsizeAndHwTiAndHiTo.sv(166): (vopt-2875) Task "dump_config_to_file" is being called in function "build_phase".
# ** Warning: ../../src/hvlTop/dmaTest/2d/dma2dBlockTransferWithXWrapSrcSmallerDesXsizeYWrapSrcSmallerDesYsizeAndHwTiAndHiTo.sv(31): (vopt-2240) Treating stand-alone use of function 'randomize' as an implicit VOID cast.
# ** Warning: ../../src/hvlTop/dmaTest/2d/dma2dBlockTransferWithXWrapSrcSmallerDesXsizeYWrapSrcSmallerDesYsizeAndHwTiAndHiTo.sv(166): (vopt-2875) Task "dump_config_to_file" is being called in function "build_phase".
# ** Warning: ../../src/hvlTop/dmaTest/2d/dma2dBlockTransferWithXWrapSrcSmallerDesXsizeYWrapSrcEqualDesYsizeAndHwTiAndHiTo.sv(31): (vopt-2240) Treating stand-alone use of function 'randomize' as an implicit VOID cast.
# ** Warning: ../../src/hvlTop/dmaTest/2d/dma2dBlockTransferWithXWrapSrcSmallerDesXsizeYWrapSrcEqualDesYsizeAndHwTiAndHiTo.sv(166): (vopt-2875) Task "dump_config_to_file" is being called in function "build_phase".
# ** Warning: ../../src/hvlTop/dmaTest/2d/dma2dBlockTransferWithXWrapSrcSmallerDesXsizeYFillSrcGreaterDesYsizeAndHwTiAndHiTo.sv(31): (vopt-2240) Treating stand-alone use of function 'randomize' as an implicit VOID cast.
# ** Warning: ../../src/hvlTop/dmaTest/2d/dma2dBlockTransferWithXWrapSrcSmallerDesXsizeYFillSrcGreaterDesYsizeAndHwTiAndHiTo.sv(166): (vopt-2875) Task "dump_config_to_file" is being called in function "build_phase".
# ** Warning: ../../src/hvlTop/dmaTest/2d/dma2dBlockTransferWithXWrapSrcSmallerDesXsizeYFillSrcSmallerDesYsizeAndHwTiAndHiTo.sv(31): (vopt-2240) Treating stand-alone use of function 'randomize' as an implicit VOID cast.
# ** Warning: ../../src/hvlTop/dmaTest/2d/dma2dBlockTransferWithXWrapSrcSmallerDesXsizeYFillSrcSmallerDesYsizeAndHwTiAndHiTo.sv(166): (vopt-2875) Task "dump_config_to_file" is being called in function "build_phase".
# ** Warning: ../../src/hvlTop/dmaTest/2d/dma2dBlockTransferWithXWrapSrcSmallerDesXsizeYFillSrcEqualDesYsizeAndHwTiAndHiTo.sv(31): (vopt-2240) Treating stand-alone use of function 'randomize' as an implicit VOID cast.
# ** Warning: ../../src/hvlTop/dmaTest/2d/dma2dBlockTransferWithXWrapSrcSmallerDesXsizeYFillSrcEqualDesYsizeAndHwTiAndHiTo.sv(166): (vopt-2875) Task "dump_config_to_file" is being called in function "build_phase".
# ** Warning: ../../src/hvlTop/dmaTest/2d/dma2dBlockTransferWithXWrapSrcEqualDesXsizeYContinueSrcGreaterDesYsizeAndHwTiAndHiTo.sv(31): (vopt-2240) Treating stand-alone use of function 'randomize' as an implicit VOID cast.
# ** Warning: ../../src/hvlTop/dmaTest/2d/dma2dBlockTransferWithXWrapSrcEqualDesXsizeYContinueSrcGreaterDesYsizeAndHwTiAndHiTo.sv(166): (vopt-2875) Task "dump_config_to_file" is being called in function "build_phase".
# ** Warning: ../../src/hvlTop/dmaTest/2d/dma2dBlockTransferWithXWrapSrcEqualDesXsizeYContinueSrcSmallerDesYsizeAndHwTiAndHiTo.sv(31): (vopt-2240) Treating stand-alone use of function 'randomize' as an implicit VOID cast.
# ** Warning: ../../src/hvlTop/dmaTest/2d/dma2dBlockTransferWithXWrapSrcEqualDesXsizeYContinueSrcSmallerDesYsizeAndHwTiAndHiTo.sv(166): (vopt-2875) Task "dump_config_to_file" is being called in function "build_phase".
# ** Warning: ../../src/hvlTop/dmaTest/2d/dma2dBlockTransferWithXWrapSrcEqualDesXsizeYContinueSrcEqualDesYsizeAndHwTiAndHiTo.sv(31): (vopt-2240) Treating stand-alone use of function 'randomize' as an implicit VOID cast.
# ** Warning: ../../src/hvlTop/dmaTest/2d/dma2dBlockTransferWithXWrapSrcEqualDesXsizeYContinueSrcEqualDesYsizeAndHwTiAndHiTo.sv(166): (vopt-2875) Task "dump_config_to_file" is being called in function "build_phase".
# ** Warning: ../../src/hvlTop/dmaTest/2d/dma2dBlockTransferWithXWrapSrcEqualDesXsizeYWrapSrcGreaterDesYsizeAndHwTiAndHiTo.sv(31): (vopt-2240) Treating stand-alone use of function 'randomize' as an implicit VOID cast.
# ** Warning: ../../src/hvlTop/dmaTest/2d/dma2dBlockTransferWithXWrapSrcEqualDesXsizeYWrapSrcGreaterDesYsizeAndHwTiAndHiTo.sv(166): (vopt-2875) Task "dump_config_to_file" is being called in function "build_phase".
# ** Warning: ../../src/hvlTop/dmaTest/2d/dma2dBlockTransferWithXWrapSrcEqualDesXsizeYWrapSrcSmallerDesYsizeAndHwTiAndHiTo.sv(31): (vopt-2240) Treating stand-alone use of function 'randomize' as an implicit VOID cast.
# ** Warning: ../../src/hvlTop/dmaTest/2d/dma2dBlockTransferWithXWrapSrcEqualDesXsizeYWrapSrcSmallerDesYsizeAndHwTiAndHiTo.sv(166): (vopt-2875) Task "dump_config_to_file" is being called in function "build_phase".
# ** Warning: ../../src/hvlTop/dmaTest/2d/dma2dBlockTransferWithXWrapSrcEqualDesXsizeYWrapSrcEqualDesYsizeAndHwTiAndHiTo.sv(31): (vopt-2240) Treating stand-alone use of function 'randomize' as an implicit VOID cast.
# ** Warning: ../../src/hvlTop/dmaTest/2d/dma2dBlockTransferWithXWrapSrcEqualDesXsizeYWrapSrcEqualDesYsizeAndHwTiAndHiTo.sv(166): (vopt-2875) Task "dump_config_to_file" is being called in function "build_phase".
# ** Warning: ../../src/hvlTop/dmaTest/2d/dma2dBlockTransferWithXWrapSrcEqualDesXsizeYFillSrcGreaterDesYsizeAndHwTiAndHiTo.sv(31): (vopt-2240) Treating stand-alone use of function 'randomize' as an implicit VOID cast.
# ** Warning: ../../src/hvlTop/dmaTest/2d/dma2dBlockTransferWithXWrapSrcEqualDesXsizeYFillSrcGreaterDesYsizeAndHwTiAndHiTo.sv(166): (vopt-2875) Task "dump_config_to_file" is being called in function "build_phase".
# ** Warning: ../../src/hvlTop/dmaTest/2d/dma2dBlockTransferWithXWrapSrcEqualDesXsizeYFillSrcSmallerDesYsizeAndHwTiAndHiTo.sv(31): (vopt-2240) Treating stand-alone use of function 'randomize' as an implicit VOID cast.
# ** Warning: ../../src/hvlTop/dmaTest/2d/dma2dBlockTransferWithXWrapSrcEqualDesXsizeYFillSrcSmallerDesYsizeAndHwTiAndHiTo.sv(166): (vopt-2875) Task "dump_config_to_file" is being called in function "build_phase".
# ** Warning: ../../src/hvlTop/dmaTest/2d/dma2dBlockTransferWithXWrapSrcEqualDesXsizeYFillSrcEqualDesYsizeAndHwTiAndHiTo.sv(31): (vopt-2240) Treating stand-alone use of function 'randomize' as an implicit VOID cast.
# ** Warning: ../../src/hvlTop/dmaTest/2d/dma2dBlockTransferWithXWrapSrcEqualDesXsizeYFillSrcEqualDesYsizeAndHwTiAndHiTo.sv(166): (vopt-2875) Task "dump_config_to_file" is being called in function "build_phase".
# ** Warning: ../../src/hvlTop/dmaTest/2d/dma2dBlockTransferWithXFillSrcGreaterDesXsizeYContinueSrcGreaterDesYsizeAndHwTiAndHiTo.sv(31): (vopt-2240) Treating stand-alone use of function 'randomize' as an implicit VOID cast.
# ** Warning: ../../src/hvlTop/dmaTest/2d/dma2dBlockTransferWithXFillSrcGreaterDesXsizeYContinueSrcGreaterDesYsizeAndHwTiAndHiTo.sv(166): (vopt-2875) Task "dump_config_to_file" is being called in function "build_phase".
# ** Warning: ../../src/hvlTop/dmaTest/2d/dma2dBlockTransferWithXFillSrcGreaterDesXsizeYContinueSrcSmallerDesYsizeAndHwTiAndHiTo.sv(31): (vopt-2240) Treating stand-alone use of function 'randomize' as an implicit VOID cast.
# ** Warning: ../../src/hvlTop/dmaTest/2d/dma2dBlockTransferWithXFillSrcGreaterDesXsizeYContinueSrcSmallerDesYsizeAndHwTiAndHiTo.sv(166): (vopt-2875) Task "dump_config_to_file" is being called in function "build_phase".
# ** Warning: ../../src/hvlTop/dmaTest/2d/dma2dBlockTransferWithXFillSrcGreaterDesXsizeYContinueSrcEqualDesYsizeAndHwTiAndHiTo.sv(31): (vopt-2240) Treating stand-alone use of function 'randomize' as an implicit VOID cast.
# ** Warning: ../../src/hvlTop/dmaTest/2d/dma2dBlockTransferWithXFillSrcGreaterDesXsizeYContinueSrcEqualDesYsizeAndHwTiAndHiTo.sv(166): (vopt-2875) Task "dump_config_to_file" is being called in function "build_phase".
# ** Warning: ../../src/hvlTop/dmaTest/2d/dma2dBlockTransferWithXFillSrcGreaterDesXsizeYWrapSrcGreaterDesYsizeAndHwTiAndHiTo.sv(31): (vopt-2240) Treating stand-alone use of function 'randomize' as an implicit VOID cast.
# ** Warning: ../../src/hvlTop/dmaTest/2d/dma2dBlockTransferWithXFillSrcGreaterDesXsizeYWrapSrcGreaterDesYsizeAndHwTiAndHiTo.sv(166): (vopt-2875) Task "dump_config_to_file" is being called in function "build_phase".
# ** Warning: ../../src/hvlTop/dmaTest/2d/dma2dBlockTransferWithXFillSrcGreaterDesXsizeYWrapSrcSmallerDesYsizeAndHwTiAndHiTo.sv(31): (vopt-2240) Treating stand-alone use of function 'randomize' as an implicit VOID cast.
# ** Warning: ../../src/hvlTop/dmaTest/2d/dma2dBlockTransferWithXFillSrcGreaterDesXsizeYWrapSrcSmallerDesYsizeAndHwTiAndHiTo.sv(166): (vopt-2875) Task "dump_config_to_file" is being called in function "build_phase".
# ** Warning: ../../src/hvlTop/dmaTest/2d/dma2dBlockTransferWithXFillSrcGreaterDesXsizeYWrapSrcEqualDesYsizeAndHwTiAndHiTo.sv(31): (vopt-2240) Treating stand-alone use of function 'randomize' as an implicit VOID cast.
# ** Warning: ../../src/hvlTop/dmaTest/2d/dma2dBlockTransferWithXFillSrcGreaterDesXsizeYWrapSrcEqualDesYsizeAndHwTiAndHiTo.sv(166): (vopt-2875) Task "dump_config_to_file" is being called in function "build_phase".
# ** Warning: ../../src/hvlTop/dmaTest/2d/dma2dBlockTransferWithXFillSrcGreaterDesXsizeYFillSrcGreaterDesYsizeAndHwTiAndHiTo.sv(31): (vopt-2240) Treating stand-alone use of function 'randomize' as an implicit VOID cast.
# ** Warning: ../../src/hvlTop/dmaTest/2d/dma2dBlockTransferWithXFillSrcGreaterDesXsizeYFillSrcGreaterDesYsizeAndHwTiAndHiTo.sv(166): (vopt-2875) Task "dump_config_to_file" is being called in function "build_phase".
# ** Warning: ../../src/hvlTop/dmaTest/2d/dma2dBlockTransferWithXFillSrcGreaterDesXsizeYFillSrcSmallerDesYsizeAndHwTiAndHiTo.sv(31): (vopt-2240) Treating stand-alone use of function 'randomize' as an implicit VOID cast.
# ** Warning: ../../src/hvlTop/dmaTest/2d/dma2dBlockTransferWithXFillSrcGreaterDesXsizeYFillSrcSmallerDesYsizeAndHwTiAndHiTo.sv(166): (vopt-2875) Task "dump_config_to_file" is being called in function "build_phase".
# ** Warning: ../../src/hvlTop/dmaTest/2d/dma2dBlockTransferWithXFillSrcGreaterDesXsizeYFillSrcEqualDesYsizeAndHwTiAndHiTo.sv(31): (vopt-2240) Treating stand-alone use of function 'randomize' as an implicit VOID cast.
# ** Warning: ../../src/hvlTop/dmaTest/2d/dma2dBlockTransferWithXFillSrcGreaterDesXsizeYFillSrcEqualDesYsizeAndHwTiAndHiTo.sv(166): (vopt-2875) Task "dump_config_to_file" is being called in function "build_phase".
# ** Warning: ../../src/hvlTop/dmaTest/2d/dma2dBlockTransferWithXFillSrcSmallerDesXsizeYContinueSrcGreaterDesYsizeAndHwTiAndHiTo.sv(31): (vopt-2240) Treating stand-alone use of function 'randomize' as an implicit VOID cast.
# ** Warning: ../../src/hvlTop/dmaTest/2d/dma2dBlockTransferWithXFillSrcSmallerDesXsizeYContinueSrcGreaterDesYsizeAndHwTiAndHiTo.sv(166): (vopt-2875) Task "dump_config_to_file" is being called in function "build_phase".
# ** Warning: ../../src/hvlTop/dmaTest/2d/dma2dBlockTransferWithXFillSrcSmallerDesXsizeYContinueSrcSmallerDesYsizeAndHwTiAndHiTo.sv(31): (vopt-2240) Treating stand-alone use of function 'randomize' as an implicit VOID cast.
# ** Warning: ../../src/hvlTop/dmaTest/2d/dma2dBlockTransferWithXFillSrcSmallerDesXsizeYContinueSrcSmallerDesYsizeAndHwTiAndHiTo.sv(166): (vopt-2875) Task "dump_config_to_file" is being called in function "build_phase".
# ** Warning: ../../src/hvlTop/dmaTest/2d/dma2dBlockTransferWithXFillSrcSmallerDesXsizeYContinueSrcEqualDesYsizeAndHwTiAndHiTo.sv(31): (vopt-2240) Treating stand-alone use of function 'randomize' as an implicit VOID cast.
# ** Warning: ../../src/hvlTop/dmaTest/2d/dma2dBlockTransferWithXFillSrcSmallerDesXsizeYContinueSrcEqualDesYsizeAndHwTiAndHiTo.sv(166): (vopt-2875) Task "dump_config_to_file" is being called in function "build_phase".
# ** Warning: ../../src/hvlTop/dmaTest/2d/dma2dBlockTransferWithXFillSrcSmallerDesXsizeYWrapSrcGreaterDesYsizeAndHwTiAndHiTo.sv(31): (vopt-2240) Treating stand-alone use of function 'randomize' as an implicit VOID cast.
# ** Warning: ../../src/hvlTop/dmaTest/2d/dma2dBlockTransferWithXFillSrcSmallerDesXsizeYWrapSrcGreaterDesYsizeAndHwTiAndHiTo.sv(166): (vopt-2875) Task "dump_config_to_file" is being called in function "build_phase".
# ** Warning: ../../src/hvlTop/dmaTest/2d/dma2dBlockTransferWithXFillSrcSmallerDesXsizeYWrapSrcSmallerDesYsizeAndHwTiAndHiTo.sv(31): (vopt-2240) Treating stand-alone use of function 'randomize' as an implicit VOID cast.
# ** Warning: ../../src/hvlTop/dmaTest/2d/dma2dBlockTransferWithXFillSrcSmallerDesXsizeYWrapSrcSmallerDesYsizeAndHwTiAndHiTo.sv(166): (vopt-2875) Task "dump_config_to_file" is being called in function "build_phase".
# ** Warning: ../../src/hvlTop/dmaTest/2d/dma2dBlockTransferWithXFillSrcSmallerDesXsizeYWrapSrcEqualDesYsizeAndHwTiAndHiTo.sv(31): (vopt-2240) Treating stand-alone use of function 'randomize' as an implicit VOID cast.
# ** Warning: ../../src/hvlTop/dmaTest/2d/dma2dBlockTransferWithXFillSrcSmallerDesXsizeYWrapSrcEqualDesYsizeAndHwTiAndHiTo.sv(166): (vopt-2875) Task "dump_config_to_file" is being called in function "build_phase".
# ** Warning: ../../src/hvlTop/dmaTest/2d/dma2dBlockTransferWithXFillSrcSmallerDesXsizeYFillSrcGreaterDesYsizeAndHwTiAndHiTo.sv(31): (vopt-2240) Treating stand-alone use of function 'randomize' as an implicit VOID cast.
# ** Warning: ../../src/hvlTop/dmaTest/2d/dma2dBlockTransferWithXFillSrcSmallerDesXsizeYFillSrcGreaterDesYsizeAndHwTiAndHiTo.sv(166): (vopt-2875) Task "dump_config_to_file" is being called in function "build_phase".
# ** Warning: ../../src/hvlTop/dmaTest/2d/dma2dBlockTransferWithXFillSrcSmallerDesXsizeYFillSrcSmallerDesYsizeAndHwTiAndHiTo.sv(31): (vopt-2240) Treating stand-alone use of function 'randomize' as an implicit VOID cast.
# ** Warning: ../../src/hvlTop/dmaTest/2d/dma2dBlockTransferWithXFillSrcSmallerDesXsizeYFillSrcSmallerDesYsizeAndHwTiAndHiTo.sv(166): (vopt-2875) Task "dump_config_to_file" is being called in function "build_phase".
# ** Warning: ../../src/hvlTop/dmaTest/2d/dma2dBlockTransferWithXFillSrcSmallerDesXsizeYFillSrcEqualDesYsizeAndHwTiAndHiTo.sv(31): (vopt-2240) Treating stand-alone use of function 'randomize' as an implicit VOID cast.
# ** Warning: ../../src/hvlTop/dmaTest/2d/dma2dBlockTransferWithXFillSrcSmallerDesXsizeYFillSrcEqualDesYsizeAndHwTiAndHiTo.sv(166): (vopt-2875) Task "dump_config_to_file" is being called in function "build_phase".
# ** Warning: ../../src/hvlTop/dmaTest/2d/dma2dBlockTransferWithXFillSrcEqualDesXsizeYContinueSrcGreaterDesYsizeAndHwTiAndHiTo.sv(31): (vopt-2240) Treating stand-alone use of function 'randomize' as an implicit VOID cast.
# ** Warning: ../../src/hvlTop/dmaTest/2d/dma2dBlockTransferWithXFillSrcEqualDesXsizeYContinueSrcGreaterDesYsizeAndHwTiAndHiTo.sv(166): (vopt-2875) Task "dump_config_to_file" is being called in function "build_phase".
# ** Warning: ../../src/hvlTop/dmaTest/2d/dma2dBlockTransferWithXFillSrcEqualDesXsizeYContinueSrcSmallerDesYsizeAndHwTiAndHiTo.sv(31): (vopt-2240) Treating stand-alone use of function 'randomize' as an implicit VOID cast.
# ** Warning: ../../src/hvlTop/dmaTest/2d/dma2dBlockTransferWithXFillSrcEqualDesXsizeYContinueSrcSmallerDesYsizeAndHwTiAndHiTo.sv(166): (vopt-2875) Task "dump_config_to_file" is being called in function "build_phase".
# ** Warning: ../../src/hvlTop/dmaTest/2d/dma2dBlockTransferWithXFillSrcEqualDesXsizeYContinueSrcEqualDesYsizeAndHwTiAndHiTo.sv(31): (vopt-2240) Treating stand-alone use of function 'randomize' as an implicit VOID cast.
# ** Warning: ../../src/hvlTop/dmaTest/2d/dma2dBlockTransferWithXFillSrcEqualDesXsizeYContinueSrcEqualDesYsizeAndHwTiAndHiTo.sv(166): (vopt-2875) Task "dump_config_to_file" is being called in function "build_phase".
# ** Warning: ../../src/hvlTop/dmaTest/2d/dma2dBlockTransferWithXFillSrcEqualDesXsizeYWrapSrcGreaterDesYsizeAndHwTiAndHiTo.sv(31): (vopt-2240) Treating stand-alone use of function 'randomize' as an implicit VOID cast.
# ** Warning: ../../src/hvlTop/dmaTest/2d/dma2dBlockTransferWithXFillSrcEqualDesXsizeYWrapSrcGreaterDesYsizeAndHwTiAndHiTo.sv(166): (vopt-2875) Task "dump_config_to_file" is being called in function "build_phase".
# ** Warning: ../../src/hvlTop/dmaTest/2d/dma2dBlockTransferWithXFillSrcEqualDesXsizeYWrapSrcSmallerDesYsizeAndHwTiAndHiTo.sv(31): (vopt-2240) Treating stand-alone use of function 'randomize' as an implicit VOID cast.
# ** Warning: ../../src/hvlTop/dmaTest/2d/dma2dBlockTransferWithXFillSrcEqualDesXsizeYWrapSrcSmallerDesYsizeAndHwTiAndHiTo.sv(166): (vopt-2875) Task "dump_config_to_file" is being called in function "build_phase".
# ** Warning: ../../src/hvlTop/dmaTest/2d/dma2dBlockTransferWithXFillSrcEqualDesXsizeYWrapSrcEqualDesYsizeAndHwTiAndHiTo.sv(31): (vopt-2240) Treating stand-alone use of function 'randomize' as an implicit VOID cast.
# ** Warning: ../../src/hvlTop/dmaTest/2d/dma2dBlockTransferWithXFillSrcEqualDesXsizeYWrapSrcEqualDesYsizeAndHwTiAndHiTo.sv(166): (vopt-2875) Task "dump_config_to_file" is being called in function "build_phase".
# ** Warning: ../../src/hvlTop/dmaTest/2d/dma2dBlockTransferWithXFillSrcEqualDesXsizeYFillSrcGreaterDesYsizeAndHwTiAndHiTo.sv(31): (vopt-2240) Treating stand-alone use of function 'randomize' as an implicit VOID cast.
# ** Warning: ../../src/hvlTop/dmaTest/2d/dma2dBlockTransferWithXFillSrcEqualDesXsizeYFillSrcGreaterDesYsizeAndHwTiAndHiTo.sv(166): (vopt-2875) Task "dump_config_to_file" is being called in function "build_phase".
# ** Warning: ../../src/hvlTop/dmaTest/2d/dma2dBlockTransferWithXFillSrcEqualDesXsizeYFillSrcSmallerDesYsizeAndHwTiAndHiTo.sv(31): (vopt-2240) Treating stand-alone use of function 'randomize' as an implicit VOID cast.
# ** Warning: ../../src/hvlTop/dmaTest/2d/dma2dBlockTransferWithXFillSrcEqualDesXsizeYFillSrcSmallerDesYsizeAndHwTiAndHiTo.sv(166): (vopt-2875) Task "dump_config_to_file" is being called in function "build_phase".
# ** Warning: ../../src/hvlTop/dmaTest/2d/dma2dBlockTransferWithXFillSrcEqualDesXsizeYFillSrcEqualDesYsizeAndHwTiAndHiTo.sv(31): (vopt-2240) Treating stand-alone use of function 'randomize' as an implicit VOID cast.
# ** Warning: ../../src/hvlTop/dmaTest/2d/dma2dBlockTransferWithXFillSrcEqualDesXsizeYFillSrcEqualDesYsizeAndHwTiAndHiTo.sv(166): (vopt-2875) Task "dump_config_to_file" is being called in function "build_phase".
# ** Warning: ../../src/hvlTop/dmaTest/addressIncrement/dma1dBlockTransferWithSrcAddrIncrEqualDesAddrIncrAndHwTiAndHiTo.sv(31): (vopt-2240) Treating stand-alone use of function 'randomize' as an implicit VOID cast.
# ** Warning: ../../src/hvlTop/dmaTest/addressIncrement/dma1dBlockTransferWithSrcAddrIncrEqualDesAddrIncrAndHwTiAndHiTo.sv(302): (vopt-2875) Task "dump_config_to_file" is being called in function "build_phase".
# ** Warning: ../../src/hvlTop/dmaTest/addressIncrement/dma1dBlockTransferWithSrcAddrIncrGreaterThanDesAddrIncrAndHwTiAndHiTo.sv(31): (vopt-2240) Treating stand-alone use of function 'randomize' as an implicit VOID cast.
# ** Warning: ../../src/hvlTop/dmaTest/addressIncrement/dma1dBlockTransferWithSrcAddrIncrGreaterThanDesAddrIncrAndHwTiAndHiTo.sv(302): (vopt-2875) Task "dump_config_to_file" is being called in function "build_phase".
# ** Warning: ../../src/hvlTop/dmaTest/addressIncrement/dma1dBlockTransferWithSrcAddrIncrSmallerThanDesAddrIncrAndHwTiAndHiTo.sv(31): (vopt-2240) Treating stand-alone use of function 'randomize' as an implicit VOID cast.
# ** Warning: ../../src/hvlTop/dmaTest/addressIncrement/dma1dBlockTransferWithSrcAddrIncrSmallerThanDesAddrIncrAndHwTiAndHiTo.sv(302): (vopt-2875) Task "dump_config_to_file" is being called in function "build_phase".
# ** Warning: ../../src/hvlTop/dmaTest/addressIncrement/dma1dBlockTransferWithSrcAddrIncrZeroDesAddrIncrNonZeroAndHwTiAndHiTo.sv(31): (vopt-2240) Treating stand-alone use of function 'randomize' as an implicit VOID cast.
# ** Warning: ../../src/hvlTop/dmaTest/addressIncrement/dma1dBlockTransferWithSrcAddrIncrZeroDesAddrIncrNonZeroAndHwTiAndHiTo.sv(302): (vopt-2875) Task "dump_config_to_file" is being called in function "build_phase".
# ** Warning: ../../src/hvlTop/dmaTest/addressIncrement/dma1dBlockTransferWithSrcAddrIncrNonZeroDesAddrIncrZeroAndHwTiAndHiTo.sv(31): (vopt-2240) Treating stand-alone use of function 'randomize' as an implicit VOID cast.
# ** Warning: ../../src/hvlTop/dmaTest/addressIncrement/dma1dBlockTransferWithSrcAddrIncrNonZeroDesAddrIncrZeroAndHwTiAndHiTo.sv(302): (vopt-2875) Task "dump_config_to_file" is being called in function "build_phase".
# ** Warning: ../../src/hvlTop/dmaTest/addressIncrement/dma1dBlockTransferWithSrcAddrIncrTwoDesAddrIncrFourAndHwTiAndHiTo.sv(31): (vopt-2240) Treating stand-alone use of function 'randomize' as an implicit VOID cast.
# ** Warning: ../../src/hvlTop/dmaTest/addressIncrement/dma1dBlockTransferWithSrcAddrIncrTwoDesAddrIncrFourAndHwTiAndHiTo.sv(302): (vopt-2875) Task "dump_config_to_file" is being called in function "build_phase".
# ** Warning: ../../src/hvlTop/dmaTest/addressIncrement/dma1dBlockTransferWithSrcAddrIncrFourDesAddrIncrTwoAndHwTiAndHiTo.sv(31): (vopt-2240) Treating stand-alone use of function 'randomize' as an implicit VOID cast.
# ** Warning: ../../src/hvlTop/dmaTest/addressIncrement/dma1dBlockTransferWithSrcAddrIncrFourDesAddrIncrTwoAndHwTiAndHiTo.sv(302): (vopt-2875) Task "dump_config_to_file" is being called in function "build_phase".
# ** Warning: ../../src/hvlTop/dmaTest/addressIncrement/dma1dBlockTransferWithSrcAndDesAddrIncrMaxPositiveAndHwTiAndHiTo.sv(31): (vopt-2240) Treating stand-alone use of function 'randomize' as an implicit VOID cast.
# ** Warning: ../../src/hvlTop/dmaTest/addressIncrement/dma1dBlockTransferWithSrcAndDesAddrIncrMaxPositiveAndHwTiAndHiTo.sv(302): (vopt-2875) Task "dump_config_to_file" is being called in function "build_phase".
# ** Warning: ../../src/hvlTop/dmaTest/addressIncrement/dma1dBlockTransferWithSrcAndDesAddrIncrEqualSixteenAndHwTiAndHiTo.sv(31): (vopt-2240) Treating stand-alone use of function 'randomize' as an implicit VOID cast.
# ** Warning: ../../src/hvlTop/dmaTest/addressIncrement/dma1dBlockTransferWithSrcAndDesAddrIncrEqualSixteenAndHwTiAndHiTo.sv(302): (vopt-2875) Task "dump_config_to_file" is being called in function "build_phase".
# ** Warning: ../../src/hvlTop/dmaTest/addressIncrement/dma1dBlockTransferWithSrcAndDesAddrIncrBit15SetWithIncrOneAndHwTiAndHiTo.sv(31): (vopt-2240) Treating stand-alone use of function 'randomize' as an implicit VOID cast.
# ** Warning: ../../src/hvlTop/dmaTest/addressIncrement/dma1dBlockTransferWithSrcAndDesAddrIncrBit15SetWithIncrOneAndHwTiAndHiTo.sv(302): (vopt-2875) Task "dump_config_to_file" is being called in function "build_phase".
# ** Warning: ../../src/hvlTop/dmaTest/addressIncrement/dma1dBlockTransferWithSrcAddrIncrBit15SetGreaterThanDesAddrIncrBit15SetAndHwTiAndHiTo.sv(31): (vopt-2240) Treating stand-alone use of function 'randomize' as an implicit VOID cast.
# ** Warning: ../../src/hvlTop/dmaTest/addressIncrement/dma1dBlockTransferWithSrcAddrIncrBit15SetGreaterThanDesAddrIncrBit15SetAndHwTiAndHiTo.sv(302): (vopt-2875) Task "dump_config_to_file" is being called in function "build_phase".
# ** Warning: ../../src/hvlTop/dmaTest/addressIncrement/dma1dBlockTransferWithSrcAddrIncrBit15SetSmallerThanDesAddrIncrBit15SetAndHwTiAndHiTo.sv(31): (vopt-2240) Treating stand-alone use of function 'randomize' as an implicit VOID cast.
# ** Warning: ../../src/hvlTop/dmaTest/addressIncrement/dma1dBlockTransferWithSrcAddrIncrBit15SetSmallerThanDesAddrIncrBit15SetAndHwTiAndHiTo.sv(302): (vopt-2875) Task "dump_config_to_file" is being called in function "build_phase".
# ** Warning: ../../src/hvlTop/dmaTest/addressIncrement/2d/dma2dBlockTransferWithAddrIncr0000XContinueSrcEqualDesXsizeYContinueSrcEqualDesYsizeAndHwTiAndHiTo.sv(31): (vopt-2240) Treating stand-alone use of function 'randomize' as an implicit VOID cast.
# ** Warning: ../../src/hvlTop/dmaTest/addressIncrement/2d/dma2dBlockTransferWithAddrIncr0000XContinueSrcEqualDesXsizeYContinueSrcEqualDesYsizeAndHwTiAndHiTo.sv(166): (vopt-2875) Task "dump_config_to_file" is being called in function "build_phase".
# ** Warning: ../../src/hvlTop/dmaTest/addressIncrement/2d/dma2dBlockTransferWithAddrIncr0000XContinueSrcEqualDesXsizeYContinueSrcGreaterDesYsizeAndHwTiAndHiTo.sv(31): (vopt-2240) Treating stand-alone use of function 'randomize' as an implicit VOID cast.
# ** Warning: ../../src/hvlTop/dmaTest/addressIncrement/2d/dma2dBlockTransferWithAddrIncr0000XContinueSrcEqualDesXsizeYContinueSrcGreaterDesYsizeAndHwTiAndHiTo.sv(166): (vopt-2875) Task "dump_config_to_file" is being called in function "build_phase".
# ** Warning: ../../src/hvlTop/dmaTest/addressIncrement/2d/dma2dBlockTransferWithAddrIncr0000XContinueSrcEqualDesXsizeYContinueSrcSmallerDesYsizeAndHwTiAndHiTo.sv(31): (vopt-2240) Treating stand-alone use of function 'randomize' as an implicit VOID cast.
# ** Warning: ../../src/hvlTop/dmaTest/addressIncrement/2d/dma2dBlockTransferWithAddrIncr0000XContinueSrcEqualDesXsizeYContinueSrcSmallerDesYsizeAndHwTiAndHiTo.sv(166): (vopt-2875) Task "dump_config_to_file" is being called in function "build_phase".
# ** Warning: ../../src/hvlTop/dmaTest/addressIncrement/2d/dma2dBlockTransferWithAddrIncr0000XContinueSrcEqualDesXsizeYFillSrcEqualDesYsizeAndHwTiAndHiTo.sv(31): (vopt-2240) Treating stand-alone use of function 'randomize' as an implicit VOID cast.
# ** Warning: ../../src/hvlTop/dmaTest/addressIncrement/2d/dma2dBlockTransferWithAddrIncr0000XContinueSrcEqualDesXsizeYFillSrcEqualDesYsizeAndHwTiAndHiTo.sv(166): (vopt-2875) Task "dump_config_to_file" is being called in function "build_phase".
# ** Warning: ../../src/hvlTop/dmaTest/addressIncrement/2d/dma2dBlockTransferWithAddrIncr0000XContinueSrcEqualDesXsizeYFillSrcGreaterDesYsizeAndHwTiAndHiTo.sv(31): (vopt-2240) Treating stand-alone use of function 'randomize' as an implicit VOID cast.
# ** Warning: ../../src/hvlTop/dmaTest/addressIncrement/2d/dma2dBlockTransferWithAddrIncr0000XContinueSrcEqualDesXsizeYFillSrcGreaterDesYsizeAndHwTiAndHiTo.sv(166): (vopt-2875) Task "dump_config_to_file" is being called in function "build_phase".
# ** Warning: ../../src/hvlTop/dmaTest/addressIncrement/2d/dma2dBlockTransferWithAddrIncr0000XContinueSrcEqualDesXsizeYFillSrcSmallerDesYsizeAndHwTiAndHiTo.sv(31): (vopt-2240) Treating stand-alone use of function 'randomize' as an implicit VOID cast.
# ** Warning: ../../src/hvlTop/dmaTest/addressIncrement/2d/dma2dBlockTransferWithAddrIncr0000XContinueSrcEqualDesXsizeYFillSrcSmallerDesYsizeAndHwTiAndHiTo.sv(166): (vopt-2875) Task "dump_config_to_file" is being called in function "build_phase".
# ** Warning: ../../src/hvlTop/dmaTest/addressIncrement/2d/dma2dBlockTransferWithAddrIncr0000XContinueSrcEqualDesXsizeYWrapSrcEqualDesYsizeAndHwTiAndHiTo.sv(31): (vopt-2240) Treating stand-alone use of function 'randomize' as an implicit VOID cast.
# ** Warning: ../../src/hvlTop/dmaTest/addressIncrement/2d/dma2dBlockTransferWithAddrIncr0000XContinueSrcEqualDesXsizeYWrapSrcEqualDesYsizeAndHwTiAndHiTo.sv(166): (vopt-2875) Task "dump_config_to_file" is being called in function "build_phase".
# ** Warning: ../../src/hvlTop/dmaTest/addressIncrement/2d/dma2dBlockTransferWithAddrIncr0000XContinueSrcEqualDesXsizeYWrapSrcGreaterDesYsizeAndHwTiAndHiTo.sv(31): (vopt-2240) Treating stand-alone use of function 'randomize' as an implicit VOID cast.
# ** Warning: ../../src/hvlTop/dmaTest/addressIncrement/2d/dma2dBlockTransferWithAddrIncr0000XContinueSrcEqualDesXsizeYWrapSrcGreaterDesYsizeAndHwTiAndHiTo.sv(166): (vopt-2875) Task "dump_config_to_file" is being called in function "build_phase".
# ** Warning: ../../src/hvlTop/dmaTest/addressIncrement/2d/dma2dBlockTransferWithAddrIncr0000XContinueSrcEqualDesXsizeYWrapSrcSmallerDesYsizeAndHwTiAndHiTo.sv(31): (vopt-2240) Treating stand-alone use of function 'randomize' as an implicit VOID cast.
# ** Warning: ../../src/hvlTop/dmaTest/addressIncrement/2d/dma2dBlockTransferWithAddrIncr0000XContinueSrcEqualDesXsizeYWrapSrcSmallerDesYsizeAndHwTiAndHiTo.sv(166): (vopt-2875) Task "dump_config_to_file" is being called in function "build_phase".
# ** Warning: ../../src/hvlTop/dmaTest/addressIncrement/2d/dma2dBlockTransferWithAddrIncr0000XContinueSrcGreaterDesXsizeYContinueSrcEqualDesYsizeAndHwTiAndHiTo.sv(31): (vopt-2240) Treating stand-alone use of function 'randomize' as an implicit VOID cast.
# ** Warning: ../../src/hvlTop/dmaTest/addressIncrement/2d/dma2dBlockTransferWithAddrIncr0000XContinueSrcGreaterDesXsizeYContinueSrcEqualDesYsizeAndHwTiAndHiTo.sv(166): (vopt-2875) Task "dump_config_to_file" is being called in function "build_phase".
# ** Warning: ../../src/hvlTop/dmaTest/addressIncrement/2d/dma2dBlockTransferWithAddrIncr0000XContinueSrcGreaterDesXsizeYContinueSrcGreaterDesYsizeAndHwTiAndHiTo.sv(31): (vopt-2240) Treating stand-alone use of function 'randomize' as an implicit VOID cast.
# ** Warning: ../../src/hvlTop/dmaTest/addressIncrement/2d/dma2dBlockTransferWithAddrIncr0000XContinueSrcGreaterDesXsizeYContinueSrcGreaterDesYsizeAndHwTiAndHiTo.sv(166): (vopt-2875) Task "dump_config_to_file" is being called in function "build_phase".
# ** Warning: ../../src/hvlTop/dmaTest/addressIncrement/2d/dma2dBlockTransferWithAddrIncr0000XContinueSrcGreaterDesXsizeYContinueSrcSmallerDesYsizeAndHwTiAndHiTo.sv(31): (vopt-2240) Treating stand-alone use of function 'randomize' as an implicit VOID cast.
# ** Warning: ../../src/hvlTop/dmaTest/addressIncrement/2d/dma2dBlockTransferWithAddrIncr0000XContinueSrcGreaterDesXsizeYContinueSrcSmallerDesYsizeAndHwTiAndHiTo.sv(166): (vopt-2875) Task "dump_config_to_file" is being called in function "build_phase".
# ** Warning: ../../src/hvlTop/dmaTest/addressIncrement/2d/dma2dBlockTransferWithAddrIncr0000XContinueSrcGreaterDesXsizeYFillSrcEqualDesYsizeAndHwTiAndHiTo.sv(31): (vopt-2240) Treating stand-alone use of function 'randomize' as an implicit VOID cast.
# ** Warning: ../../src/hvlTop/dmaTest/addressIncrement/2d/dma2dBlockTransferWithAddrIncr0000XContinueSrcGreaterDesXsizeYFillSrcEqualDesYsizeAndHwTiAndHiTo.sv(166): (vopt-2875) Task "dump_config_to_file" is being called in function "build_phase".
# ** Warning: ../../src/hvlTop/dmaTest/addressIncrement/2d/dma2dBlockTransferWithAddrIncr0000XContinueSrcGreaterDesXsizeYFillSrcGreaterDesYsizeAndHwTiAndHiTo.sv(31): (vopt-2240) Treating stand-alone use of function 'randomize' as an implicit VOID cast.
# ** Warning: ../../src/hvlTop/dmaTest/addressIncrement/2d/dma2dBlockTransferWithAddrIncr0000XContinueSrcGreaterDesXsizeYFillSrcGreaterDesYsizeAndHwTiAndHiTo.sv(166): (vopt-2875) Task "dump_config_to_file" is being called in function "build_phase".
# ** Warning: ../../src/hvlTop/dmaTest/addressIncrement/2d/dma2dBlockTransferWithAddrIncr0000XContinueSrcGreaterDesXsizeYFillSrcSmallerDesYsizeAndHwTiAndHiTo.sv(31): (vopt-2240) Treating stand-alone use of function 'randomize' as an implicit VOID cast.
# ** Warning: ../../src/hvlTop/dmaTest/addressIncrement/2d/dma2dBlockTransferWithAddrIncr0000XContinueSrcGreaterDesXsizeYFillSrcSmallerDesYsizeAndHwTiAndHiTo.sv(166): (vopt-2875) Task "dump_config_to_file" is being called in function "build_phase".
# ** Warning: ../../src/hvlTop/dmaTest/addressIncrement/2d/dma2dBlockTransferWithAddrIncr0000XContinueSrcGreaterDesXsizeYWrapSrcEqualDesYsizeAndHwTiAndHiTo.sv(31): (vopt-2240) Treating stand-alone use of function 'randomize' as an implicit VOID cast.
# ** Warning: ../../src/hvlTop/dmaTest/addressIncrement/2d/dma2dBlockTransferWithAddrIncr0000XContinueSrcGreaterDesXsizeYWrapSrcEqualDesYsizeAndHwTiAndHiTo.sv(166): (vopt-2875) Task "dump_config_to_file" is being called in function "build_phase".
# ** Warning: ../../src/hvlTop/dmaTest/addressIncrement/2d/dma2dBlockTransferWithAddrIncr0000XContinueSrcGreaterDesXsizeYWrapSrcGreaterDesYsizeAndHwTiAndHiTo.sv(31): (vopt-2240) Treating stand-alone use of function 'randomize' as an implicit VOID cast.
# ** Warning: ../../src/hvlTop/dmaTest/addressIncrement/2d/dma2dBlockTransferWithAddrIncr0000XContinueSrcGreaterDesXsizeYWrapSrcGreaterDesYsizeAndHwTiAndHiTo.sv(166): (vopt-2875) Task "dump_config_to_file" is being called in function "build_phase".
# ** Warning: ../../src/hvlTop/dmaTest/addressIncrement/2d/dma2dBlockTransferWithAddrIncr0000XContinueSrcGreaterDesXsizeYWrapSrcSmallerDesYsizeAndHwTiAndHiTo.sv(31): (vopt-2240) Treating stand-alone use of function 'randomize' as an implicit VOID cast.
# ** Warning: ../../src/hvlTop/dmaTest/addressIncrement/2d/dma2dBlockTransferWithAddrIncr0000XContinueSrcGreaterDesXsizeYWrapSrcSmallerDesYsizeAndHwTiAndHiTo.sv(166): (vopt-2875) Task "dump_config_to_file" is being called in function "build_phase".
# ** Warning: ../../src/hvlTop/dmaTest/addressIncrement/2d/dma2dBlockTransferWithAddrIncr0000XContinueSrcSmallerDesXsizeYContinueSrcEqualDesYsizeAndHwTiAndHiTo.sv(31): (vopt-2240) Treating stand-alone use of function 'randomize' as an implicit VOID cast.
# ** Warning: ../../src/hvlTop/dmaTest/addressIncrement/2d/dma2dBlockTransferWithAddrIncr0000XContinueSrcSmallerDesXsizeYContinueSrcEqualDesYsizeAndHwTiAndHiTo.sv(166): (vopt-2875) Task "dump_config_to_file" is being called in function "build_phase".
# ** Warning: ../../src/hvlTop/dmaTest/addressIncrement/2d/dma2dBlockTransferWithAddrIncr0000XContinueSrcSmallerDesXsizeYContinueSrcGreaterDesYsizeAndHwTiAndHiTo.sv(31): (vopt-2240) Treating stand-alone use of function 'randomize' as an implicit VOID cast.
# ** Warning: ../../src/hvlTop/dmaTest/addressIncrement/2d/dma2dBlockTransferWithAddrIncr0000XContinueSrcSmallerDesXsizeYContinueSrcGreaterDesYsizeAndHwTiAndHiTo.sv(166): (vopt-2875) Task "dump_config_to_file" is being called in function "build_phase".
# ** Warning: ../../src/hvlTop/dmaTest/addressIncrement/2d/dma2dBlockTransferWithAddrIncr0000XContinueSrcSmallerDesXsizeYContinueSrcSmallerDesYsizeAndHwTiAndHiTo.sv(31): (vopt-2240) Treating stand-alone use of function 'randomize' as an implicit VOID cast.
# ** Warning: ../../src/hvlTop/dmaTest/addressIncrement/2d/dma2dBlockTransferWithAddrIncr0000XContinueSrcSmallerDesXsizeYContinueSrcSmallerDesYsizeAndHwTiAndHiTo.sv(166): (vopt-2875) Task "dump_config_to_file" is being called in function "build_phase".
# ** Warning: ../../src/hvlTop/dmaTest/addressIncrement/2d/dma2dBlockTransferWithAddrIncr0000XContinueSrcSmallerDesXsizeYFillSrcEqualDesYsizeAndHwTiAndHiTo.sv(31): (vopt-2240) Treating stand-alone use of function 'randomize' as an implicit VOID cast.
# ** Warning: ../../src/hvlTop/dmaTest/addressIncrement/2d/dma2dBlockTransferWithAddrIncr0000XContinueSrcSmallerDesXsizeYFillSrcEqualDesYsizeAndHwTiAndHiTo.sv(166): (vopt-2875) Task "dump_config_to_file" is being called in function "build_phase".
# ** Warning: ../../src/hvlTop/dmaTest/addressIncrement/2d/dma2dBlockTransferWithAddrIncr0000XContinueSrcSmallerDesXsizeYFillSrcGreaterDesYsizeAndHwTiAndHiTo.sv(31): (vopt-2240) Treating stand-alone use of function 'randomize' as an implicit VOID cast.
# ** Warning: ../../src/hvlTop/dmaTest/addressIncrement/2d/dma2dBlockTransferWithAddrIncr0000XContinueSrcSmallerDesXsizeYFillSrcGreaterDesYsizeAndHwTiAndHiTo.sv(166): (vopt-2875) Task "dump_config_to_file" is being called in function "build_phase".
# ** Warning: ../../src/hvlTop/dmaTest/addressIncrement/2d/dma2dBlockTransferWithAddrIncr0000XContinueSrcSmallerDesXsizeYFillSrcSmallerDesYsizeAndHwTiAndHiTo.sv(31): (vopt-2240) Treating stand-alone use of function 'randomize' as an implicit VOID cast.
# ** Warning: ../../src/hvlTop/dmaTest/addressIncrement/2d/dma2dBlockTransferWithAddrIncr0000XContinueSrcSmallerDesXsizeYFillSrcSmallerDesYsizeAndHwTiAndHiTo.sv(166): (vopt-2875) Task "dump_config_to_file" is being called in function "build_phase".
# ** Warning: ../../src/hvlTop/dmaTest/addressIncrement/2d/dma2dBlockTransferWithAddrIncr0000XContinueSrcSmallerDesXsizeYWrapSrcEqualDesYsizeAndHwTiAndHiTo.sv(31): (vopt-2240) Treating stand-alone use of function 'randomize' as an implicit VOID cast.
# ** Warning: ../../src/hvlTop/dmaTest/addressIncrement/2d/dma2dBlockTransferWithAddrIncr0000XContinueSrcSmallerDesXsizeYWrapSrcEqualDesYsizeAndHwTiAndHiTo.sv(166): (vopt-2875) Task "dump_config_to_file" is being called in function "build_phase".
# ** Warning: ../../src/hvlTop/dmaTest/addressIncrement/2d/dma2dBlockTransferWithAddrIncr0000XContinueSrcSmallerDesXsizeYWrapSrcGreaterDesYsizeAndHwTiAndHiTo.sv(31): (vopt-2240) Treating stand-alone use of function 'randomize' as an implicit VOID cast.
# ** Warning: ../../src/hvlTop/dmaTest/addressIncrement/2d/dma2dBlockTransferWithAddrIncr0000XContinueSrcSmallerDesXsizeYWrapSrcGreaterDesYsizeAndHwTiAndHiTo.sv(166): (vopt-2875) Task "dump_config_to_file" is being called in function "build_phase".
# ** Warning: ../../src/hvlTop/dmaTest/addressIncrement/2d/dma2dBlockTransferWithAddrIncr0000XContinueSrcSmallerDesXsizeYWrapSrcSmallerDesYsizeAndHwTiAndHiTo.sv(31): (vopt-2240) Treating stand-alone use of function 'randomize' as an implicit VOID cast.
# ** Warning: ../../src/hvlTop/dmaTest/addressIncrement/2d/dma2dBlockTransferWithAddrIncr0000XContinueSrcSmallerDesXsizeYWrapSrcSmallerDesYsizeAndHwTiAndHiTo.sv(166): (vopt-2875) Task "dump_config_to_file" is being called in function "build_phase".
# ** Warning: ../../src/hvlTop/dmaTest/addressIncrement/2d/dma2dBlockTransferWithAddrIncr0000XFillSrcEqualDesXsizeYContinueSrcEqualDesYsizeAndHwTiAndHiTo.sv(31): (vopt-2240) Treating stand-alone use of function 'randomize' as an implicit VOID cast.
# ** Warning: ../../src/hvlTop/dmaTest/addressIncrement/2d/dma2dBlockTransferWithAddrIncr0000XFillSrcEqualDesXsizeYContinueSrcEqualDesYsizeAndHwTiAndHiTo.sv(166): (vopt-2875) Task "dump_config_to_file" is being called in function "build_phase".
# ** Warning: ../../src/hvlTop/dmaTest/addressIncrement/2d/dma2dBlockTransferWithAddrIncr0000XFillSrcEqualDesXsizeYContinueSrcGreaterDesYsizeAndHwTiAndHiTo.sv(31): (vopt-2240) Treating stand-alone use of function 'randomize' as an implicit VOID cast.
# ** Warning: ../../src/hvlTop/dmaTest/addressIncrement/2d/dma2dBlockTransferWithAddrIncr0000XFillSrcEqualDesXsizeYContinueSrcGreaterDesYsizeAndHwTiAndHiTo.sv(166): (vopt-2875) Task "dump_config_to_file" is being called in function "build_phase".
# ** Warning: ../../src/hvlTop/dmaTest/addressIncrement/2d/dma2dBlockTransferWithAddrIncr0000XFillSrcEqualDesXsizeYContinueSrcSmallerDesYsizeAndHwTiAndHiTo.sv(31): (vopt-2240) Treating stand-alone use of function 'randomize' as an implicit VOID cast.
# ** Warning: ../../src/hvlTop/dmaTest/addressIncrement/2d/dma2dBlockTransferWithAddrIncr0000XFillSrcEqualDesXsizeYContinueSrcSmallerDesYsizeAndHwTiAndHiTo.sv(166): (vopt-2875) Task "dump_config_to_file" is being called in function "build_phase".
# ** Warning: ../../src/hvlTop/dmaTest/addressIncrement/2d/dma2dBlockTransferWithAddrIncr0000XFillSrcEqualDesXsizeYFillSrcEqualDesYsizeAndHwTiAndHiTo.sv(31): (vopt-2240) Treating stand-alone use of function 'randomize' as an implicit VOID cast.
# ** Warning: ../../src/hvlTop/dmaTest/addressIncrement/2d/dma2dBlockTransferWithAddrIncr0000XFillSrcEqualDesXsizeYFillSrcEqualDesYsizeAndHwTiAndHiTo.sv(166): (vopt-2875) Task "dump_config_to_file" is being called in function "build_phase".
# ** Warning: ../../src/hvlTop/dmaTest/addressIncrement/2d/dma2dBlockTransferWithAddrIncr0000XFillSrcEqualDesXsizeYFillSrcGreaterDesYsizeAndHwTiAndHiTo.sv(31): (vopt-2240) Treating stand-alone use of function 'randomize' as an implicit VOID cast.
# ** Warning: ../../src/hvlTop/dmaTest/addressIncrement/2d/dma2dBlockTransferWithAddrIncr0000XFillSrcEqualDesXsizeYFillSrcGreaterDesYsizeAndHwTiAndHiTo.sv(166): (vopt-2875) Task "dump_config_to_file" is being called in function "build_phase".
# ** Warning: ../../src/hvlTop/dmaTest/addressIncrement/2d/dma2dBlockTransferWithAddrIncr0000XFillSrcEqualDesXsizeYFillSrcSmallerDesYsizeAndHwTiAndHiTo.sv(31): (vopt-2240) Treating stand-alone use of function 'randomize' as an implicit VOID cast.
# ** Warning: ../../src/hvlTop/dmaTest/addressIncrement/2d/dma2dBlockTransferWithAddrIncr0000XFillSrcEqualDesXsizeYFillSrcSmallerDesYsizeAndHwTiAndHiTo.sv(166): (vopt-2875) Task "dump_config_to_file" is being called in function "build_phase".
# ** Warning: ../../src/hvlTop/dmaTest/addressIncrement/2d/dma2dBlockTransferWithAddrIncr0000XFillSrcEqualDesXsizeYWrapSrcEqualDesYsizeAndHwTiAndHiTo.sv(31): (vopt-2240) Treating stand-alone use of function 'randomize' as an implicit VOID cast.
# ** Warning: ../../src/hvlTop/dmaTest/addressIncrement/2d/dma2dBlockTransferWithAddrIncr0000XFillSrcEqualDesXsizeYWrapSrcEqualDesYsizeAndHwTiAndHiTo.sv(166): (vopt-2875) Task "dump_config_to_file" is being called in function "build_phase".
# ** Warning: ../../src/hvlTop/dmaTest/addressIncrement/2d/dma2dBlockTransferWithAddrIncr0000XFillSrcEqualDesXsizeYWrapSrcGreaterDesYsizeAndHwTiAndHiTo.sv(31): (vopt-2240) Treating stand-alone use of function 'randomize' as an implicit VOID cast.
# ** Warning: ../../src/hvlTop/dmaTest/addressIncrement/2d/dma2dBlockTransferWithAddrIncr0000XFillSrcEqualDesXsizeYWrapSrcGreaterDesYsizeAndHwTiAndHiTo.sv(166): (vopt-2875) Task "dump_config_to_file" is being called in function "build_phase".
# ** Warning: ../../src/hvlTop/dmaTest/addressIncrement/2d/dma2dBlockTransferWithAddrIncr0000XFillSrcEqualDesXsizeYWrapSrcSmallerDesYsizeAndHwTiAndHiTo.sv(31): (vopt-2240) Treating stand-alone use of function 'randomize' as an implicit VOID cast.
# ** Warning: ../../src/hvlTop/dmaTest/addressIncrement/2d/dma2dBlockTransferWithAddrIncr0000XFillSrcEqualDesXsizeYWrapSrcSmallerDesYsizeAndHwTiAndHiTo.sv(166): (vopt-2875) Task "dump_config_to_file" is being called in function "build_phase".
# ** Warning: ../../src/hvlTop/dmaTest/addressIncrement/2d/dma2dBlockTransferWithAddrIncr0000XFillSrcGreaterDesXsizeYContinueSrcEqualDesYsizeAndHwTiAndHiTo.sv(31): (vopt-2240) Treating stand-alone use of function 'randomize' as an implicit VOID cast.
# ** Warning: ../../src/hvlTop/dmaTest/addressIncrement/2d/dma2dBlockTransferWithAddrIncr0000XFillSrcGreaterDesXsizeYContinueSrcEqualDesYsizeAndHwTiAndHiTo.sv(166): (vopt-2875) Task "dump_config_to_file" is being called in function "build_phase".
# ** Warning: ../../src/hvlTop/dmaTest/addressIncrement/2d/dma2dBlockTransferWithAddrIncr0000XFillSrcGreaterDesXsizeYContinueSrcGreaterDesYsizeAndHwTiAndHiTo.sv(31): (vopt-2240) Treating stand-alone use of function 'randomize' as an implicit VOID cast.
# ** Warning: ../../src/hvlTop/dmaTest/addressIncrement/2d/dma2dBlockTransferWithAddrIncr0000XFillSrcGreaterDesXsizeYContinueSrcGreaterDesYsizeAndHwTiAndHiTo.sv(166): (vopt-2875) Task "dump_config_to_file" is being called in function "build_phase".
# ** Warning: ../../src/hvlTop/dmaTest/addressIncrement/2d/dma2dBlockTransferWithAddrIncr0000XFillSrcGreaterDesXsizeYContinueSrcSmallerDesYsizeAndHwTiAndHiTo.sv(31): (vopt-2240) Treating stand-alone use of function 'randomize' as an implicit VOID cast.
# ** Warning: ../../src/hvlTop/dmaTest/addressIncrement/2d/dma2dBlockTransferWithAddrIncr0000XFillSrcGreaterDesXsizeYContinueSrcSmallerDesYsizeAndHwTiAndHiTo.sv(166): (vopt-2875) Task "dump_config_to_file" is being called in function "build_phase".
# ** Warning: ../../src/hvlTop/dmaTest/addressIncrement/2d/dma2dBlockTransferWithAddrIncr0000XFillSrcGreaterDesXsizeYFillSrcEqualDesYsizeAndHwTiAndHiTo.sv(31): (vopt-2240) Treating stand-alone use of function 'randomize' as an implicit VOID cast.
# ** Warning: ../../src/hvlTop/dmaTest/addressIncrement/2d/dma2dBlockTransferWithAddrIncr0000XFillSrcGreaterDesXsizeYFillSrcEqualDesYsizeAndHwTiAndHiTo.sv(166): (vopt-2875) Task "dump_config_to_file" is being called in function "build_phase".
# ** Warning: ../../src/hvlTop/dmaTest/addressIncrement/2d/dma2dBlockTransferWithAddrIncr0000XFillSrcGreaterDesXsizeYFillSrcGreaterDesYsizeAndHwTiAndHiTo.sv(31): (vopt-2240) Treating stand-alone use of function 'randomize' as an implicit VOID cast.
# ** Warning: ../../src/hvlTop/dmaTest/addressIncrement/2d/dma2dBlockTransferWithAddrIncr0000XFillSrcGreaterDesXsizeYFillSrcGreaterDesYsizeAndHwTiAndHiTo.sv(166): (vopt-2875) Task "dump_config_to_file" is being called in function "build_phase".
# ** Warning: ../../src/hvlTop/dmaTest/addressIncrement/2d/dma2dBlockTransferWithAddrIncr0000XFillSrcGreaterDesXsizeYFillSrcSmallerDesYsizeAndHwTiAndHiTo.sv(31): (vopt-2240) Treating stand-alone use of function 'randomize' as an implicit VOID cast.
# ** Warning: ../../src/hvlTop/dmaTest/addressIncrement/2d/dma2dBlockTransferWithAddrIncr0000XFillSrcGreaterDesXsizeYFillSrcSmallerDesYsizeAndHwTiAndHiTo.sv(166): (vopt-2875) Task "dump_config_to_file" is being called in function "build_phase".
# ** Warning: ../../src/hvlTop/dmaTest/addressIncrement/2d/dma2dBlockTransferWithAddrIncr0000XFillSrcGreaterDesXsizeYWrapSrcEqualDesYsizeAndHwTiAndHiTo.sv(31): (vopt-2240) Treating stand-alone use of function 'randomize' as an implicit VOID cast.
# ** Warning: ../../src/hvlTop/dmaTest/addressIncrement/2d/dma2dBlockTransferWithAddrIncr0000XFillSrcGreaterDesXsizeYWrapSrcEqualDesYsizeAndHwTiAndHiTo.sv(166): (vopt-2875) Task "dump_config_to_file" is being called in function "build_phase".
# ** Warning: ../../src/hvlTop/dmaTest/addressIncrement/2d/dma2dBlockTransferWithAddrIncr0000XFillSrcGreaterDesXsizeYWrapSrcGreaterDesYsizeAndHwTiAndHiTo.sv(31): (vopt-2240) Treating stand-alone use of function 'randomize' as an implicit VOID cast.
# ** Warning: ../../src/hvlTop/dmaTest/addressIncrement/2d/dma2dBlockTransferWithAddrIncr0000XFillSrcGreaterDesXsizeYWrapSrcGreaterDesYsizeAndHwTiAndHiTo.sv(166): (vopt-2875) Task "dump_config_to_file" is being called in function "build_phase".
# ** Warning: ../../src/hvlTop/dmaTest/addressIncrement/2d/dma2dBlockTransferWithAddrIncr0000XFillSrcGreaterDesXsizeYWrapSrcSmallerDesYsizeAndHwTiAndHiTo.sv(31): (vopt-2240) Treating stand-alone use of function 'randomize' as an implicit VOID cast.
# ** Warning: ../../src/hvlTop/dmaTest/addressIncrement/2d/dma2dBlockTransferWithAddrIncr0000XFillSrcGreaterDesXsizeYWrapSrcSmallerDesYsizeAndHwTiAndHiTo.sv(166): (vopt-2875) Task "dump_config_to_file" is being called in function "build_phase".
# ** Warning: ../../src/hvlTop/dmaTest/addressIncrement/2d/dma2dBlockTransferWithAddrIncr0000XFillSrcSmallerDesXsizeYContinueSrcEqualDesYsizeAndHwTiAndHiTo.sv(31): (vopt-2240) Treating stand-alone use of function 'randomize' as an implicit VOID cast.
# ** Warning: ../../src/hvlTop/dmaTest/addressIncrement/2d/dma2dBlockTransferWithAddrIncr0000XFillSrcSmallerDesXsizeYContinueSrcEqualDesYsizeAndHwTiAndHiTo.sv(166): (vopt-2875) Task "dump_config_to_file" is being called in function "build_phase".
# ** Warning: ../../src/hvlTop/dmaTest/addressIncrement/2d/dma2dBlockTransferWithAddrIncr0000XFillSrcSmallerDesXsizeYContinueSrcGreaterDesYsizeAndHwTiAndHiTo.sv(31): (vopt-2240) Treating stand-alone use of function 'randomize' as an implicit VOID cast.
# ** Warning: ../../src/hvlTop/dmaTest/addressIncrement/2d/dma2dBlockTransferWithAddrIncr0000XFillSrcSmallerDesXsizeYContinueSrcGreaterDesYsizeAndHwTiAndHiTo.sv(166): (vopt-2875) Task "dump_config_to_file" is being called in function "build_phase".
# ** Warning: ../../src/hvlTop/dmaTest/addressIncrement/2d/dma2dBlockTransferWithAddrIncr0000XFillSrcSmallerDesXsizeYContinueSrcSmallerDesYsizeAndHwTiAndHiTo.sv(31): (vopt-2240) Treating stand-alone use of function 'randomize' as an implicit VOID cast.
# ** Warning: ../../src/hvlTop/dmaTest/addressIncrement/2d/dma2dBlockTransferWithAddrIncr0000XFillSrcSmallerDesXsizeYContinueSrcSmallerDesYsizeAndHwTiAndHiTo.sv(166): (vopt-2875) Task "dump_config_to_file" is being called in function "build_phase".
# ** Warning: ../../src/hvlTop/dmaTest/addressIncrement/2d/dma2dBlockTransferWithAddrIncr0000XFillSrcSmallerDesXsizeYFillSrcEqualDesYsizeAndHwTiAndHiTo.sv(31): (vopt-2240) Treating stand-alone use of function 'randomize' as an implicit VOID cast.
# ** Warning: ../../src/hvlTop/dmaTest/addressIncrement/2d/dma2dBlockTransferWithAddrIncr0000XFillSrcSmallerDesXsizeYFillSrcEqualDesYsizeAndHwTiAndHiTo.sv(166): (vopt-2875) Task "dump_config_to_file" is being called in function "build_phase".
# ** Warning: ../../src/hvlTop/dmaTest/addressIncrement/2d/dma2dBlockTransferWithAddrIncr0000XFillSrcSmallerDesXsizeYFillSrcGreaterDesYsizeAndHwTiAndHiTo.sv(31): (vopt-2240) Treating stand-alone use of function 'randomize' as an implicit VOID cast.
# ** Warning: ../../src/hvlTop/dmaTest/addressIncrement/2d/dma2dBlockTransferWithAddrIncr0000XFillSrcSmallerDesXsizeYFillSrcGreaterDesYsizeAndHwTiAndHiTo.sv(166): (vopt-2875) Task "dump_config_to_file" is being called in function "build_phase".
# ** Warning: ../../src/hvlTop/dmaTest/addressIncrement/2d/dma2dBlockTransferWithAddrIncr0000XFillSrcSmallerDesXsizeYFillSrcSmallerDesYsizeAndHwTiAndHiTo.sv(31): (vopt-2240) Treating stand-alone use of function 'randomize' as an implicit VOID cast.
# ** Warning: ../../src/hvlTop/dmaTest/addressIncrement/2d/dma2dBlockTransferWithAddrIncr0000XFillSrcSmallerDesXsizeYFillSrcSmallerDesYsizeAndHwTiAndHiTo.sv(166): (vopt-2875) Task "dump_config_to_file" is being called in function "build_phase".
# ** Warning: ../../src/hvlTop/dmaTest/addressIncrement/2d/dma2dBlockTransferWithAddrIncr0000XFillSrcSmallerDesXsizeYWrapSrcEqualDesYsizeAndHwTiAndHiTo.sv(31): (vopt-2240) Treating stand-alone use of function 'randomize' as an implicit VOID cast.
# ** Warning: ../../src/hvlTop/dmaTest/addressIncrement/2d/dma2dBlockTransferWithAddrIncr0000XFillSrcSmallerDesXsizeYWrapSrcEqualDesYsizeAndHwTiAndHiTo.sv(166): (vopt-2875) Task "dump_config_to_file" is being called in function "build_phase".
# ** Warning: ../../src/hvlTop/dmaTest/addressIncrement/2d/dma2dBlockTransferWithAddrIncr0000XFillSrcSmallerDesXsizeYWrapSrcGreaterDesYsizeAndHwTiAndHiTo.sv(31): (vopt-2240) Treating stand-alone use of function 'randomize' as an implicit VOID cast.
# ** Warning: ../../src/hvlTop/dmaTest/addressIncrement/2d/dma2dBlockTransferWithAddrIncr0000XFillSrcSmallerDesXsizeYWrapSrcGreaterDesYsizeAndHwTiAndHiTo.sv(166): (vopt-2875) Task "dump_config_to_file" is being called in function "build_phase".
# ** Warning: ../../src/hvlTop/dmaTest/addressIncrement/2d/dma2dBlockTransferWithAddrIncr0000XFillSrcSmallerDesXsizeYWrapSrcSmallerDesYsizeAndHwTiAndHiTo.sv(31): (vopt-2240) Treating stand-alone use of function 'randomize' as an implicit VOID cast.
# ** Warning: ../../src/hvlTop/dmaTest/addressIncrement/2d/dma2dBlockTransferWithAddrIncr0000XFillSrcSmallerDesXsizeYWrapSrcSmallerDesYsizeAndHwTiAndHiTo.sv(166): (vopt-2875) Task "dump_config_to_file" is being called in function "build_phase".
# ** Warning: ../../src/hvlTop/dmaTest/addressIncrement/2d/dma2dBlockTransferWithAddrIncr0000XWrapSrcEqualDesXsizeYContinueSrcEqualDesYsizeAndHwTiAndHiTo.sv(31): (vopt-2240) Treating stand-alone use of function 'randomize' as an implicit VOID cast.
# ** Warning: ../../src/hvlTop/dmaTest/addressIncrement/2d/dma2dBlockTransferWithAddrIncr0000XWrapSrcEqualDesXsizeYContinueSrcEqualDesYsizeAndHwTiAndHiTo.sv(166): (vopt-2875) Task "dump_config_to_file" is being called in function "build_phase".
# ** Warning: ../../src/hvlTop/dmaTest/addressIncrement/2d/dma2dBlockTransferWithAddrIncr0000XWrapSrcEqualDesXsizeYContinueSrcGreaterDesYsizeAndHwTiAndHiTo.sv(31): (vopt-2240) Treating stand-alone use of function 'randomize' as an implicit VOID cast.
# ** Warning: ../../src/hvlTop/dmaTest/addressIncrement/2d/dma2dBlockTransferWithAddrIncr0000XWrapSrcEqualDesXsizeYContinueSrcGreaterDesYsizeAndHwTiAndHiTo.sv(166): (vopt-2875) Task "dump_config_to_file" is being called in function "build_phase".
# ** Warning: ../../src/hvlTop/dmaTest/addressIncrement/2d/dma2dBlockTransferWithAddrIncr0000XWrapSrcEqualDesXsizeYContinueSrcSmallerDesYsizeAndHwTiAndHiTo.sv(31): (vopt-2240) Treating stand-alone use of function 'randomize' as an implicit VOID cast.
# ** Warning: ../../src/hvlTop/dmaTest/addressIncrement/2d/dma2dBlockTransferWithAddrIncr0000XWrapSrcEqualDesXsizeYContinueSrcSmallerDesYsizeAndHwTiAndHiTo.sv(166): (vopt-2875) Task "dump_config_to_file" is being called in function "build_phase".
# ** Warning: ../../src/hvlTop/dmaTest/addressIncrement/2d/dma2dBlockTransferWithAddrIncr0000XWrapSrcEqualDesXsizeYFillSrcEqualDesYsizeAndHwTiAndHiTo.sv(31): (vopt-2240) Treating stand-alone use of function 'randomize' as an implicit VOID cast.
# ** Warning: ../../src/hvlTop/dmaTest/addressIncrement/2d/dma2dBlockTransferWithAddrIncr0000XWrapSrcEqualDesXsizeYFillSrcEqualDesYsizeAndHwTiAndHiTo.sv(166): (vopt-2875) Task "dump_config_to_file" is being called in function "build_phase".
# ** Warning: ../../src/hvlTop/dmaTest/addressIncrement/2d/dma2dBlockTransferWithAddrIncr0000XWrapSrcEqualDesXsizeYFillSrcGreaterDesYsizeAndHwTiAndHiTo.sv(31): (vopt-2240) Treating stand-alone use of function 'randomize' as an implicit VOID cast.
# ** Warning: ../../src/hvlTop/dmaTest/addressIncrement/2d/dma2dBlockTransferWithAddrIncr0000XWrapSrcEqualDesXsizeYFillSrcGreaterDesYsizeAndHwTiAndHiTo.sv(166): (vopt-2875) Task "dump_config_to_file" is being called in function "build_phase".
# ** Warning: ../../src/hvlTop/dmaTest/addressIncrement/2d/dma2dBlockTransferWithAddrIncr0000XWrapSrcEqualDesXsizeYFillSrcSmallerDesYsizeAndHwTiAndHiTo.sv(31): (vopt-2240) Treating stand-alone use of function 'randomize' as an implicit VOID cast.
# ** Warning: ../../src/hvlTop/dmaTest/addressIncrement/2d/dma2dBlockTransferWithAddrIncr0000XWrapSrcEqualDesXsizeYFillSrcSmallerDesYsizeAndHwTiAndHiTo.sv(166): (vopt-2875) Task "dump_config_to_file" is being called in function "build_phase".
# ** Warning: ../../src/hvlTop/dmaTest/addressIncrement/2d/dma2dBlockTransferWithAddrIncr0000XWrapSrcEqualDesXsizeYWrapSrcEqualDesYsizeAndHwTiAndHiTo.sv(31): (vopt-2240) Treating stand-alone use of function 'randomize' as an implicit VOID cast.
# ** Warning: ../../src/hvlTop/dmaTest/addressIncrement/2d/dma2dBlockTransferWithAddrIncr0000XWrapSrcEqualDesXsizeYWrapSrcEqualDesYsizeAndHwTiAndHiTo.sv(166): (vopt-2875) Task "dump_config_to_file" is being called in function "build_phase".
# ** Warning: ../../src/hvlTop/dmaTest/addressIncrement/2d/dma2dBlockTransferWithAddrIncr0000XWrapSrcEqualDesXsizeYWrapSrcGreaterDesYsizeAndHwTiAndHiTo.sv(31): (vopt-2240) Treating stand-alone use of function 'randomize' as an implicit VOID cast.
# ** Warning: ../../src/hvlTop/dmaTest/addressIncrement/2d/dma2dBlockTransferWithAddrIncr0000XWrapSrcEqualDesXsizeYWrapSrcGreaterDesYsizeAndHwTiAndHiTo.sv(166): (vopt-2875) Task "dump_config_to_file" is being called in function "build_phase".
# ** Warning: ../../src/hvlTop/dmaTest/addressIncrement/2d/dma2dBlockTransferWithAddrIncr0000XWrapSrcEqualDesXsizeYWrapSrcSmallerDesYsizeAndHwTiAndHiTo.sv(31): (vopt-2240) Treating stand-alone use of function 'randomize' as an implicit VOID cast.
# ** Warning: ../../src/hvlTop/dmaTest/addressIncrement/2d/dma2dBlockTransferWithAddrIncr0000XWrapSrcEqualDesXsizeYWrapSrcSmallerDesYsizeAndHwTiAndHiTo.sv(166): (vopt-2875) Task "dump_config_to_file" is being called in function "build_phase".
# ** Warning: ../../src/hvlTop/dmaTest/addressIncrement/2d/dma2dBlockTransferWithAddrIncr0000XWrapSrcGreaterDesXsizeYContinueSrcEqualDesYsizeAndHwTiAndHiTo.sv(31): (vopt-2240) Treating stand-alone use of function 'randomize' as an implicit VOID cast.
# ** Warning: ../../src/hvlTop/dmaTest/addressIncrement/2d/dma2dBlockTransferWithAddrIncr0000XWrapSrcGreaterDesXsizeYContinueSrcEqualDesYsizeAndHwTiAndHiTo.sv(166): (vopt-2875) Task "dump_config_to_file" is being called in function "build_phase".
# ** Warning: ../../src/hvlTop/dmaTest/addressIncrement/2d/dma2dBlockTransferWithAddrIncr0000XWrapSrcGreaterDesXsizeYContinueSrcGreaterDesYsizeAndHwTiAndHiTo.sv(31): (vopt-2240) Treating stand-alone use of function 'randomize' as an implicit VOID cast.
# ** Warning: ../../src/hvlTop/dmaTest/addressIncrement/2d/dma2dBlockTransferWithAddrIncr0000XWrapSrcGreaterDesXsizeYContinueSrcGreaterDesYsizeAndHwTiAndHiTo.sv(166): (vopt-2875) Task "dump_config_to_file" is being called in function "build_phase".
# ** Warning: ../../src/hvlTop/dmaTest/addressIncrement/2d/dma2dBlockTransferWithAddrIncr0000XWrapSrcGreaterDesXsizeYContinueSrcSmallerDesYsizeAndHwTiAndHiTo.sv(31): (vopt-2240) Treating stand-alone use of function 'randomize' as an implicit VOID cast.
# ** Warning: ../../src/hvlTop/dmaTest/addressIncrement/2d/dma2dBlockTransferWithAddrIncr0000XWrapSrcGreaterDesXsizeYContinueSrcSmallerDesYsizeAndHwTiAndHiTo.sv(166): (vopt-2875) Task "dump_config_to_file" is being called in function "build_phase".
# ** Warning: ../../src/hvlTop/dmaTest/addressIncrement/2d/dma2dBlockTransferWithAddrIncr0000XWrapSrcGreaterDesXsizeYFillSrcEqualDesYsizeAndHwTiAndHiTo.sv(31): (vopt-2240) Treating stand-alone use of function 'randomize' as an implicit VOID cast.
# ** Warning: ../../src/hvlTop/dmaTest/addressIncrement/2d/dma2dBlockTransferWithAddrIncr0000XWrapSrcGreaterDesXsizeYFillSrcEqualDesYsizeAndHwTiAndHiTo.sv(166): (vopt-2875) Task "dump_config_to_file" is being called in function "build_phase".
# ** Warning: ../../src/hvlTop/dmaTest/addressIncrement/2d/dma2dBlockTransferWithAddrIncr0000XWrapSrcGreaterDesXsizeYFillSrcGreaterDesYsizeAndHwTiAndHiTo.sv(31): (vopt-2240) Treating stand-alone use of function 'randomize' as an implicit VOID cast.
# ** Warning: ../../src/hvlTop/dmaTest/addressIncrement/2d/dma2dBlockTransferWithAddrIncr0000XWrapSrcGreaterDesXsizeYFillSrcGreaterDesYsizeAndHwTiAndHiTo.sv(166): (vopt-2875) Task "dump_config_to_file" is being called in function "build_phase".
# ** Warning: ../../src/hvlTop/dmaTest/addressIncrement/2d/dma2dBlockTransferWithAddrIncr0000XWrapSrcGreaterDesXsizeYFillSrcSmallerDesYsizeAndHwTiAndHiTo.sv(31): (vopt-2240) Treating stand-alone use of function 'randomize' as an implicit VOID cast.
# ** Warning: ../../src/hvlTop/dmaTest/addressIncrement/2d/dma2dBlockTransferWithAddrIncr0000XWrapSrcGreaterDesXsizeYFillSrcSmallerDesYsizeAndHwTiAndHiTo.sv(166): (vopt-2875) Task "dump_config_to_file" is being called in function "build_phase".
# ** Warning: ../../src/hvlTop/dmaTest/addressIncrement/2d/dma2dBlockTransferWithAddrIncr0000XWrapSrcGreaterDesXsizeYWrapSrcEqualDesYsizeAndHwTiAndHiTo.sv(31): (vopt-2240) Treating stand-alone use of function 'randomize' as an implicit VOID cast.
# ** Warning: ../../src/hvlTop/dmaTest/addressIncrement/2d/dma2dBlockTransferWithAddrIncr0000XWrapSrcGreaterDesXsizeYWrapSrcEqualDesYsizeAndHwTiAndHiTo.sv(166): (vopt-2875) Task "dump_config_to_file" is being called in function "build_phase".
# ** Warning: ../../src/hvlTop/dmaTest/addressIncrement/2d/dma2dBlockTransferWithAddrIncr0000XWrapSrcGreaterDesXsizeYWrapSrcGreaterDesYsizeAndHwTiAndHiTo.sv(31): (vopt-2240) Treating stand-alone use of function 'randomize' as an implicit VOID cast.
# ** Warning: ../../src/hvlTop/dmaTest/addressIncrement/2d/dma2dBlockTransferWithAddrIncr0000XWrapSrcGreaterDesXsizeYWrapSrcGreaterDesYsizeAndHwTiAndHiTo.sv(166): (vopt-2875) Task "dump_config_to_file" is being called in function "build_phase".
# ** Warning: ../../src/hvlTop/dmaTest/addressIncrement/2d/dma2dBlockTransferWithAddrIncr0000XWrapSrcGreaterDesXsizeYWrapSrcSmallerDesYsizeAndHwTiAndHiTo.sv(31): (vopt-2240) Treating stand-alone use of function 'randomize' as an implicit VOID cast.
# ** Warning: ../../src/hvlTop/dmaTest/addressIncrement/2d/dma2dBlockTransferWithAddrIncr0000XWrapSrcGreaterDesXsizeYWrapSrcSmallerDesYsizeAndHwTiAndHiTo.sv(166): (vopt-2875) Task "dump_config_to_file" is being called in function "build_phase".
# ** Warning: ../../src/hvlTop/dmaTest/addressIncrement/2d/dma2dBlockTransferWithAddrIncr0000XWrapSrcSmallerDesXsizeYContinueSrcEqualDesYsizeAndHwTiAndHiTo.sv(31): (vopt-2240) Treating stand-alone use of function 'randomize' as an implicit VOID cast.
# ** Warning: ../../src/hvlTop/dmaTest/addressIncrement/2d/dma2dBlockTransferWithAddrIncr0000XWrapSrcSmallerDesXsizeYContinueSrcEqualDesYsizeAndHwTiAndHiTo.sv(166): (vopt-2875) Task "dump_config_to_file" is being called in function "build_phase".
# ** Warning: ../../src/hvlTop/dmaTest/addressIncrement/2d/dma2dBlockTransferWithAddrIncr0000XWrapSrcSmallerDesXsizeYContinueSrcGreaterDesYsizeAndHwTiAndHiTo.sv(31): (vopt-2240) Treating stand-alone use of function 'randomize' as an implicit VOID cast.
# ** Warning: ../../src/hvlTop/dmaTest/addressIncrement/2d/dma2dBlockTransferWithAddrIncr0000XWrapSrcSmallerDesXsizeYContinueSrcGreaterDesYsizeAndHwTiAndHiTo.sv(166): (vopt-2875) Task "dump_config_to_file" is being called in function "build_phase".
# ** Warning: ../../src/hvlTop/dmaTest/addressIncrement/2d/dma2dBlockTransferWithAddrIncr0000XWrapSrcSmallerDesXsizeYContinueSrcSmallerDesYsizeAndHwTiAndHiTo.sv(31): (vopt-2240) Treating stand-alone use of function 'randomize' as an implicit VOID cast.
# ** Warning: ../../src/hvlTop/dmaTest/addressIncrement/2d/dma2dBlockTransferWithAddrIncr0000XWrapSrcSmallerDesXsizeYContinueSrcSmallerDesYsizeAndHwTiAndHiTo.sv(166): (vopt-2875) Task "dump_config_to_file" is being called in function "build_phase".
# ** Warning: ../../src/hvlTop/dmaTest/addressIncrement/2d/dma2dBlockTransferWithAddrIncr0000XWrapSrcSmallerDesXsizeYFillSrcEqualDesYsizeAndHwTiAndHiTo.sv(31): (vopt-2240) Treating stand-alone use of function 'randomize' as an implicit VOID cast.
# ** Warning: ../../src/hvlTop/dmaTest/addressIncrement/2d/dma2dBlockTransferWithAddrIncr0000XWrapSrcSmallerDesXsizeYFillSrcEqualDesYsizeAndHwTiAndHiTo.sv(166): (vopt-2875) Task "dump_config_to_file" is being called in function "build_phase".
# ** Warning: ../../src/hvlTop/dmaTest/addressIncrement/2d/dma2dBlockTransferWithAddrIncr0000XWrapSrcSmallerDesXsizeYFillSrcGreaterDesYsizeAndHwTiAndHiTo.sv(31): (vopt-2240) Treating stand-alone use of function 'randomize' as an implicit VOID cast.
# ** Warning: ../../src/hvlTop/dmaTest/addressIncrement/2d/dma2dBlockTransferWithAddrIncr0000XWrapSrcSmallerDesXsizeYFillSrcGreaterDesYsizeAndHwTiAndHiTo.sv(166): (vopt-2875) Task "dump_config_to_file" is being called in function "build_phase".
# ** Warning: ../../src/hvlTop/dmaTest/addressIncrement/2d/dma2dBlockTransferWithAddrIncr0000XWrapSrcSmallerDesXsizeYFillSrcSmallerDesYsizeAndHwTiAndHiTo.sv(31): (vopt-2240) Treating stand-alone use of function 'randomize' as an implicit VOID cast.
# ** Warning: ../../src/hvlTop/dmaTest/addressIncrement/2d/dma2dBlockTransferWithAddrIncr0000XWrapSrcSmallerDesXsizeYFillSrcSmallerDesYsizeAndHwTiAndHiTo.sv(166): (vopt-2875) Task "dump_config_to_file" is being called in function "build_phase".
# ** Warning: ../../src/hvlTop/dmaTest/addressIncrement/2d/dma2dBlockTransferWithAddrIncr0000XWrapSrcSmallerDesXsizeYWrapSrcEqualDesYsizeAndHwTiAndHiTo.sv(31): (vopt-2240) Treating stand-alone use of function 'randomize' as an implicit VOID cast.
# ** Warning: ../../src/hvlTop/dmaTest/addressIncrement/2d/dma2dBlockTransferWithAddrIncr0000XWrapSrcSmallerDesXsizeYWrapSrcEqualDesYsizeAndHwTiAndHiTo.sv(166): (vopt-2875) Task "dump_config_to_file" is being called in function "build_phase".
# ** Warning: ../../src/hvlTop/dmaTest/addressIncrement/2d/dma2dBlockTransferWithAddrIncr0000XWrapSrcSmallerDesXsizeYWrapSrcGreaterDesYsizeAndHwTiAndHiTo.sv(31): (vopt-2240) Treating stand-alone use of function 'randomize' as an implicit VOID cast.
# ** Warning: ../../src/hvlTop/dmaTest/addressIncrement/2d/dma2dBlockTransferWithAddrIncr0000XWrapSrcSmallerDesXsizeYWrapSrcGreaterDesYsizeAndHwTiAndHiTo.sv(166): (vopt-2875) Task "dump_config_to_file" is being called in function "build_phase".
# ** Warning: ../../src/hvlTop/dmaTest/addressIncrement/2d/dma2dBlockTransferWithAddrIncr0000XWrapSrcSmallerDesXsizeYWrapSrcSmallerDesYsizeAndHwTiAndHiTo.sv(31): (vopt-2240) Treating stand-alone use of function 'randomize' as an implicit VOID cast.
# ** Warning: ../../src/hvlTop/dmaTest/addressIncrement/2d/dma2dBlockTransferWithAddrIncr0000XWrapSrcSmallerDesXsizeYWrapSrcSmallerDesYsizeAndHwTiAndHiTo.sv(166): (vopt-2875) Task "dump_config_to_file" is being called in function "build_phase".
# ** Warning: ../../src/hvlTop/dmaTest/addressIncrement/2d/dma2dBlockTransferWithAddrIncr8000XContinueSrcEqualDesXsizeYContinueSrcEqualDesYsizeAndHwTiAndHiTo.sv(31): (vopt-2240) Treating stand-alone use of function 'randomize' as an implicit VOID cast.
# ** Warning: ../../src/hvlTop/dmaTest/addressIncrement/2d/dma2dBlockTransferWithAddrIncr8000XContinueSrcEqualDesXsizeYContinueSrcEqualDesYsizeAndHwTiAndHiTo.sv(166): (vopt-2875) Task "dump_config_to_file" is being called in function "build_phase".
# ** Warning: ../../src/hvlTop/dmaTest/addressIncrement/2d/dma2dBlockTransferWithAddrIncr8000XContinueSrcEqualDesXsizeYContinueSrcGreaterDesYsizeAndHwTiAndHiTo.sv(31): (vopt-2240) Treating stand-alone use of function 'randomize' as an implicit VOID cast.
# ** Warning: ../../src/hvlTop/dmaTest/addressIncrement/2d/dma2dBlockTransferWithAddrIncr8000XContinueSrcEqualDesXsizeYContinueSrcGreaterDesYsizeAndHwTiAndHiTo.sv(166): (vopt-2875) Task "dump_config_to_file" is being called in function "build_phase".
# ** Warning: ../../src/hvlTop/dmaTest/addressIncrement/2d/dma2dBlockTransferWithAddrIncr8000XContinueSrcEqualDesXsizeYContinueSrcSmallerDesYsizeAndHwTiAndHiTo.sv(31): (vopt-2240) Treating stand-alone use of function 'randomize' as an implicit VOID cast.
# ** Warning: ../../src/hvlTop/dmaTest/addressIncrement/2d/dma2dBlockTransferWithAddrIncr8000XContinueSrcEqualDesXsizeYContinueSrcSmallerDesYsizeAndHwTiAndHiTo.sv(166): (vopt-2875) Task "dump_config_to_file" is being called in function "build_phase".
# ** Warning: ../../src/hvlTop/dmaTest/addressIncrement/2d/dma2dBlockTransferWithAddrIncr8000XContinueSrcEqualDesXsizeYFillSrcEqualDesYsizeAndHwTiAndHiTo.sv(31): (vopt-2240) Treating stand-alone use of function 'randomize' as an implicit VOID cast.
# ** Warning: ../../src/hvlTop/dmaTest/addressIncrement/2d/dma2dBlockTransferWithAddrIncr8000XContinueSrcEqualDesXsizeYFillSrcEqualDesYsizeAndHwTiAndHiTo.sv(166): (vopt-2875) Task "dump_config_to_file" is being called in function "build_phase".
# ** Warning: ../../src/hvlTop/dmaTest/addressIncrement/2d/dma2dBlockTransferWithAddrIncr8000XContinueSrcEqualDesXsizeYFillSrcGreaterDesYsizeAndHwTiAndHiTo.sv(31): (vopt-2240) Treating stand-alone use of function 'randomize' as an implicit VOID cast.
# ** Warning: ../../src/hvlTop/dmaTest/addressIncrement/2d/dma2dBlockTransferWithAddrIncr8000XContinueSrcEqualDesXsizeYFillSrcGreaterDesYsizeAndHwTiAndHiTo.sv(166): (vopt-2875) Task "dump_config_to_file" is being called in function "build_phase".
# ** Warning: ../../src/hvlTop/dmaTest/addressIncrement/2d/dma2dBlockTransferWithAddrIncr8000XContinueSrcEqualDesXsizeYFillSrcSmallerDesYsizeAndHwTiAndHiTo.sv(31): (vopt-2240) Treating stand-alone use of function 'randomize' as an implicit VOID cast.
# ** Warning: ../../src/hvlTop/dmaTest/addressIncrement/2d/dma2dBlockTransferWithAddrIncr8000XContinueSrcEqualDesXsizeYFillSrcSmallerDesYsizeAndHwTiAndHiTo.sv(166): (vopt-2875) Task "dump_config_to_file" is being called in function "build_phase".
# ** Warning: ../../src/hvlTop/dmaTest/addressIncrement/2d/dma2dBlockTransferWithAddrIncr8000XContinueSrcEqualDesXsizeYWrapSrcEqualDesYsizeAndHwTiAndHiTo.sv(31): (vopt-2240) Treating stand-alone use of function 'randomize' as an implicit VOID cast.
# ** Warning: ../../src/hvlTop/dmaTest/addressIncrement/2d/dma2dBlockTransferWithAddrIncr8000XContinueSrcEqualDesXsizeYWrapSrcEqualDesYsizeAndHwTiAndHiTo.sv(166): (vopt-2875) Task "dump_config_to_file" is being called in function "build_phase".
# ** Warning: ../../src/hvlTop/dmaTest/addressIncrement/2d/dma2dBlockTransferWithAddrIncr8000XContinueSrcEqualDesXsizeYWrapSrcGreaterDesYsizeAndHwTiAndHiTo.sv(31): (vopt-2240) Treating stand-alone use of function 'randomize' as an implicit VOID cast.
# ** Warning: ../../src/hvlTop/dmaTest/addressIncrement/2d/dma2dBlockTransferWithAddrIncr8000XContinueSrcEqualDesXsizeYWrapSrcGreaterDesYsizeAndHwTiAndHiTo.sv(166): (vopt-2875) Task "dump_config_to_file" is being called in function "build_phase".
# ** Warning: ../../src/hvlTop/dmaTest/addressIncrement/2d/dma2dBlockTransferWithAddrIncr8000XContinueSrcEqualDesXsizeYWrapSrcSmallerDesYsizeAndHwTiAndHiTo.sv(31): (vopt-2240) Treating stand-alone use of function 'randomize' as an implicit VOID cast.
# ** Warning: ../../src/hvlTop/dmaTest/addressIncrement/2d/dma2dBlockTransferWithAddrIncr8000XContinueSrcEqualDesXsizeYWrapSrcSmallerDesYsizeAndHwTiAndHiTo.sv(166): (vopt-2875) Task "dump_config_to_file" is being called in function "build_phase".
# ** Warning: ../../src/hvlTop/dmaTest/addressIncrement/2d/dma2dBlockTransferWithAddrIncr8000XContinueSrcGreaterDesXsizeYContinueSrcEqualDesYsizeAndHwTiAndHiTo.sv(31): (vopt-2240) Treating stand-alone use of function 'randomize' as an implicit VOID cast.
# ** Warning: ../../src/hvlTop/dmaTest/addressIncrement/2d/dma2dBlockTransferWithAddrIncr8000XContinueSrcGreaterDesXsizeYContinueSrcEqualDesYsizeAndHwTiAndHiTo.sv(166): (vopt-2875) Task "dump_config_to_file" is being called in function "build_phase".
# ** Warning: ../../src/hvlTop/dmaTest/addressIncrement/2d/dma2dBlockTransferWithAddrIncr8000XContinueSrcGreaterDesXsizeYContinueSrcGreaterDesYsizeAndHwTiAndHiTo.sv(31): (vopt-2240) Treating stand-alone use of function 'randomize' as an implicit VOID cast.
# ** Warning: ../../src/hvlTop/dmaTest/addressIncrement/2d/dma2dBlockTransferWithAddrIncr8000XContinueSrcGreaterDesXsizeYContinueSrcGreaterDesYsizeAndHwTiAndHiTo.sv(166): (vopt-2875) Task "dump_config_to_file" is being called in function "build_phase".
# ** Warning: ../../src/hvlTop/dmaTest/addressIncrement/2d/dma2dBlockTransferWithAddrIncr8000XContinueSrcGreaterDesXsizeYContinueSrcSmallerDesYsizeAndHwTiAndHiTo.sv(31): (vopt-2240) Treating stand-alone use of function 'randomize' as an implicit VOID cast.
# ** Warning: ../../src/hvlTop/dmaTest/addressIncrement/2d/dma2dBlockTransferWithAddrIncr8000XContinueSrcGreaterDesXsizeYContinueSrcSmallerDesYsizeAndHwTiAndHiTo.sv(166): (vopt-2875) Task "dump_config_to_file" is being called in function "build_phase".
# ** Warning: ../../src/hvlTop/dmaTest/addressIncrement/2d/dma2dBlockTransferWithAddrIncr8000XContinueSrcGreaterDesXsizeYFillSrcEqualDesYsizeAndHwTiAndHiTo.sv(31): (vopt-2240) Treating stand-alone use of function 'randomize' as an implicit VOID cast.
# ** Warning: ../../src/hvlTop/dmaTest/addressIncrement/2d/dma2dBlockTransferWithAddrIncr8000XContinueSrcGreaterDesXsizeYFillSrcEqualDesYsizeAndHwTiAndHiTo.sv(166): (vopt-2875) Task "dump_config_to_file" is being called in function "build_phase".
# ** Warning: ../../src/hvlTop/dmaTest/addressIncrement/2d/dma2dBlockTransferWithAddrIncr8000XContinueSrcGreaterDesXsizeYFillSrcGreaterDesYsizeAndHwTiAndHiTo.sv(31): (vopt-2240) Treating stand-alone use of function 'randomize' as an implicit VOID cast.
# ** Warning: ../../src/hvlTop/dmaTest/addressIncrement/2d/dma2dBlockTransferWithAddrIncr8000XContinueSrcGreaterDesXsizeYFillSrcGreaterDesYsizeAndHwTiAndHiTo.sv(166): (vopt-2875) Task "dump_config_to_file" is being called in function "build_phase".
# ** Warning: ../../src/hvlTop/dmaTest/addressIncrement/2d/dma2dBlockTransferWithAddrIncr8000XContinueSrcGreaterDesXsizeYFillSrcSmallerDesYsizeAndHwTiAndHiTo.sv(31): (vopt-2240) Treating stand-alone use of function 'randomize' as an implicit VOID cast.
# ** Warning: ../../src/hvlTop/dmaTest/addressIncrement/2d/dma2dBlockTransferWithAddrIncr8000XContinueSrcGreaterDesXsizeYFillSrcSmallerDesYsizeAndHwTiAndHiTo.sv(166): (vopt-2875) Task "dump_config_to_file" is being called in function "build_phase".
# ** Warning: ../../src/hvlTop/dmaTest/addressIncrement/2d/dma2dBlockTransferWithAddrIncr8000XContinueSrcGreaterDesXsizeYWrapSrcEqualDesYsizeAndHwTiAndHiTo.sv(31): (vopt-2240) Treating stand-alone use of function 'randomize' as an implicit VOID cast.
# ** Warning: ../../src/hvlTop/dmaTest/addressIncrement/2d/dma2dBlockTransferWithAddrIncr8000XContinueSrcGreaterDesXsizeYWrapSrcEqualDesYsizeAndHwTiAndHiTo.sv(166): (vopt-2875) Task "dump_config_to_file" is being called in function "build_phase".
# ** Warning: ../../src/hvlTop/dmaTest/addressIncrement/2d/dma2dBlockTransferWithAddrIncr8000XContinueSrcGreaterDesXsizeYWrapSrcGreaterDesYsizeAndHwTiAndHiTo.sv(31): (vopt-2240) Treating stand-alone use of function 'randomize' as an implicit VOID cast.
# ** Warning: ../../src/hvlTop/dmaTest/addressIncrement/2d/dma2dBlockTransferWithAddrIncr8000XContinueSrcGreaterDesXsizeYWrapSrcGreaterDesYsizeAndHwTiAndHiTo.sv(166): (vopt-2875) Task "dump_config_to_file" is being called in function "build_phase".
# ** Warning: ../../src/hvlTop/dmaTest/addressIncrement/2d/dma2dBlockTransferWithAddrIncr8000XContinueSrcGreaterDesXsizeYWrapSrcSmallerDesYsizeAndHwTiAndHiTo.sv(31): (vopt-2240) Treating stand-alone use of function 'randomize' as an implicit VOID cast.
# ** Warning: ../../src/hvlTop/dmaTest/addressIncrement/2d/dma2dBlockTransferWithAddrIncr8000XContinueSrcGreaterDesXsizeYWrapSrcSmallerDesYsizeAndHwTiAndHiTo.sv(166): (vopt-2875) Task "dump_config_to_file" is being called in function "build_phase".
# ** Warning: ../../src/hvlTop/dmaTest/addressIncrement/2d/dma2dBlockTransferWithAddrIncr8000XContinueSrcSmallerDesXsizeYContinueSrcEqualDesYsizeAndHwTiAndHiTo.sv(31): (vopt-2240) Treating stand-alone use of function 'randomize' as an implicit VOID cast.
# ** Warning: ../../src/hvlTop/dmaTest/addressIncrement/2d/dma2dBlockTransferWithAddrIncr8000XContinueSrcSmallerDesXsizeYContinueSrcEqualDesYsizeAndHwTiAndHiTo.sv(166): (vopt-2875) Task "dump_config_to_file" is being called in function "build_phase".
# ** Warning: ../../src/hvlTop/dmaTest/addressIncrement/2d/dma2dBlockTransferWithAddrIncr8000XContinueSrcSmallerDesXsizeYContinueSrcGreaterDesYsizeAndHwTiAndHiTo.sv(31): (vopt-2240) Treating stand-alone use of function 'randomize' as an implicit VOID cast.
# ** Warning: ../../src/hvlTop/dmaTest/addressIncrement/2d/dma2dBlockTransferWithAddrIncr8000XContinueSrcSmallerDesXsizeYContinueSrcGreaterDesYsizeAndHwTiAndHiTo.sv(166): (vopt-2875) Task "dump_config_to_file" is being called in function "build_phase".
# ** Warning: ../../src/hvlTop/dmaTest/addressIncrement/2d/dma2dBlockTransferWithAddrIncr8000XContinueSrcSmallerDesXsizeYContinueSrcSmallerDesYsizeAndHwTiAndHiTo.sv(31): (vopt-2240) Treating stand-alone use of function 'randomize' as an implicit VOID cast.
# ** Warning: ../../src/hvlTop/dmaTest/addressIncrement/2d/dma2dBlockTransferWithAddrIncr8000XContinueSrcSmallerDesXsizeYContinueSrcSmallerDesYsizeAndHwTiAndHiTo.sv(166): (vopt-2875) Task "dump_config_to_file" is being called in function "build_phase".
# ** Warning: ../../src/hvlTop/dmaTest/addressIncrement/2d/dma2dBlockTransferWithAddrIncr8000XContinueSrcSmallerDesXsizeYFillSrcEqualDesYsizeAndHwTiAndHiTo.sv(31): (vopt-2240) Treating stand-alone use of function 'randomize' as an implicit VOID cast.
# ** Warning: ../../src/hvlTop/dmaTest/addressIncrement/2d/dma2dBlockTransferWithAddrIncr8000XContinueSrcSmallerDesXsizeYFillSrcEqualDesYsizeAndHwTiAndHiTo.sv(166): (vopt-2875) Task "dump_config_to_file" is being called in function "build_phase".
# ** Warning: ../../src/hvlTop/dmaTest/addressIncrement/2d/dma2dBlockTransferWithAddrIncr8000XContinueSrcSmallerDesXsizeYFillSrcGreaterDesYsizeAndHwTiAndHiTo.sv(31): (vopt-2240) Treating stand-alone use of function 'randomize' as an implicit VOID cast.
# ** Warning: ../../src/hvlTop/dmaTest/addressIncrement/2d/dma2dBlockTransferWithAddrIncr8000XContinueSrcSmallerDesXsizeYFillSrcGreaterDesYsizeAndHwTiAndHiTo.sv(166): (vopt-2875) Task "dump_config_to_file" is being called in function "build_phase".
# ** Warning: ../../src/hvlTop/dmaTest/addressIncrement/2d/dma2dBlockTransferWithAddrIncr8000XContinueSrcSmallerDesXsizeYFillSrcSmallerDesYsizeAndHwTiAndHiTo.sv(31): (vopt-2240) Treating stand-alone use of function 'randomize' as an implicit VOID cast.
# ** Warning: ../../src/hvlTop/dmaTest/addressIncrement/2d/dma2dBlockTransferWithAddrIncr8000XContinueSrcSmallerDesXsizeYFillSrcSmallerDesYsizeAndHwTiAndHiTo.sv(166): (vopt-2875) Task "dump_config_to_file" is being called in function "build_phase".
# ** Warning: ../../src/hvlTop/dmaTest/addressIncrement/2d/dma2dBlockTransferWithAddrIncr8000XContinueSrcSmallerDesXsizeYWrapSrcEqualDesYsizeAndHwTiAndHiTo.sv(31): (vopt-2240) Treating stand-alone use of function 'randomize' as an implicit VOID cast.
# ** Warning: ../../src/hvlTop/dmaTest/addressIncrement/2d/dma2dBlockTransferWithAddrIncr8000XContinueSrcSmallerDesXsizeYWrapSrcEqualDesYsizeAndHwTiAndHiTo.sv(166): (vopt-2875) Task "dump_config_to_file" is being called in function "build_phase".
# ** Warning: ../../src/hvlTop/dmaTest/addressIncrement/2d/dma2dBlockTransferWithAddrIncr8000XContinueSrcSmallerDesXsizeYWrapSrcGreaterDesYsizeAndHwTiAndHiTo.sv(31): (vopt-2240) Treating stand-alone use of function 'randomize' as an implicit VOID cast.
# ** Warning: ../../src/hvlTop/dmaTest/addressIncrement/2d/dma2dBlockTransferWithAddrIncr8000XContinueSrcSmallerDesXsizeYWrapSrcGreaterDesYsizeAndHwTiAndHiTo.sv(166): (vopt-2875) Task "dump_config_to_file" is being called in function "build_phase".
# ** Warning: ../../src/hvlTop/dmaTest/addressIncrement/2d/dma2dBlockTransferWithAddrIncr8000XContinueSrcSmallerDesXsizeYWrapSrcSmallerDesYsizeAndHwTiAndHiTo.sv(31): (vopt-2240) Treating stand-alone use of function 'randomize' as an implicit VOID cast.
# ** Warning: ../../src/hvlTop/dmaTest/addressIncrement/2d/dma2dBlockTransferWithAddrIncr8000XContinueSrcSmallerDesXsizeYWrapSrcSmallerDesYsizeAndHwTiAndHiTo.sv(166): (vopt-2875) Task "dump_config_to_file" is being called in function "build_phase".
# ** Warning: ../../src/hvlTop/dmaTest/addressIncrement/2d/dma2dBlockTransferWithAddrIncr8000XFillSrcEqualDesXsizeYContinueSrcEqualDesYsizeAndHwTiAndHiTo.sv(31): (vopt-2240) Treating stand-alone use of function 'randomize' as an implicit VOID cast.
# ** Warning: ../../src/hvlTop/dmaTest/addressIncrement/2d/dma2dBlockTransferWithAddrIncr8000XFillSrcEqualDesXsizeYContinueSrcEqualDesYsizeAndHwTiAndHiTo.sv(166): (vopt-2875) Task "dump_config_to_file" is being called in function "build_phase".
# ** Warning: ../../src/hvlTop/dmaTest/addressIncrement/2d/dma2dBlockTransferWithAddrIncr8000XFillSrcEqualDesXsizeYContinueSrcGreaterDesYsizeAndHwTiAndHiTo.sv(31): (vopt-2240) Treating stand-alone use of function 'randomize' as an implicit VOID cast.
# ** Warning: ../../src/hvlTop/dmaTest/addressIncrement/2d/dma2dBlockTransferWithAddrIncr8000XFillSrcEqualDesXsizeYContinueSrcGreaterDesYsizeAndHwTiAndHiTo.sv(166): (vopt-2875) Task "dump_config_to_file" is being called in function "build_phase".
# ** Warning: ../../src/hvlTop/dmaTest/addressIncrement/2d/dma2dBlockTransferWithAddrIncr8000XFillSrcEqualDesXsizeYContinueSrcSmallerDesYsizeAndHwTiAndHiTo.sv(31): (vopt-2240) Treating stand-alone use of function 'randomize' as an implicit VOID cast.
# ** Warning: ../../src/hvlTop/dmaTest/addressIncrement/2d/dma2dBlockTransferWithAddrIncr8000XFillSrcEqualDesXsizeYContinueSrcSmallerDesYsizeAndHwTiAndHiTo.sv(166): (vopt-2875) Task "dump_config_to_file" is being called in function "build_phase".
# ** Warning: ../../src/hvlTop/dmaTest/addressIncrement/2d/dma2dBlockTransferWithAddrIncr8000XFillSrcEqualDesXsizeYFillSrcEqualDesYsizeAndHwTiAndHiTo.sv(31): (vopt-2240) Treating stand-alone use of function 'randomize' as an implicit VOID cast.
# ** Warning: ../../src/hvlTop/dmaTest/addressIncrement/2d/dma2dBlockTransferWithAddrIncr8000XFillSrcEqualDesXsizeYFillSrcEqualDesYsizeAndHwTiAndHiTo.sv(166): (vopt-2875) Task "dump_config_to_file" is being called in function "build_phase".
# ** Warning: ../../src/hvlTop/dmaTest/addressIncrement/2d/dma2dBlockTransferWithAddrIncr8000XFillSrcEqualDesXsizeYFillSrcGreaterDesYsizeAndHwTiAndHiTo.sv(31): (vopt-2240) Treating stand-alone use of function 'randomize' as an implicit VOID cast.
# ** Warning: ../../src/hvlTop/dmaTest/addressIncrement/2d/dma2dBlockTransferWithAddrIncr8000XFillSrcEqualDesXsizeYFillSrcGreaterDesYsizeAndHwTiAndHiTo.sv(166): (vopt-2875) Task "dump_config_to_file" is being called in function "build_phase".
# ** Warning: ../../src/hvlTop/dmaTest/addressIncrement/2d/dma2dBlockTransferWithAddrIncr8000XFillSrcEqualDesXsizeYFillSrcSmallerDesYsizeAndHwTiAndHiTo.sv(31): (vopt-2240) Treating stand-alone use of function 'randomize' as an implicit VOID cast.
# ** Warning: ../../src/hvlTop/dmaTest/addressIncrement/2d/dma2dBlockTransferWithAddrIncr8000XFillSrcEqualDesXsizeYFillSrcSmallerDesYsizeAndHwTiAndHiTo.sv(166): (vopt-2875) Task "dump_config_to_file" is being called in function "build_phase".
# ** Warning: ../../src/hvlTop/dmaTest/addressIncrement/2d/dma2dBlockTransferWithAddrIncr8000XFillSrcEqualDesXsizeYWrapSrcEqualDesYsizeAndHwTiAndHiTo.sv(31): (vopt-2240) Treating stand-alone use of function 'randomize' as an implicit VOID cast.
# ** Warning: ../../src/hvlTop/dmaTest/addressIncrement/2d/dma2dBlockTransferWithAddrIncr8000XFillSrcEqualDesXsizeYWrapSrcEqualDesYsizeAndHwTiAndHiTo.sv(166): (vopt-2875) Task "dump_config_to_file" is being called in function "build_phase".
# ** Warning: ../../src/hvlTop/dmaTest/addressIncrement/2d/dma2dBlockTransferWithAddrIncr8000XFillSrcEqualDesXsizeYWrapSrcGreaterDesYsizeAndHwTiAndHiTo.sv(31): (vopt-2240) Treating stand-alone use of function 'randomize' as an implicit VOID cast.
# ** Warning: ../../src/hvlTop/dmaTest/addressIncrement/2d/dma2dBlockTransferWithAddrIncr8000XFillSrcEqualDesXsizeYWrapSrcGreaterDesYsizeAndHwTiAndHiTo.sv(166): (vopt-2875) Task "dump_config_to_file" is being called in function "build_phase".
# ** Warning: ../../src/hvlTop/dmaTest/addressIncrement/2d/dma2dBlockTransferWithAddrIncr8000XFillSrcEqualDesXsizeYWrapSrcSmallerDesYsizeAndHwTiAndHiTo.sv(31): (vopt-2240) Treating stand-alone use of function 'randomize' as an implicit VOID cast.
# ** Warning: ../../src/hvlTop/dmaTest/addressIncrement/2d/dma2dBlockTransferWithAddrIncr8000XFillSrcEqualDesXsizeYWrapSrcSmallerDesYsizeAndHwTiAndHiTo.sv(166): (vopt-2875) Task "dump_config_to_file" is being called in function "build_phase".
# ** Warning: ../../src/hvlTop/dmaTest/addressIncrement/2d/dma2dBlockTransferWithAddrIncr8000XFillSrcGreaterDesXsizeYContinueSrcEqualDesYsizeAndHwTiAndHiTo.sv(31): (vopt-2240) Treating stand-alone use of function 'randomize' as an implicit VOID cast.
# ** Warning: ../../src/hvlTop/dmaTest/addressIncrement/2d/dma2dBlockTransferWithAddrIncr8000XFillSrcGreaterDesXsizeYContinueSrcEqualDesYsizeAndHwTiAndHiTo.sv(166): (vopt-2875) Task "dump_config_to_file" is being called in function "build_phase".
# ** Warning: ../../src/hvlTop/dmaTest/addressIncrement/2d/dma2dBlockTransferWithAddrIncr8000XFillSrcGreaterDesXsizeYContinueSrcGreaterDesYsizeAndHwTiAndHiTo.sv(31): (vopt-2240) Treating stand-alone use of function 'randomize' as an implicit VOID cast.
# ** Warning: ../../src/hvlTop/dmaTest/addressIncrement/2d/dma2dBlockTransferWithAddrIncr8000XFillSrcGreaterDesXsizeYContinueSrcGreaterDesYsizeAndHwTiAndHiTo.sv(166): (vopt-2875) Task "dump_config_to_file" is being called in function "build_phase".
# ** Warning: ../../src/hvlTop/dmaTest/addressIncrement/2d/dma2dBlockTransferWithAddrIncr8000XFillSrcGreaterDesXsizeYContinueSrcSmallerDesYsizeAndHwTiAndHiTo.sv(31): (vopt-2240) Treating stand-alone use of function 'randomize' as an implicit VOID cast.
# ** Warning: ../../src/hvlTop/dmaTest/addressIncrement/2d/dma2dBlockTransferWithAddrIncr8000XFillSrcGreaterDesXsizeYContinueSrcSmallerDesYsizeAndHwTiAndHiTo.sv(166): (vopt-2875) Task "dump_config_to_file" is being called in function "build_phase".
# ** Warning: ../../src/hvlTop/dmaTest/addressIncrement/2d/dma2dBlockTransferWithAddrIncr8000XFillSrcGreaterDesXsizeYFillSrcEqualDesYsizeAndHwTiAndHiTo.sv(31): (vopt-2240) Treating stand-alone use of function 'randomize' as an implicit VOID cast.
# ** Warning: ../../src/hvlTop/dmaTest/addressIncrement/2d/dma2dBlockTransferWithAddrIncr8000XFillSrcGreaterDesXsizeYFillSrcEqualDesYsizeAndHwTiAndHiTo.sv(166): (vopt-2875) Task "dump_config_to_file" is being called in function "build_phase".
# ** Warning: ../../src/hvlTop/dmaTest/addressIncrement/2d/dma2dBlockTransferWithAddrIncr8000XFillSrcGreaterDesXsizeYFillSrcGreaterDesYsizeAndHwTiAndHiTo.sv(31): (vopt-2240) Treating stand-alone use of function 'randomize' as an implicit VOID cast.
# ** Warning: ../../src/hvlTop/dmaTest/addressIncrement/2d/dma2dBlockTransferWithAddrIncr8000XFillSrcGreaterDesXsizeYFillSrcGreaterDesYsizeAndHwTiAndHiTo.sv(166): (vopt-2875) Task "dump_config_to_file" is being called in function "build_phase".
# ** Warning: ../../src/hvlTop/dmaTest/addressIncrement/2d/dma2dBlockTransferWithAddrIncr8000XFillSrcGreaterDesXsizeYFillSrcSmallerDesYsizeAndHwTiAndHiTo.sv(31): (vopt-2240) Treating stand-alone use of function 'randomize' as an implicit VOID cast.
# ** Warning: ../../src/hvlTop/dmaTest/addressIncrement/2d/dma2dBlockTransferWithAddrIncr8000XFillSrcGreaterDesXsizeYFillSrcSmallerDesYsizeAndHwTiAndHiTo.sv(166): (vopt-2875) Task "dump_config_to_file" is being called in function "build_phase".
# ** Warning: ../../src/hvlTop/dmaTest/addressIncrement/2d/dma2dBlockTransferWithAddrIncr8000XFillSrcGreaterDesXsizeYWrapSrcEqualDesYsizeAndHwTiAndHiTo.sv(31): (vopt-2240) Treating stand-alone use of function 'randomize' as an implicit VOID cast.
# ** Warning: ../../src/hvlTop/dmaTest/addressIncrement/2d/dma2dBlockTransferWithAddrIncr8000XFillSrcGreaterDesXsizeYWrapSrcEqualDesYsizeAndHwTiAndHiTo.sv(166): (vopt-2875) Task "dump_config_to_file" is being called in function "build_phase".
# ** Warning: ../../src/hvlTop/dmaTest/addressIncrement/2d/dma2dBlockTransferWithAddrIncr8000XFillSrcGreaterDesXsizeYWrapSrcGreaterDesYsizeAndHwTiAndHiTo.sv(31): (vopt-2240) Treating stand-alone use of function 'randomize' as an implicit VOID cast.
# ** Warning: ../../src/hvlTop/dmaTest/addressIncrement/2d/dma2dBlockTransferWithAddrIncr8000XFillSrcGreaterDesXsizeYWrapSrcGreaterDesYsizeAndHwTiAndHiTo.sv(166): (vopt-2875) Task "dump_config_to_file" is being called in function "build_phase".
# ** Warning: ../../src/hvlTop/dmaTest/addressIncrement/2d/dma2dBlockTransferWithAddrIncr8000XFillSrcGreaterDesXsizeYWrapSrcSmallerDesYsizeAndHwTiAndHiTo.sv(31): (vopt-2240) Treating stand-alone use of function 'randomize' as an implicit VOID cast.
# ** Warning: ../../src/hvlTop/dmaTest/addressIncrement/2d/dma2dBlockTransferWithAddrIncr8000XFillSrcGreaterDesXsizeYWrapSrcSmallerDesYsizeAndHwTiAndHiTo.sv(166): (vopt-2875) Task "dump_config_to_file" is being called in function "build_phase".
# ** Warning: ../../src/hvlTop/dmaTest/addressIncrement/2d/dma2dBlockTransferWithAddrIncr8000XFillSrcSmallerDesXsizeYContinueSrcEqualDesYsizeAndHwTiAndHiTo.sv(31): (vopt-2240) Treating stand-alone use of function 'randomize' as an implicit VOID cast.
# ** Warning: ../../src/hvlTop/dmaTest/addressIncrement/2d/dma2dBlockTransferWithAddrIncr8000XFillSrcSmallerDesXsizeYContinueSrcEqualDesYsizeAndHwTiAndHiTo.sv(166): (vopt-2875) Task "dump_config_to_file" is being called in function "build_phase".
# ** Warning: ../../src/hvlTop/dmaTest/addressIncrement/2d/dma2dBlockTransferWithAddrIncr8000XFillSrcSmallerDesXsizeYContinueSrcGreaterDesYsizeAndHwTiAndHiTo.sv(31): (vopt-2240) Treating stand-alone use of function 'randomize' as an implicit VOID cast.
# ** Warning: ../../src/hvlTop/dmaTest/addressIncrement/2d/dma2dBlockTransferWithAddrIncr8000XFillSrcSmallerDesXsizeYContinueSrcGreaterDesYsizeAndHwTiAndHiTo.sv(166): (vopt-2875) Task "dump_config_to_file" is being called in function "build_phase".
# ** Warning: ../../src/hvlTop/dmaTest/addressIncrement/2d/dma2dBlockTransferWithAddrIncr8000XFillSrcSmallerDesXsizeYContinueSrcSmallerDesYsizeAndHwTiAndHiTo.sv(31): (vopt-2240) Treating stand-alone use of function 'randomize' as an implicit VOID cast.
# ** Warning: ../../src/hvlTop/dmaTest/addressIncrement/2d/dma2dBlockTransferWithAddrIncr8000XFillSrcSmallerDesXsizeYContinueSrcSmallerDesYsizeAndHwTiAndHiTo.sv(166): (vopt-2875) Task "dump_config_to_file" is being called in function "build_phase".
# ** Warning: ../../src/hvlTop/dmaTest/addressIncrement/2d/dma2dBlockTransferWithAddrIncr8000XFillSrcSmallerDesXsizeYFillSrcEqualDesYsizeAndHwTiAndHiTo.sv(31): (vopt-2240) Treating stand-alone use of function 'randomize' as an implicit VOID cast.
# ** Warning: ../../src/hvlTop/dmaTest/addressIncrement/2d/dma2dBlockTransferWithAddrIncr8000XFillSrcSmallerDesXsizeYFillSrcEqualDesYsizeAndHwTiAndHiTo.sv(166): (vopt-2875) Task "dump_config_to_file" is being called in function "build_phase".
# ** Warning: ../../src/hvlTop/dmaTest/addressIncrement/2d/dma2dBlockTransferWithAddrIncr8000XFillSrcSmallerDesXsizeYFillSrcGreaterDesYsizeAndHwTiAndHiTo.sv(31): (vopt-2240) Treating stand-alone use of function 'randomize' as an implicit VOID cast.
# ** Warning: ../../src/hvlTop/dmaTest/addressIncrement/2d/dma2dBlockTransferWithAddrIncr8000XFillSrcSmallerDesXsizeYFillSrcGreaterDesYsizeAndHwTiAndHiTo.sv(166): (vopt-2875) Task "dump_config_to_file" is being called in function "build_phase".
# ** Warning: ../../src/hvlTop/dmaTest/addressIncrement/2d/dma2dBlockTransferWithAddrIncr8000XFillSrcSmallerDesXsizeYFillSrcSmallerDesYsizeAndHwTiAndHiTo.sv(31): (vopt-2240) Treating stand-alone use of function 'randomize' as an implicit VOID cast.
# ** Warning: ../../src/hvlTop/dmaTest/addressIncrement/2d/dma2dBlockTransferWithAddrIncr8000XFillSrcSmallerDesXsizeYFillSrcSmallerDesYsizeAndHwTiAndHiTo.sv(166): (vopt-2875) Task "dump_config_to_file" is being called in function "build_phase".
# ** Warning: ../../src/hvlTop/dmaTest/addressIncrement/2d/dma2dBlockTransferWithAddrIncr8000XFillSrcSmallerDesXsizeYWrapSrcEqualDesYsizeAndHwTiAndHiTo.sv(31): (vopt-2240) Treating stand-alone use of function 'randomize' as an implicit VOID cast.
# ** Warning: ../../src/hvlTop/dmaTest/addressIncrement/2d/dma2dBlockTransferWithAddrIncr8000XFillSrcSmallerDesXsizeYWrapSrcEqualDesYsizeAndHwTiAndHiTo.sv(166): (vopt-2875) Task "dump_config_to_file" is being called in function "build_phase".
# ** Warning: ../../src/hvlTop/dmaTest/addressIncrement/2d/dma2dBlockTransferWithAddrIncr8000XFillSrcSmallerDesXsizeYWrapSrcGreaterDesYsizeAndHwTiAndHiTo.sv(31): (vopt-2240) Treating stand-alone use of function 'randomize' as an implicit VOID cast.
# ** Warning: ../../src/hvlTop/dmaTest/addressIncrement/2d/dma2dBlockTransferWithAddrIncr8000XFillSrcSmallerDesXsizeYWrapSrcGreaterDesYsizeAndHwTiAndHiTo.sv(166): (vopt-2875) Task "dump_config_to_file" is being called in function "build_phase".
# ** Warning: ../../src/hvlTop/dmaTest/addressIncrement/2d/dma2dBlockTransferWithAddrIncr8000XFillSrcSmallerDesXsizeYWrapSrcSmallerDesYsizeAndHwTiAndHiTo.sv(31): (vopt-2240) Treating stand-alone use of function 'randomize' as an implicit VOID cast.
# ** Warning: ../../src/hvlTop/dmaTest/addressIncrement/2d/dma2dBlockTransferWithAddrIncr8000XFillSrcSmallerDesXsizeYWrapSrcSmallerDesYsizeAndHwTiAndHiTo.sv(166): (vopt-2875) Task "dump_config_to_file" is being called in function "build_phase".
# ** Warning: ../../src/hvlTop/dmaTest/addressIncrement/2d/dma2dBlockTransferWithAddrIncr8000XWrapSrcEqualDesXsizeYContinueSrcEqualDesYsizeAndHwTiAndHiTo.sv(31): (vopt-2240) Treating stand-alone use of function 'randomize' as an implicit VOID cast.
# ** Warning: ../../src/hvlTop/dmaTest/addressIncrement/2d/dma2dBlockTransferWithAddrIncr8000XWrapSrcEqualDesXsizeYContinueSrcEqualDesYsizeAndHwTiAndHiTo.sv(166): (vopt-2875) Task "dump_config_to_file" is being called in function "build_phase".
# ** Warning: ../../src/hvlTop/dmaTest/addressIncrement/2d/dma2dBlockTransferWithAddrIncr8000XWrapSrcEqualDesXsizeYContinueSrcGreaterDesYsizeAndHwTiAndHiTo.sv(31): (vopt-2240) Treating stand-alone use of function 'randomize' as an implicit VOID cast.
# ** Warning: ../../src/hvlTop/dmaTest/addressIncrement/2d/dma2dBlockTransferWithAddrIncr8000XWrapSrcEqualDesXsizeYContinueSrcGreaterDesYsizeAndHwTiAndHiTo.sv(166): (vopt-2875) Task "dump_config_to_file" is being called in function "build_phase".
# ** Warning: ../../src/hvlTop/dmaTest/addressIncrement/2d/dma2dBlockTransferWithAddrIncr8000XWrapSrcEqualDesXsizeYContinueSrcSmallerDesYsizeAndHwTiAndHiTo.sv(31): (vopt-2240) Treating stand-alone use of function 'randomize' as an implicit VOID cast.
# ** Warning: ../../src/hvlTop/dmaTest/addressIncrement/2d/dma2dBlockTransferWithAddrIncr8000XWrapSrcEqualDesXsizeYContinueSrcSmallerDesYsizeAndHwTiAndHiTo.sv(166): (vopt-2875) Task "dump_config_to_file" is being called in function "build_phase".
# ** Warning: ../../src/hvlTop/dmaTest/addressIncrement/2d/dma2dBlockTransferWithAddrIncr8000XWrapSrcEqualDesXsizeYFillSrcEqualDesYsizeAndHwTiAndHiTo.sv(31): (vopt-2240) Treating stand-alone use of function 'randomize' as an implicit VOID cast.
# ** Warning: ../../src/hvlTop/dmaTest/addressIncrement/2d/dma2dBlockTransferWithAddrIncr8000XWrapSrcEqualDesXsizeYFillSrcEqualDesYsizeAndHwTiAndHiTo.sv(166): (vopt-2875) Task "dump_config_to_file" is being called in function "build_phase".
# ** Warning: ../../src/hvlTop/dmaTest/addressIncrement/2d/dma2dBlockTransferWithAddrIncr8000XWrapSrcEqualDesXsizeYFillSrcGreaterDesYsizeAndHwTiAndHiTo.sv(31): (vopt-2240) Treating stand-alone use of function 'randomize' as an implicit VOID cast.
# ** Warning: ../../src/hvlTop/dmaTest/addressIncrement/2d/dma2dBlockTransferWithAddrIncr8000XWrapSrcEqualDesXsizeYFillSrcGreaterDesYsizeAndHwTiAndHiTo.sv(166): (vopt-2875) Task "dump_config_to_file" is being called in function "build_phase".
# ** Warning: ../../src/hvlTop/dmaTest/addressIncrement/2d/dma2dBlockTransferWithAddrIncr8000XWrapSrcEqualDesXsizeYFillSrcSmallerDesYsizeAndHwTiAndHiTo.sv(31): (vopt-2240) Treating stand-alone use of function 'randomize' as an implicit VOID cast.
# ** Warning: ../../src/hvlTop/dmaTest/addressIncrement/2d/dma2dBlockTransferWithAddrIncr8000XWrapSrcEqualDesXsizeYFillSrcSmallerDesYsizeAndHwTiAndHiTo.sv(166): (vopt-2875) Task "dump_config_to_file" is being called in function "build_phase".
# ** Warning: ../../src/hvlTop/dmaTest/addressIncrement/2d/dma2dBlockTransferWithAddrIncr8000XWrapSrcEqualDesXsizeYWrapSrcEqualDesYsizeAndHwTiAndHiTo.sv(31): (vopt-2240) Treating stand-alone use of function 'randomize' as an implicit VOID cast.
# ** Warning: ../../src/hvlTop/dmaTest/addressIncrement/2d/dma2dBlockTransferWithAddrIncr8000XWrapSrcEqualDesXsizeYWrapSrcEqualDesYsizeAndHwTiAndHiTo.sv(166): (vopt-2875) Task "dump_config_to_file" is being called in function "build_phase".
# ** Warning: ../../src/hvlTop/dmaTest/addressIncrement/2d/dma2dBlockTransferWithAddrIncr8000XWrapSrcEqualDesXsizeYWrapSrcGreaterDesYsizeAndHwTiAndHiTo.sv(31): (vopt-2240) Treating stand-alone use of function 'randomize' as an implicit VOID cast.
# ** Warning: ../../src/hvlTop/dmaTest/addressIncrement/2d/dma2dBlockTransferWithAddrIncr8000XWrapSrcEqualDesXsizeYWrapSrcGreaterDesYsizeAndHwTiAndHiTo.sv(166): (vopt-2875) Task "dump_config_to_file" is being called in function "build_phase".
# ** Warning: ../../src/hvlTop/dmaTest/addressIncrement/2d/dma2dBlockTransferWithAddrIncr8000XWrapSrcEqualDesXsizeYWrapSrcSmallerDesYsizeAndHwTiAndHiTo.sv(31): (vopt-2240) Treating stand-alone use of function 'randomize' as an implicit VOID cast.
# ** Warning: ../../src/hvlTop/dmaTest/addressIncrement/2d/dma2dBlockTransferWithAddrIncr8000XWrapSrcEqualDesXsizeYWrapSrcSmallerDesYsizeAndHwTiAndHiTo.sv(166): (vopt-2875) Task "dump_config_to_file" is being called in function "build_phase".
# ** Warning: ../../src/hvlTop/dmaTest/addressIncrement/2d/dma2dBlockTransferWithAddrIncr8000XWrapSrcGreaterDesXsizeYContinueSrcEqualDesYsizeAndHwTiAndHiTo.sv(31): (vopt-2240) Treating stand-alone use of function 'randomize' as an implicit VOID cast.
# ** Warning: ../../src/hvlTop/dmaTest/addressIncrement/2d/dma2dBlockTransferWithAddrIncr8000XWrapSrcGreaterDesXsizeYContinueSrcEqualDesYsizeAndHwTiAndHiTo.sv(166): (vopt-2875) Task "dump_config_to_file" is being called in function "build_phase".
# ** Warning: ../../src/hvlTop/dmaTest/addressIncrement/2d/dma2dBlockTransferWithAddrIncr8000XWrapSrcGreaterDesXsizeYContinueSrcGreaterDesYsizeAndHwTiAndHiTo.sv(31): (vopt-2240) Treating stand-alone use of function 'randomize' as an implicit VOID cast.
# ** Warning: ../../src/hvlTop/dmaTest/addressIncrement/2d/dma2dBlockTransferWithAddrIncr8000XWrapSrcGreaterDesXsizeYContinueSrcGreaterDesYsizeAndHwTiAndHiTo.sv(166): (vopt-2875) Task "dump_config_to_file" is being called in function "build_phase".
# ** Warning: ../../src/hvlTop/dmaTest/addressIncrement/2d/dma2dBlockTransferWithAddrIncr8000XWrapSrcGreaterDesXsizeYContinueSrcSmallerDesYsizeAndHwTiAndHiTo.sv(31): (vopt-2240) Treating stand-alone use of function 'randomize' as an implicit VOID cast.
# ** Warning: ../../src/hvlTop/dmaTest/addressIncrement/2d/dma2dBlockTransferWithAddrIncr8000XWrapSrcGreaterDesXsizeYContinueSrcSmallerDesYsizeAndHwTiAndHiTo.sv(166): (vopt-2875) Task "dump_config_to_file" is being called in function "build_phase".
# ** Warning: ../../src/hvlTop/dmaTest/addressIncrement/2d/dma2dBlockTransferWithAddrIncr8000XWrapSrcGreaterDesXsizeYFillSrcEqualDesYsizeAndHwTiAndHiTo.sv(31): (vopt-2240) Treating stand-alone use of function 'randomize' as an implicit VOID cast.
# ** Warning: ../../src/hvlTop/dmaTest/addressIncrement/2d/dma2dBlockTransferWithAddrIncr8000XWrapSrcGreaterDesXsizeYFillSrcEqualDesYsizeAndHwTiAndHiTo.sv(166): (vopt-2875) Task "dump_config_to_file" is being called in function "build_phase".
# ** Warning: ../../src/hvlTop/dmaTest/addressIncrement/2d/dma2dBlockTransferWithAddrIncr8000XWrapSrcGreaterDesXsizeYFillSrcGreaterDesYsizeAndHwTiAndHiTo.sv(31): (vopt-2240) Treating stand-alone use of function 'randomize' as an implicit VOID cast.
# ** Warning: ../../src/hvlTop/dmaTest/addressIncrement/2d/dma2dBlockTransferWithAddrIncr8000XWrapSrcGreaterDesXsizeYFillSrcGreaterDesYsizeAndHwTiAndHiTo.sv(166): (vopt-2875) Task "dump_config_to_file" is being called in function "build_phase".
# ** Warning: ../../src/hvlTop/dmaTest/addressIncrement/2d/dma2dBlockTransferWithAddrIncr8000XWrapSrcGreaterDesXsizeYFillSrcSmallerDesYsizeAndHwTiAndHiTo.sv(31): (vopt-2240) Treating stand-alone use of function 'randomize' as an implicit VOID cast.
# ** Warning: ../../src/hvlTop/dmaTest/addressIncrement/2d/dma2dBlockTransferWithAddrIncr8000XWrapSrcGreaterDesXsizeYFillSrcSmallerDesYsizeAndHwTiAndHiTo.sv(166): (vopt-2875) Task "dump_config_to_file" is being called in function "build_phase".
# ** Warning: ../../src/hvlTop/dmaTest/addressIncrement/2d/dma2dBlockTransferWithAddrIncr8000XWrapSrcGreaterDesXsizeYWrapSrcEqualDesYsizeAndHwTiAndHiTo.sv(31): (vopt-2240) Treating stand-alone use of function 'randomize' as an implicit VOID cast.
# ** Warning: ../../src/hvlTop/dmaTest/addressIncrement/2d/dma2dBlockTransferWithAddrIncr8000XWrapSrcGreaterDesXsizeYWrapSrcEqualDesYsizeAndHwTiAndHiTo.sv(166): (vopt-2875) Task "dump_config_to_file" is being called in function "build_phase".
# ** Warning: ../../src/hvlTop/dmaTest/addressIncrement/2d/dma2dBlockTransferWithAddrIncr8000XWrapSrcGreaterDesXsizeYWrapSrcGreaterDesYsizeAndHwTiAndHiTo.sv(31): (vopt-2240) Treating stand-alone use of function 'randomize' as an implicit VOID cast.
# ** Warning: ../../src/hvlTop/dmaTest/addressIncrement/2d/dma2dBlockTransferWithAddrIncr8000XWrapSrcGreaterDesXsizeYWrapSrcGreaterDesYsizeAndHwTiAndHiTo.sv(166): (vopt-2875) Task "dump_config_to_file" is being called in function "build_phase".
# ** Warning: ../../src/hvlTop/dmaTest/addressIncrement/2d/dma2dBlockTransferWithAddrIncr8000XWrapSrcGreaterDesXsizeYWrapSrcSmallerDesYsizeAndHwTiAndHiTo.sv(31): (vopt-2240) Treating stand-alone use of function 'randomize' as an implicit VOID cast.
# ** Warning: ../../src/hvlTop/dmaTest/addressIncrement/2d/dma2dBlockTransferWithAddrIncr8000XWrapSrcGreaterDesXsizeYWrapSrcSmallerDesYsizeAndHwTiAndHiTo.sv(166): (vopt-2875) Task "dump_config_to_file" is being called in function "build_phase".
# ** Warning: ../../src/hvlTop/dmaTest/addressIncrement/2d/dma2dBlockTransferWithAddrIncr8000XWrapSrcSmallerDesXsizeYContinueSrcEqualDesYsizeAndHwTiAndHiTo.sv(31): (vopt-2240) Treating stand-alone use of function 'randomize' as an implicit VOID cast.
# ** Warning: ../../src/hvlTop/dmaTest/addressIncrement/2d/dma2dBlockTransferWithAddrIncr8000XWrapSrcSmallerDesXsizeYContinueSrcEqualDesYsizeAndHwTiAndHiTo.sv(166): (vopt-2875) Task "dump_config_to_file" is being called in function "build_phase".
# ** Warning: ../../src/hvlTop/dmaTest/addressIncrement/2d/dma2dBlockTransferWithAddrIncr8000XWrapSrcSmallerDesXsizeYContinueSrcGreaterDesYsizeAndHwTiAndHiTo.sv(31): (vopt-2240) Treating stand-alone use of function 'randomize' as an implicit VOID cast.
# ** Warning: ../../src/hvlTop/dmaTest/addressIncrement/2d/dma2dBlockTransferWithAddrIncr8000XWrapSrcSmallerDesXsizeYContinueSrcGreaterDesYsizeAndHwTiAndHiTo.sv(166): (vopt-2875) Task "dump_config_to_file" is being called in function "build_phase".
# ** Warning: ../../src/hvlTop/dmaTest/addressIncrement/2d/dma2dBlockTransferWithAddrIncr8000XWrapSrcSmallerDesXsizeYContinueSrcSmallerDesYsizeAndHwTiAndHiTo.sv(31): (vopt-2240) Treating stand-alone use of function 'randomize' as an implicit VOID cast.
# ** Warning: ../../src/hvlTop/dmaTest/addressIncrement/2d/dma2dBlockTransferWithAddrIncr8000XWrapSrcSmallerDesXsizeYContinueSrcSmallerDesYsizeAndHwTiAndHiTo.sv(166): (vopt-2875) Task "dump_config_to_file" is being called in function "build_phase".
# ** Warning: ../../src/hvlTop/dmaTest/addressIncrement/2d/dma2dBlockTransferWithAddrIncr8000XWrapSrcSmallerDesXsizeYFillSrcEqualDesYsizeAndHwTiAndHiTo.sv(31): (vopt-2240) Treating stand-alone use of function 'randomize' as an implicit VOID cast.
# ** Warning: ../../src/hvlTop/dmaTest/addressIncrement/2d/dma2dBlockTransferWithAddrIncr8000XWrapSrcSmallerDesXsizeYFillSrcEqualDesYsizeAndHwTiAndHiTo.sv(166): (vopt-2875) Task "dump_config_to_file" is being called in function "build_phase".
# ** Warning: ../../src/hvlTop/dmaTest/addressIncrement/2d/dma2dBlockTransferWithAddrIncr8000XWrapSrcSmallerDesXsizeYFillSrcGreaterDesYsizeAndHwTiAndHiTo.sv(31): (vopt-2240) Treating stand-alone use of function 'randomize' as an implicit VOID cast.
# ** Warning: ../../src/hvlTop/dmaTest/addressIncrement/2d/dma2dBlockTransferWithAddrIncr8000XWrapSrcSmallerDesXsizeYFillSrcGreaterDesYsizeAndHwTiAndHiTo.sv(166): (vopt-2875) Task "dump_config_to_file" is being called in function "build_phase".
# ** Warning: ../../src/hvlTop/dmaTest/addressIncrement/2d/dma2dBlockTransferWithAddrIncr8000XWrapSrcSmallerDesXsizeYFillSrcSmallerDesYsizeAndHwTiAndHiTo.sv(31): (vopt-2240) Treating stand-alone use of function 'randomize' as an implicit VOID cast.
# ** Warning: ../../src/hvlTop/dmaTest/addressIncrement/2d/dma2dBlockTransferWithAddrIncr8000XWrapSrcSmallerDesXsizeYFillSrcSmallerDesYsizeAndHwTiAndHiTo.sv(166): (vopt-2875) Task "dump_config_to_file" is being called in function "build_phase".
# ** Warning: ../../src/hvlTop/dmaTest/addressIncrement/2d/dma2dBlockTransferWithAddrIncr8000XWrapSrcSmallerDesXsizeYWrapSrcEqualDesYsizeAndHwTiAndHiTo.sv(31): (vopt-2240) Treating stand-alone use of function 'randomize' as an implicit VOID cast.
# ** Warning: ../../src/hvlTop/dmaTest/addressIncrement/2d/dma2dBlockTransferWithAddrIncr8000XWrapSrcSmallerDesXsizeYWrapSrcEqualDesYsizeAndHwTiAndHiTo.sv(166): (vopt-2875) Task "dump_config_to_file" is being called in function "build_phase".
# ** Warning: ../../src/hvlTop/dmaTest/addressIncrement/2d/dma2dBlockTransferWithAddrIncr8000XWrapSrcSmallerDesXsizeYWrapSrcGreaterDesYsizeAndHwTiAndHiTo.sv(31): (vopt-2240) Treating stand-alone use of function 'randomize' as an implicit VOID cast.
# ** Warning: ../../src/hvlTop/dmaTest/addressIncrement/2d/dma2dBlockTransferWithAddrIncr8000XWrapSrcSmallerDesXsizeYWrapSrcGreaterDesYsizeAndHwTiAndHiTo.sv(166): (vopt-2875) Task "dump_config_to_file" is being called in function "build_phase".
# ** Warning: ../../src/hvlTop/dmaTest/addressIncrement/2d/dma2dBlockTransferWithAddrIncr8000XWrapSrcSmallerDesXsizeYWrapSrcSmallerDesYsizeAndHwTiAndHiTo.sv(31): (vopt-2240) Treating stand-alone use of function 'randomize' as an implicit VOID cast.
# ** Warning: ../../src/hvlTop/dmaTest/addressIncrement/2d/dma2dBlockTransferWithAddrIncr8000XWrapSrcSmallerDesXsizeYWrapSrcSmallerDesYsizeAndHwTiAndHiTo.sv(166): (vopt-2875) Task "dump_config_to_file" is being called in function "build_phase".
# ** Warning: ../../src/hvlTop/dmaTest/addressIncrement/2d/dma2dBlockTransferWithAddrIncrEfffXContinueSrcEqualDesXsizeYContinueSrcEqualDesYsizeAndHwTiAndHiTo.sv(31): (vopt-2240) Treating stand-alone use of function 'randomize' as an implicit VOID cast.
# ** Warning: ../../src/hvlTop/dmaTest/addressIncrement/2d/dma2dBlockTransferWithAddrIncrEfffXContinueSrcEqualDesXsizeYContinueSrcEqualDesYsizeAndHwTiAndHiTo.sv(166): (vopt-2875) Task "dump_config_to_file" is being called in function "build_phase".
# ** Warning: ../../src/hvlTop/dmaTest/addressIncrement/2d/dma2dBlockTransferWithAddrIncrEfffXContinueSrcEqualDesXsizeYContinueSrcGreaterDesYsizeAndHwTiAndHiTo.sv(31): (vopt-2240) Treating stand-alone use of function 'randomize' as an implicit VOID cast.
# ** Warning: ../../src/hvlTop/dmaTest/addressIncrement/2d/dma2dBlockTransferWithAddrIncrEfffXContinueSrcEqualDesXsizeYContinueSrcGreaterDesYsizeAndHwTiAndHiTo.sv(166): (vopt-2875) Task "dump_config_to_file" is being called in function "build_phase".
# ** Warning: ../../src/hvlTop/dmaTest/addressIncrement/2d/dma2dBlockTransferWithAddrIncrEfffXContinueSrcEqualDesXsizeYContinueSrcSmallerDesYsizeAndHwTiAndHiTo.sv(31): (vopt-2240) Treating stand-alone use of function 'randomize' as an implicit VOID cast.
# ** Warning: ../../src/hvlTop/dmaTest/addressIncrement/2d/dma2dBlockTransferWithAddrIncrEfffXContinueSrcEqualDesXsizeYContinueSrcSmallerDesYsizeAndHwTiAndHiTo.sv(166): (vopt-2875) Task "dump_config_to_file" is being called in function "build_phase".
# ** Warning: ../../src/hvlTop/dmaTest/addressIncrement/2d/dma2dBlockTransferWithAddrIncrEfffXContinueSrcEqualDesXsizeYFillSrcEqualDesYsizeAndHwTiAndHiTo.sv(31): (vopt-2240) Treating stand-alone use of function 'randomize' as an implicit VOID cast.
# ** Warning: ../../src/hvlTop/dmaTest/addressIncrement/2d/dma2dBlockTransferWithAddrIncrEfffXContinueSrcEqualDesXsizeYFillSrcEqualDesYsizeAndHwTiAndHiTo.sv(166): (vopt-2875) Task "dump_config_to_file" is being called in function "build_phase".
# ** Warning: ../../src/hvlTop/dmaTest/addressIncrement/2d/dma2dBlockTransferWithAddrIncrEfffXContinueSrcEqualDesXsizeYFillSrcGreaterDesYsizeAndHwTiAndHiTo.sv(31): (vopt-2240) Treating stand-alone use of function 'randomize' as an implicit VOID cast.
# ** Warning: ../../src/hvlTop/dmaTest/addressIncrement/2d/dma2dBlockTransferWithAddrIncrEfffXContinueSrcEqualDesXsizeYFillSrcGreaterDesYsizeAndHwTiAndHiTo.sv(166): (vopt-2875) Task "dump_config_to_file" is being called in function "build_phase".
# ** Warning: ../../src/hvlTop/dmaTest/addressIncrement/2d/dma2dBlockTransferWithAddrIncrEfffXContinueSrcEqualDesXsizeYFillSrcSmallerDesYsizeAndHwTiAndHiTo.sv(31): (vopt-2240) Treating stand-alone use of function 'randomize' as an implicit VOID cast.
# ** Warning: ../../src/hvlTop/dmaTest/addressIncrement/2d/dma2dBlockTransferWithAddrIncrEfffXContinueSrcEqualDesXsizeYFillSrcSmallerDesYsizeAndHwTiAndHiTo.sv(166): (vopt-2875) Task "dump_config_to_file" is being called in function "build_phase".
# ** Warning: ../../src/hvlTop/dmaTest/addressIncrement/2d/dma2dBlockTransferWithAddrIncrEfffXContinueSrcEqualDesXsizeYWrapSrcEqualDesYsizeAndHwTiAndHiTo.sv(31): (vopt-2240) Treating stand-alone use of function 'randomize' as an implicit VOID cast.
# ** Warning: ../../src/hvlTop/dmaTest/addressIncrement/2d/dma2dBlockTransferWithAddrIncrEfffXContinueSrcEqualDesXsizeYWrapSrcEqualDesYsizeAndHwTiAndHiTo.sv(166): (vopt-2875) Task "dump_config_to_file" is being called in function "build_phase".
# ** Warning: ../../src/hvlTop/dmaTest/addressIncrement/2d/dma2dBlockTransferWithAddrIncrEfffXContinueSrcEqualDesXsizeYWrapSrcGreaterDesYsizeAndHwTiAndHiTo.sv(31): (vopt-2240) Treating stand-alone use of function 'randomize' as an implicit VOID cast.
# ** Warning: ../../src/hvlTop/dmaTest/addressIncrement/2d/dma2dBlockTransferWithAddrIncrEfffXContinueSrcEqualDesXsizeYWrapSrcGreaterDesYsizeAndHwTiAndHiTo.sv(166): (vopt-2875) Task "dump_config_to_file" is being called in function "build_phase".
# ** Warning: ../../src/hvlTop/dmaTest/addressIncrement/2d/dma2dBlockTransferWithAddrIncrEfffXContinueSrcEqualDesXsizeYWrapSrcSmallerDesYsizeAndHwTiAndHiTo.sv(31): (vopt-2240) Treating stand-alone use of function 'randomize' as an implicit VOID cast.
# ** Warning: ../../src/hvlTop/dmaTest/addressIncrement/2d/dma2dBlockTransferWithAddrIncrEfffXContinueSrcEqualDesXsizeYWrapSrcSmallerDesYsizeAndHwTiAndHiTo.sv(166): (vopt-2875) Task "dump_config_to_file" is being called in function "build_phase".
# ** Warning: ../../src/hvlTop/dmaTest/addressIncrement/2d/dma2dBlockTransferWithAddrIncrEfffXContinueSrcGreaterDesXsizeYContinueSrcEqualDesYsizeAndHwTiAndHiTo.sv(31): (vopt-2240) Treating stand-alone use of function 'randomize' as an implicit VOID cast.
# ** Warning: ../../src/hvlTop/dmaTest/addressIncrement/2d/dma2dBlockTransferWithAddrIncrEfffXContinueSrcGreaterDesXsizeYContinueSrcEqualDesYsizeAndHwTiAndHiTo.sv(166): (vopt-2875) Task "dump_config_to_file" is being called in function "build_phase".
# ** Warning: ../../src/hvlTop/dmaTest/addressIncrement/2d/dma2dBlockTransferWithAddrIncrEfffXContinueSrcGreaterDesXsizeYContinueSrcGreaterDesYsizeAndHwTiAndHiTo.sv(31): (vopt-2240) Treating stand-alone use of function 'randomize' as an implicit VOID cast.
# ** Warning: ../../src/hvlTop/dmaTest/addressIncrement/2d/dma2dBlockTransferWithAddrIncrEfffXContinueSrcGreaterDesXsizeYContinueSrcGreaterDesYsizeAndHwTiAndHiTo.sv(166): (vopt-2875) Task "dump_config_to_file" is being called in function "build_phase".
# ** Warning: ../../src/hvlTop/dmaTest/addressIncrement/2d/dma2dBlockTransferWithAddrIncrEfffXContinueSrcGreaterDesXsizeYContinueSrcSmallerDesYsizeAndHwTiAndHiTo.sv(31): (vopt-2240) Treating stand-alone use of function 'randomize' as an implicit VOID cast.
# ** Warning: ../../src/hvlTop/dmaTest/addressIncrement/2d/dma2dBlockTransferWithAddrIncrEfffXContinueSrcGreaterDesXsizeYContinueSrcSmallerDesYsizeAndHwTiAndHiTo.sv(166): (vopt-2875) Task "dump_config_to_file" is being called in function "build_phase".
# ** Warning: ../../src/hvlTop/dmaTest/addressIncrement/2d/dma2dBlockTransferWithAddrIncrEfffXContinueSrcGreaterDesXsizeYFillSrcEqualDesYsizeAndHwTiAndHiTo.sv(31): (vopt-2240) Treating stand-alone use of function 'randomize' as an implicit VOID cast.
# ** Warning: ../../src/hvlTop/dmaTest/addressIncrement/2d/dma2dBlockTransferWithAddrIncrEfffXContinueSrcGreaterDesXsizeYFillSrcEqualDesYsizeAndHwTiAndHiTo.sv(166): (vopt-2875) Task "dump_config_to_file" is being called in function "build_phase".
# ** Warning: ../../src/hvlTop/dmaTest/addressIncrement/2d/dma2dBlockTransferWithAddrIncrEfffXContinueSrcGreaterDesXsizeYFillSrcGreaterDesYsizeAndHwTiAndHiTo.sv(31): (vopt-2240) Treating stand-alone use of function 'randomize' as an implicit VOID cast.
# ** Warning: ../../src/hvlTop/dmaTest/addressIncrement/2d/dma2dBlockTransferWithAddrIncrEfffXContinueSrcGreaterDesXsizeYFillSrcGreaterDesYsizeAndHwTiAndHiTo.sv(166): (vopt-2875) Task "dump_config_to_file" is being called in function "build_phase".
# ** Warning: ../../src/hvlTop/dmaTest/addressIncrement/2d/dma2dBlockTransferWithAddrIncrEfffXContinueSrcGreaterDesXsizeYFillSrcSmallerDesYsizeAndHwTiAndHiTo.sv(31): (vopt-2240) Treating stand-alone use of function 'randomize' as an implicit VOID cast.
# ** Warning: ../../src/hvlTop/dmaTest/addressIncrement/2d/dma2dBlockTransferWithAddrIncrEfffXContinueSrcGreaterDesXsizeYFillSrcSmallerDesYsizeAndHwTiAndHiTo.sv(166): (vopt-2875) Task "dump_config_to_file" is being called in function "build_phase".
# ** Warning: ../../src/hvlTop/dmaTest/addressIncrement/2d/dma2dBlockTransferWithAddrIncrEfffXContinueSrcGreaterDesXsizeYWrapSrcEqualDesYsizeAndHwTiAndHiTo.sv(31): (vopt-2240) Treating stand-alone use of function 'randomize' as an implicit VOID cast.
# ** Warning: ../../src/hvlTop/dmaTest/addressIncrement/2d/dma2dBlockTransferWithAddrIncrEfffXContinueSrcGreaterDesXsizeYWrapSrcEqualDesYsizeAndHwTiAndHiTo.sv(166): (vopt-2875) Task "dump_config_to_file" is being called in function "build_phase".
# ** Warning: ../../src/hvlTop/dmaTest/addressIncrement/2d/dma2dBlockTransferWithAddrIncrEfffXContinueSrcGreaterDesXsizeYWrapSrcGreaterDesYsizeAndHwTiAndHiTo.sv(31): (vopt-2240) Treating stand-alone use of function 'randomize' as an implicit VOID cast.
# ** Warning: ../../src/hvlTop/dmaTest/addressIncrement/2d/dma2dBlockTransferWithAddrIncrEfffXContinueSrcGreaterDesXsizeYWrapSrcGreaterDesYsizeAndHwTiAndHiTo.sv(166): (vopt-2875) Task "dump_config_to_file" is being called in function "build_phase".
# ** Warning: ../../src/hvlTop/dmaTest/addressIncrement/2d/dma2dBlockTransferWithAddrIncrEfffXContinueSrcGreaterDesXsizeYWrapSrcSmallerDesYsizeAndHwTiAndHiTo.sv(31): (vopt-2240) Treating stand-alone use of function 'randomize' as an implicit VOID cast.
# ** Warning: ../../src/hvlTop/dmaTest/addressIncrement/2d/dma2dBlockTransferWithAddrIncrEfffXContinueSrcGreaterDesXsizeYWrapSrcSmallerDesYsizeAndHwTiAndHiTo.sv(166): (vopt-2875) Task "dump_config_to_file" is being called in function "build_phase".
# ** Warning: ../../src/hvlTop/dmaTest/addressIncrement/2d/dma2dBlockTransferWithAddrIncrEfffXContinueSrcSmallerDesXsizeYContinueSrcEqualDesYsizeAndHwTiAndHiTo.sv(31): (vopt-2240) Treating stand-alone use of function 'randomize' as an implicit VOID cast.
# ** Warning: ../../src/hvlTop/dmaTest/addressIncrement/2d/dma2dBlockTransferWithAddrIncrEfffXContinueSrcSmallerDesXsizeYContinueSrcEqualDesYsizeAndHwTiAndHiTo.sv(166): (vopt-2875) Task "dump_config_to_file" is being called in function "build_phase".
# ** Warning: ../../src/hvlTop/dmaTest/addressIncrement/2d/dma2dBlockTransferWithAddrIncrEfffXContinueSrcSmallerDesXsizeYContinueSrcGreaterDesYsizeAndHwTiAndHiTo.sv(31): (vopt-2240) Treating stand-alone use of function 'randomize' as an implicit VOID cast.
# ** Warning: ../../src/hvlTop/dmaTest/addressIncrement/2d/dma2dBlockTransferWithAddrIncrEfffXContinueSrcSmallerDesXsizeYContinueSrcGreaterDesYsizeAndHwTiAndHiTo.sv(166): (vopt-2875) Task "dump_config_to_file" is being called in function "build_phase".
# ** Warning: ../../src/hvlTop/dmaTest/addressIncrement/2d/dma2dBlockTransferWithAddrIncrEfffXContinueSrcSmallerDesXsizeYContinueSrcSmallerDesYsizeAndHwTiAndHiTo.sv(31): (vopt-2240) Treating stand-alone use of function 'randomize' as an implicit VOID cast.
# ** Warning: ../../src/hvlTop/dmaTest/addressIncrement/2d/dma2dBlockTransferWithAddrIncrEfffXContinueSrcSmallerDesXsizeYContinueSrcSmallerDesYsizeAndHwTiAndHiTo.sv(166): (vopt-2875) Task "dump_config_to_file" is being called in function "build_phase".
# ** Warning: ../../src/hvlTop/dmaTest/addressIncrement/2d/dma2dBlockTransferWithAddrIncrEfffXContinueSrcSmallerDesXsizeYFillSrcEqualDesYsizeAndHwTiAndHiTo.sv(31): (vopt-2240) Treating stand-alone use of function 'randomize' as an implicit VOID cast.
# ** Warning: ../../src/hvlTop/dmaTest/addressIncrement/2d/dma2dBlockTransferWithAddrIncrEfffXContinueSrcSmallerDesXsizeYFillSrcEqualDesYsizeAndHwTiAndHiTo.sv(166): (vopt-2875) Task "dump_config_to_file" is being called in function "build_phase".
# ** Warning: ../../src/hvlTop/dmaTest/addressIncrement/2d/dma2dBlockTransferWithAddrIncrEfffXContinueSrcSmallerDesXsizeYFillSrcGreaterDesYsizeAndHwTiAndHiTo.sv(31): (vopt-2240) Treating stand-alone use of function 'randomize' as an implicit VOID cast.
# ** Warning: ../../src/hvlTop/dmaTest/addressIncrement/2d/dma2dBlockTransferWithAddrIncrEfffXContinueSrcSmallerDesXsizeYFillSrcGreaterDesYsizeAndHwTiAndHiTo.sv(166): (vopt-2875) Task "dump_config_to_file" is being called in function "build_phase".
# ** Warning: ../../src/hvlTop/dmaTest/addressIncrement/2d/dma2dBlockTransferWithAddrIncrEfffXContinueSrcSmallerDesXsizeYFillSrcSmallerDesYsizeAndHwTiAndHiTo.sv(31): (vopt-2240) Treating stand-alone use of function 'randomize' as an implicit VOID cast.
# ** Warning: ../../src/hvlTop/dmaTest/addressIncrement/2d/dma2dBlockTransferWithAddrIncrEfffXContinueSrcSmallerDesXsizeYFillSrcSmallerDesYsizeAndHwTiAndHiTo.sv(166): (vopt-2875) Task "dump_config_to_file" is being called in function "build_phase".
# ** Warning: ../../src/hvlTop/dmaTest/addressIncrement/2d/dma2dBlockTransferWithAddrIncrEfffXContinueSrcSmallerDesXsizeYWrapSrcEqualDesYsizeAndHwTiAndHiTo.sv(31): (vopt-2240) Treating stand-alone use of function 'randomize' as an implicit VOID cast.
# ** Warning: ../../src/hvlTop/dmaTest/addressIncrement/2d/dma2dBlockTransferWithAddrIncrEfffXContinueSrcSmallerDesXsizeYWrapSrcEqualDesYsizeAndHwTiAndHiTo.sv(166): (vopt-2875) Task "dump_config_to_file" is being called in function "build_phase".
# ** Warning: ../../src/hvlTop/dmaTest/addressIncrement/2d/dma2dBlockTransferWithAddrIncrEfffXContinueSrcSmallerDesXsizeYWrapSrcGreaterDesYsizeAndHwTiAndHiTo.sv(31): (vopt-2240) Treating stand-alone use of function 'randomize' as an implicit VOID cast.
# ** Warning: ../../src/hvlTop/dmaTest/addressIncrement/2d/dma2dBlockTransferWithAddrIncrEfffXContinueSrcSmallerDesXsizeYWrapSrcGreaterDesYsizeAndHwTiAndHiTo.sv(166): (vopt-2875) Task "dump_config_to_file" is being called in function "build_phase".
# ** Warning: ../../src/hvlTop/dmaTest/addressIncrement/2d/dma2dBlockTransferWithAddrIncrEfffXContinueSrcSmallerDesXsizeYWrapSrcSmallerDesYsizeAndHwTiAndHiTo.sv(31): (vopt-2240) Treating stand-alone use of function 'randomize' as an implicit VOID cast.
# ** Warning: ../../src/hvlTop/dmaTest/addressIncrement/2d/dma2dBlockTransferWithAddrIncrEfffXContinueSrcSmallerDesXsizeYWrapSrcSmallerDesYsizeAndHwTiAndHiTo.sv(166): (vopt-2875) Task "dump_config_to_file" is being called in function "build_phase".
# ** Warning: ../../src/hvlTop/dmaTest/addressIncrement/2d/dma2dBlockTransferWithAddrIncrEfffXFillSrcEqualDesXsizeYContinueSrcEqualDesYsizeAndHwTiAndHiTo.sv(31): (vopt-2240) Treating stand-alone use of function 'randomize' as an implicit VOID cast.
# ** Warning: ../../src/hvlTop/dmaTest/addressIncrement/2d/dma2dBlockTransferWithAddrIncrEfffXFillSrcEqualDesXsizeYContinueSrcEqualDesYsizeAndHwTiAndHiTo.sv(166): (vopt-2875) Task "dump_config_to_file" is being called in function "build_phase".
# ** Warning: ../../src/hvlTop/dmaTest/addressIncrement/2d/dma2dBlockTransferWithAddrIncrEfffXFillSrcEqualDesXsizeYContinueSrcGreaterDesYsizeAndHwTiAndHiTo.sv(31): (vopt-2240) Treating stand-alone use of function 'randomize' as an implicit VOID cast.
# ** Warning: ../../src/hvlTop/dmaTest/addressIncrement/2d/dma2dBlockTransferWithAddrIncrEfffXFillSrcEqualDesXsizeYContinueSrcGreaterDesYsizeAndHwTiAndHiTo.sv(166): (vopt-2875) Task "dump_config_to_file" is being called in function "build_phase".
# ** Warning: ../../src/hvlTop/dmaTest/addressIncrement/2d/dma2dBlockTransferWithAddrIncrEfffXFillSrcEqualDesXsizeYContinueSrcSmallerDesYsizeAndHwTiAndHiTo.sv(31): (vopt-2240) Treating stand-alone use of function 'randomize' as an implicit VOID cast.
# ** Warning: ../../src/hvlTop/dmaTest/addressIncrement/2d/dma2dBlockTransferWithAddrIncrEfffXFillSrcEqualDesXsizeYContinueSrcSmallerDesYsizeAndHwTiAndHiTo.sv(166): (vopt-2875) Task "dump_config_to_file" is being called in function "build_phase".
# ** Warning: ../../src/hvlTop/dmaTest/addressIncrement/2d/dma2dBlockTransferWithAddrIncrEfffXFillSrcEqualDesXsizeYFillSrcEqualDesYsizeAndHwTiAndHiTo.sv(31): (vopt-2240) Treating stand-alone use of function 'randomize' as an implicit VOID cast.
# ** Warning: ../../src/hvlTop/dmaTest/addressIncrement/2d/dma2dBlockTransferWithAddrIncrEfffXFillSrcEqualDesXsizeYFillSrcEqualDesYsizeAndHwTiAndHiTo.sv(166): (vopt-2875) Task "dump_config_to_file" is being called in function "build_phase".
# ** Warning: ../../src/hvlTop/dmaTest/addressIncrement/2d/dma2dBlockTransferWithAddrIncrEfffXFillSrcEqualDesXsizeYFillSrcGreaterDesYsizeAndHwTiAndHiTo.sv(31): (vopt-2240) Treating stand-alone use of function 'randomize' as an implicit VOID cast.
# ** Warning: ../../src/hvlTop/dmaTest/addressIncrement/2d/dma2dBlockTransferWithAddrIncrEfffXFillSrcEqualDesXsizeYFillSrcGreaterDesYsizeAndHwTiAndHiTo.sv(166): (vopt-2875) Task "dump_config_to_file" is being called in function "build_phase".
# ** Warning: ../../src/hvlTop/dmaTest/addressIncrement/2d/dma2dBlockTransferWithAddrIncrEfffXFillSrcEqualDesXsizeYFillSrcSmallerDesYsizeAndHwTiAndHiTo.sv(31): (vopt-2240) Treating stand-alone use of function 'randomize' as an implicit VOID cast.
# ** Warning: ../../src/hvlTop/dmaTest/addressIncrement/2d/dma2dBlockTransferWithAddrIncrEfffXFillSrcEqualDesXsizeYFillSrcSmallerDesYsizeAndHwTiAndHiTo.sv(166): (vopt-2875) Task "dump_config_to_file" is being called in function "build_phase".
# ** Warning: ../../src/hvlTop/dmaTest/addressIncrement/2d/dma2dBlockTransferWithAddrIncrEfffXFillSrcEqualDesXsizeYWrapSrcEqualDesYsizeAndHwTiAndHiTo.sv(31): (vopt-2240) Treating stand-alone use of function 'randomize' as an implicit VOID cast.
# ** Warning: ../../src/hvlTop/dmaTest/addressIncrement/2d/dma2dBlockTransferWithAddrIncrEfffXFillSrcEqualDesXsizeYWrapSrcEqualDesYsizeAndHwTiAndHiTo.sv(166): (vopt-2875) Task "dump_config_to_file" is being called in function "build_phase".
# ** Warning: ../../src/hvlTop/dmaTest/addressIncrement/2d/dma2dBlockTransferWithAddrIncrEfffXFillSrcEqualDesXsizeYWrapSrcGreaterDesYsizeAndHwTiAndHiTo.sv(31): (vopt-2240) Treating stand-alone use of function 'randomize' as an implicit VOID cast.
# ** Warning: ../../src/hvlTop/dmaTest/addressIncrement/2d/dma2dBlockTransferWithAddrIncrEfffXFillSrcEqualDesXsizeYWrapSrcGreaterDesYsizeAndHwTiAndHiTo.sv(166): (vopt-2875) Task "dump_config_to_file" is being called in function "build_phase".
# ** Warning: ../../src/hvlTop/dmaTest/addressIncrement/2d/dma2dBlockTransferWithAddrIncrEfffXFillSrcEqualDesXsizeYWrapSrcSmallerDesYsizeAndHwTiAndHiTo.sv(31): (vopt-2240) Treating stand-alone use of function 'randomize' as an implicit VOID cast.
# ** Warning: ../../src/hvlTop/dmaTest/addressIncrement/2d/dma2dBlockTransferWithAddrIncrEfffXFillSrcEqualDesXsizeYWrapSrcSmallerDesYsizeAndHwTiAndHiTo.sv(166): (vopt-2875) Task "dump_config_to_file" is being called in function "build_phase".
# ** Warning: ../../src/hvlTop/dmaTest/addressIncrement/2d/dma2dBlockTransferWithAddrIncrEfffXFillSrcGreaterDesXsizeYContinueSrcEqualDesYsizeAndHwTiAndHiTo.sv(31): (vopt-2240) Treating stand-alone use of function 'randomize' as an implicit VOID cast.
# ** Warning: ../../src/hvlTop/dmaTest/addressIncrement/2d/dma2dBlockTransferWithAddrIncrEfffXFillSrcGreaterDesXsizeYContinueSrcEqualDesYsizeAndHwTiAndHiTo.sv(166): (vopt-2875) Task "dump_config_to_file" is being called in function "build_phase".
# ** Warning: ../../src/hvlTop/dmaTest/addressIncrement/2d/dma2dBlockTransferWithAddrIncrEfffXFillSrcGreaterDesXsizeYContinueSrcGreaterDesYsizeAndHwTiAndHiTo.sv(31): (vopt-2240) Treating stand-alone use of function 'randomize' as an implicit VOID cast.
# ** Warning: ../../src/hvlTop/dmaTest/addressIncrement/2d/dma2dBlockTransferWithAddrIncrEfffXFillSrcGreaterDesXsizeYContinueSrcGreaterDesYsizeAndHwTiAndHiTo.sv(166): (vopt-2875) Task "dump_config_to_file" is being called in function "build_phase".
# ** Warning: ../../src/hvlTop/dmaTest/addressIncrement/2d/dma2dBlockTransferWithAddrIncrEfffXFillSrcGreaterDesXsizeYContinueSrcSmallerDesYsizeAndHwTiAndHiTo.sv(31): (vopt-2240) Treating stand-alone use of function 'randomize' as an implicit VOID cast.
# ** Warning: ../../src/hvlTop/dmaTest/addressIncrement/2d/dma2dBlockTransferWithAddrIncrEfffXFillSrcGreaterDesXsizeYContinueSrcSmallerDesYsizeAndHwTiAndHiTo.sv(166): (vopt-2875) Task "dump_config_to_file" is being called in function "build_phase".
# ** Warning: ../../src/hvlTop/dmaTest/addressIncrement/2d/dma2dBlockTransferWithAddrIncrEfffXFillSrcGreaterDesXsizeYFillSrcEqualDesYsizeAndHwTiAndHiTo.sv(31): (vopt-2240) Treating stand-alone use of function 'randomize' as an implicit VOID cast.
# ** Warning: ../../src/hvlTop/dmaTest/addressIncrement/2d/dma2dBlockTransferWithAddrIncrEfffXFillSrcGreaterDesXsizeYFillSrcEqualDesYsizeAndHwTiAndHiTo.sv(166): (vopt-2875) Task "dump_config_to_file" is being called in function "build_phase".
# ** Warning: ../../src/hvlTop/dmaTest/addressIncrement/2d/dma2dBlockTransferWithAddrIncrEfffXFillSrcGreaterDesXsizeYFillSrcGreaterDesYsizeAndHwTiAndHiTo.sv(31): (vopt-2240) Treating stand-alone use of function 'randomize' as an implicit VOID cast.
# ** Warning: ../../src/hvlTop/dmaTest/addressIncrement/2d/dma2dBlockTransferWithAddrIncrEfffXFillSrcGreaterDesXsizeYFillSrcGreaterDesYsizeAndHwTiAndHiTo.sv(166): (vopt-2875) Task "dump_config_to_file" is being called in function "build_phase".
# ** Warning: ../../src/hvlTop/dmaTest/addressIncrement/2d/dma2dBlockTransferWithAddrIncrEfffXFillSrcGreaterDesXsizeYFillSrcSmallerDesYsizeAndHwTiAndHiTo.sv(31): (vopt-2240) Treating stand-alone use of function 'randomize' as an implicit VOID cast.
# ** Warning: ../../src/hvlTop/dmaTest/addressIncrement/2d/dma2dBlockTransferWithAddrIncrEfffXFillSrcGreaterDesXsizeYFillSrcSmallerDesYsizeAndHwTiAndHiTo.sv(166): (vopt-2875) Task "dump_config_to_file" is being called in function "build_phase".
# ** Warning: ../../src/hvlTop/dmaTest/addressIncrement/2d/dma2dBlockTransferWithAddrIncrEfffXFillSrcGreaterDesXsizeYWrapSrcEqualDesYsizeAndHwTiAndHiTo.sv(31): (vopt-2240) Treating stand-alone use of function 'randomize' as an implicit VOID cast.
# ** Warning: ../../src/hvlTop/dmaTest/addressIncrement/2d/dma2dBlockTransferWithAddrIncrEfffXFillSrcGreaterDesXsizeYWrapSrcEqualDesYsizeAndHwTiAndHiTo.sv(166): (vopt-2875) Task "dump_config_to_file" is being called in function "build_phase".
# ** Warning: ../../src/hvlTop/dmaTest/addressIncrement/2d/dma2dBlockTransferWithAddrIncrEfffXFillSrcGreaterDesXsizeYWrapSrcGreaterDesYsizeAndHwTiAndHiTo.sv(31): (vopt-2240) Treating stand-alone use of function 'randomize' as an implicit VOID cast.
# ** Warning: ../../src/hvlTop/dmaTest/addressIncrement/2d/dma2dBlockTransferWithAddrIncrEfffXFillSrcGreaterDesXsizeYWrapSrcGreaterDesYsizeAndHwTiAndHiTo.sv(166): (vopt-2875) Task "dump_config_to_file" is being called in function "build_phase".
# ** Warning: ../../src/hvlTop/dmaTest/addressIncrement/2d/dma2dBlockTransferWithAddrIncrEfffXFillSrcGreaterDesXsizeYWrapSrcSmallerDesYsizeAndHwTiAndHiTo.sv(31): (vopt-2240) Treating stand-alone use of function 'randomize' as an implicit VOID cast.
# ** Warning: ../../src/hvlTop/dmaTest/addressIncrement/2d/dma2dBlockTransferWithAddrIncrEfffXFillSrcGreaterDesXsizeYWrapSrcSmallerDesYsizeAndHwTiAndHiTo.sv(166): (vopt-2875) Task "dump_config_to_file" is being called in function "build_phase".
# ** Warning: ../../src/hvlTop/dmaTest/addressIncrement/2d/dma2dBlockTransferWithAddrIncrEfffXFillSrcSmallerDesXsizeYContinueSrcEqualDesYsizeAndHwTiAndHiTo.sv(31): (vopt-2240) Treating stand-alone use of function 'randomize' as an implicit VOID cast.
# ** Warning: ../../src/hvlTop/dmaTest/addressIncrement/2d/dma2dBlockTransferWithAddrIncrEfffXFillSrcSmallerDesXsizeYContinueSrcEqualDesYsizeAndHwTiAndHiTo.sv(166): (vopt-2875) Task "dump_config_to_file" is being called in function "build_phase".
# ** Warning: ../../src/hvlTop/dmaTest/addressIncrement/2d/dma2dBlockTransferWithAddrIncrEfffXFillSrcSmallerDesXsizeYContinueSrcGreaterDesYsizeAndHwTiAndHiTo.sv(31): (vopt-2240) Treating stand-alone use of function 'randomize' as an implicit VOID cast.
# ** Warning: ../../src/hvlTop/dmaTest/addressIncrement/2d/dma2dBlockTransferWithAddrIncrEfffXFillSrcSmallerDesXsizeYContinueSrcGreaterDesYsizeAndHwTiAndHiTo.sv(166): (vopt-2875) Task "dump_config_to_file" is being called in function "build_phase".
# ** Warning: ../../src/hvlTop/dmaTest/addressIncrement/2d/dma2dBlockTransferWithAddrIncrEfffXFillSrcSmallerDesXsizeYContinueSrcSmallerDesYsizeAndHwTiAndHiTo.sv(31): (vopt-2240) Treating stand-alone use of function 'randomize' as an implicit VOID cast.
# ** Warning: ../../src/hvlTop/dmaTest/addressIncrement/2d/dma2dBlockTransferWithAddrIncrEfffXFillSrcSmallerDesXsizeYContinueSrcSmallerDesYsizeAndHwTiAndHiTo.sv(166): (vopt-2875) Task "dump_config_to_file" is being called in function "build_phase".
# ** Warning: ../../src/hvlTop/dmaTest/addressIncrement/2d/dma2dBlockTransferWithAddrIncrEfffXFillSrcSmallerDesXsizeYFillSrcEqualDesYsizeAndHwTiAndHiTo.sv(31): (vopt-2240) Treating stand-alone use of function 'randomize' as an implicit VOID cast.
# ** Warning: ../../src/hvlTop/dmaTest/addressIncrement/2d/dma2dBlockTransferWithAddrIncrEfffXFillSrcSmallerDesXsizeYFillSrcEqualDesYsizeAndHwTiAndHiTo.sv(166): (vopt-2875) Task "dump_config_to_file" is being called in function "build_phase".
# ** Warning: ../../src/hvlTop/dmaTest/addressIncrement/2d/dma2dBlockTransferWithAddrIncrEfffXFillSrcSmallerDesXsizeYFillSrcGreaterDesYsizeAndHwTiAndHiTo.sv(31): (vopt-2240) Treating stand-alone use of function 'randomize' as an implicit VOID cast.
# ** Warning: ../../src/hvlTop/dmaTest/addressIncrement/2d/dma2dBlockTransferWithAddrIncrEfffXFillSrcSmallerDesXsizeYFillSrcGreaterDesYsizeAndHwTiAndHiTo.sv(166): (vopt-2875) Task "dump_config_to_file" is being called in function "build_phase".
# ** Warning: ../../src/hvlTop/dmaTest/addressIncrement/2d/dma2dBlockTransferWithAddrIncrEfffXFillSrcSmallerDesXsizeYFillSrcSmallerDesYsizeAndHwTiAndHiTo.sv(31): (vopt-2240) Treating stand-alone use of function 'randomize' as an implicit VOID cast.
# ** Warning: ../../src/hvlTop/dmaTest/addressIncrement/2d/dma2dBlockTransferWithAddrIncrEfffXFillSrcSmallerDesXsizeYFillSrcSmallerDesYsizeAndHwTiAndHiTo.sv(166): (vopt-2875) Task "dump_config_to_file" is being called in function "build_phase".
# ** Warning: ../../src/hvlTop/dmaTest/addressIncrement/2d/dma2dBlockTransferWithAddrIncrEfffXFillSrcSmallerDesXsizeYWrapSrcEqualDesYsizeAndHwTiAndHiTo.sv(31): (vopt-2240) Treating stand-alone use of function 'randomize' as an implicit VOID cast.
# ** Warning: ../../src/hvlTop/dmaTest/addressIncrement/2d/dma2dBlockTransferWithAddrIncrEfffXFillSrcSmallerDesXsizeYWrapSrcEqualDesYsizeAndHwTiAndHiTo.sv(166): (vopt-2875) Task "dump_config_to_file" is being called in function "build_phase".
# ** Warning: ../../src/hvlTop/dmaTest/addressIncrement/2d/dma2dBlockTransferWithAddrIncrEfffXFillSrcSmallerDesXsizeYWrapSrcGreaterDesYsizeAndHwTiAndHiTo.sv(31): (vopt-2240) Treating stand-alone use of function 'randomize' as an implicit VOID cast.
# ** Warning: ../../src/hvlTop/dmaTest/addressIncrement/2d/dma2dBlockTransferWithAddrIncrEfffXFillSrcSmallerDesXsizeYWrapSrcGreaterDesYsizeAndHwTiAndHiTo.sv(166): (vopt-2875) Task "dump_config_to_file" is being called in function "build_phase".
# ** Warning: ../../src/hvlTop/dmaTest/addressIncrement/2d/dma2dBlockTransferWithAddrIncrEfffXFillSrcSmallerDesXsizeYWrapSrcSmallerDesYsizeAndHwTiAndHiTo.sv(31): (vopt-2240) Treating stand-alone use of function 'randomize' as an implicit VOID cast.
# ** Warning: ../../src/hvlTop/dmaTest/addressIncrement/2d/dma2dBlockTransferWithAddrIncrEfffXFillSrcSmallerDesXsizeYWrapSrcSmallerDesYsizeAndHwTiAndHiTo.sv(166): (vopt-2875) Task "dump_config_to_file" is being called in function "build_phase".
# ** Warning: ../../src/hvlTop/dmaTest/addressIncrement/2d/dma2dBlockTransferWithAddrIncrEfffXWrapSrcEqualDesXsizeYContinueSrcEqualDesYsizeAndHwTiAndHiTo.sv(31): (vopt-2240) Treating stand-alone use of function 'randomize' as an implicit VOID cast.
# ** Warning: ../../src/hvlTop/dmaTest/addressIncrement/2d/dma2dBlockTransferWithAddrIncrEfffXWrapSrcEqualDesXsizeYContinueSrcEqualDesYsizeAndHwTiAndHiTo.sv(166): (vopt-2875) Task "dump_config_to_file" is being called in function "build_phase".
# ** Warning: ../../src/hvlTop/dmaTest/addressIncrement/2d/dma2dBlockTransferWithAddrIncrEfffXWrapSrcEqualDesXsizeYContinueSrcGreaterDesYsizeAndHwTiAndHiTo.sv(31): (vopt-2240) Treating stand-alone use of function 'randomize' as an implicit VOID cast.
# ** Warning: ../../src/hvlTop/dmaTest/addressIncrement/2d/dma2dBlockTransferWithAddrIncrEfffXWrapSrcEqualDesXsizeYContinueSrcGreaterDesYsizeAndHwTiAndHiTo.sv(166): (vopt-2875) Task "dump_config_to_file" is being called in function "build_phase".
# ** Warning: ../../src/hvlTop/dmaTest/addressIncrement/2d/dma2dBlockTransferWithAddrIncrEfffXWrapSrcEqualDesXsizeYContinueSrcSmallerDesYsizeAndHwTiAndHiTo.sv(31): (vopt-2240) Treating stand-alone use of function 'randomize' as an implicit VOID cast.
# ** Warning: ../../src/hvlTop/dmaTest/addressIncrement/2d/dma2dBlockTransferWithAddrIncrEfffXWrapSrcEqualDesXsizeYContinueSrcSmallerDesYsizeAndHwTiAndHiTo.sv(166): (vopt-2875) Task "dump_config_to_file" is being called in function "build_phase".
# ** Warning: ../../src/hvlTop/dmaTest/addressIncrement/2d/dma2dBlockTransferWithAddrIncrEfffXWrapSrcEqualDesXsizeYFillSrcEqualDesYsizeAndHwTiAndHiTo.sv(31): (vopt-2240) Treating stand-alone use of function 'randomize' as an implicit VOID cast.
# ** Warning: ../../src/hvlTop/dmaTest/addressIncrement/2d/dma2dBlockTransferWithAddrIncrEfffXWrapSrcEqualDesXsizeYFillSrcEqualDesYsizeAndHwTiAndHiTo.sv(166): (vopt-2875) Task "dump_config_to_file" is being called in function "build_phase".
# ** Warning: ../../src/hvlTop/dmaTest/addressIncrement/2d/dma2dBlockTransferWithAddrIncrEfffXWrapSrcEqualDesXsizeYFillSrcGreaterDesYsizeAndHwTiAndHiTo.sv(31): (vopt-2240) Treating stand-alone use of function 'randomize' as an implicit VOID cast.
# ** Warning: ../../src/hvlTop/dmaTest/addressIncrement/2d/dma2dBlockTransferWithAddrIncrEfffXWrapSrcEqualDesXsizeYFillSrcGreaterDesYsizeAndHwTiAndHiTo.sv(166): (vopt-2875) Task "dump_config_to_file" is being called in function "build_phase".
# ** Warning: ../../src/hvlTop/dmaTest/addressIncrement/2d/dma2dBlockTransferWithAddrIncrEfffXWrapSrcEqualDesXsizeYFillSrcSmallerDesYsizeAndHwTiAndHiTo.sv(31): (vopt-2240) Treating stand-alone use of function 'randomize' as an implicit VOID cast.
# ** Warning: ../../src/hvlTop/dmaTest/addressIncrement/2d/dma2dBlockTransferWithAddrIncrEfffXWrapSrcEqualDesXsizeYFillSrcSmallerDesYsizeAndHwTiAndHiTo.sv(166): (vopt-2875) Task "dump_config_to_file" is being called in function "build_phase".
# ** Warning: ../../src/hvlTop/dmaTest/addressIncrement/2d/dma2dBlockTransferWithAddrIncrEfffXWrapSrcEqualDesXsizeYWrapSrcEqualDesYsizeAndHwTiAndHiTo.sv(31): (vopt-2240) Treating stand-alone use of function 'randomize' as an implicit VOID cast.
# ** Warning: ../../src/hvlTop/dmaTest/addressIncrement/2d/dma2dBlockTransferWithAddrIncrEfffXWrapSrcEqualDesXsizeYWrapSrcEqualDesYsizeAndHwTiAndHiTo.sv(166): (vopt-2875) Task "dump_config_to_file" is being called in function "build_phase".
# ** Warning: ../../src/hvlTop/dmaTest/addressIncrement/2d/dma2dBlockTransferWithAddrIncrEfffXWrapSrcEqualDesXsizeYWrapSrcGreaterDesYsizeAndHwTiAndHiTo.sv(31): (vopt-2240) Treating stand-alone use of function 'randomize' as an implicit VOID cast.
# ** Warning: ../../src/hvlTop/dmaTest/addressIncrement/2d/dma2dBlockTransferWithAddrIncrEfffXWrapSrcEqualDesXsizeYWrapSrcGreaterDesYsizeAndHwTiAndHiTo.sv(166): (vopt-2875) Task "dump_config_to_file" is being called in function "build_phase".
# ** Warning: ../../src/hvlTop/dmaTest/addressIncrement/2d/dma2dBlockTransferWithAddrIncrEfffXWrapSrcEqualDesXsizeYWrapSrcSmallerDesYsizeAndHwTiAndHiTo.sv(31): (vopt-2240) Treating stand-alone use of function 'randomize' as an implicit VOID cast.
# ** Warning: ../../src/hvlTop/dmaTest/addressIncrement/2d/dma2dBlockTransferWithAddrIncrEfffXWrapSrcEqualDesXsizeYWrapSrcSmallerDesYsizeAndHwTiAndHiTo.sv(166): (vopt-2875) Task "dump_config_to_file" is being called in function "build_phase".
# ** Warning: ../../src/hvlTop/dmaTest/addressIncrement/2d/dma2dBlockTransferWithAddrIncrEfffXWrapSrcGreaterDesXsizeYContinueSrcEqualDesYsizeAndHwTiAndHiTo.sv(31): (vopt-2240) Treating stand-alone use of function 'randomize' as an implicit VOID cast.
# ** Warning: ../../src/hvlTop/dmaTest/addressIncrement/2d/dma2dBlockTransferWithAddrIncrEfffXWrapSrcGreaterDesXsizeYContinueSrcEqualDesYsizeAndHwTiAndHiTo.sv(166): (vopt-2875) Task "dump_config_to_file" is being called in function "build_phase".
# ** Warning: ../../src/hvlTop/dmaTest/addressIncrement/2d/dma2dBlockTransferWithAddrIncrEfffXWrapSrcGreaterDesXsizeYContinueSrcGreaterDesYsizeAndHwTiAndHiTo.sv(31): (vopt-2240) Treating stand-alone use of function 'randomize' as an implicit VOID cast.
# ** Warning: ../../src/hvlTop/dmaTest/addressIncrement/2d/dma2dBlockTransferWithAddrIncrEfffXWrapSrcGreaterDesXsizeYContinueSrcGreaterDesYsizeAndHwTiAndHiTo.sv(166): (vopt-2875) Task "dump_config_to_file" is being called in function "build_phase".
# ** Warning: ../../src/hvlTop/dmaTest/addressIncrement/2d/dma2dBlockTransferWithAddrIncrEfffXWrapSrcGreaterDesXsizeYContinueSrcSmallerDesYsizeAndHwTiAndHiTo.sv(31): (vopt-2240) Treating stand-alone use of function 'randomize' as an implicit VOID cast.
# ** Warning: ../../src/hvlTop/dmaTest/addressIncrement/2d/dma2dBlockTransferWithAddrIncrEfffXWrapSrcGreaterDesXsizeYContinueSrcSmallerDesYsizeAndHwTiAndHiTo.sv(166): (vopt-2875) Task "dump_config_to_file" is being called in function "build_phase".
# ** Warning: ../../src/hvlTop/dmaTest/addressIncrement/2d/dma2dBlockTransferWithAddrIncrEfffXWrapSrcGreaterDesXsizeYFillSrcEqualDesYsizeAndHwTiAndHiTo.sv(31): (vopt-2240) Treating stand-alone use of function 'randomize' as an implicit VOID cast.
# ** Warning: ../../src/hvlTop/dmaTest/addressIncrement/2d/dma2dBlockTransferWithAddrIncrEfffXWrapSrcGreaterDesXsizeYFillSrcEqualDesYsizeAndHwTiAndHiTo.sv(166): (vopt-2875) Task "dump_config_to_file" is being called in function "build_phase".
# ** Warning: ../../src/hvlTop/dmaTest/addressIncrement/2d/dma2dBlockTransferWithAddrIncrEfffXWrapSrcGreaterDesXsizeYFillSrcGreaterDesYsizeAndHwTiAndHiTo.sv(31): (vopt-2240) Treating stand-alone use of function 'randomize' as an implicit VOID cast.
# ** Warning: ../../src/hvlTop/dmaTest/addressIncrement/2d/dma2dBlockTransferWithAddrIncrEfffXWrapSrcGreaterDesXsizeYFillSrcGreaterDesYsizeAndHwTiAndHiTo.sv(166): (vopt-2875) Task "dump_config_to_file" is being called in function "build_phase".
# ** Warning: ../../src/hvlTop/dmaTest/addressIncrement/2d/dma2dBlockTransferWithAddrIncrEfffXWrapSrcGreaterDesXsizeYFillSrcSmallerDesYsizeAndHwTiAndHiTo.sv(31): (vopt-2240) Treating stand-alone use of function 'randomize' as an implicit VOID cast.
# ** Warning: ../../src/hvlTop/dmaTest/addressIncrement/2d/dma2dBlockTransferWithAddrIncrEfffXWrapSrcGreaterDesXsizeYFillSrcSmallerDesYsizeAndHwTiAndHiTo.sv(166): (vopt-2875) Task "dump_config_to_file" is being called in function "build_phase".
# ** Warning: ../../src/hvlTop/dmaTest/addressIncrement/2d/dma2dBlockTransferWithAddrIncrEfffXWrapSrcGreaterDesXsizeYWrapSrcEqualDesYsizeAndHwTiAndHiTo.sv(31): (vopt-2240) Treating stand-alone use of function 'randomize' as an implicit VOID cast.
# ** Warning: ../../src/hvlTop/dmaTest/addressIncrement/2d/dma2dBlockTransferWithAddrIncrEfffXWrapSrcGreaterDesXsizeYWrapSrcEqualDesYsizeAndHwTiAndHiTo.sv(166): (vopt-2875) Task "dump_config_to_file" is being called in function "build_phase".
# ** Warning: ../../src/hvlTop/dmaTest/addressIncrement/2d/dma2dBlockTransferWithAddrIncrEfffXWrapSrcGreaterDesXsizeYWrapSrcGreaterDesYsizeAndHwTiAndHiTo.sv(31): (vopt-2240) Treating stand-alone use of function 'randomize' as an implicit VOID cast.
# ** Warning: ../../src/hvlTop/dmaTest/addressIncrement/2d/dma2dBlockTransferWithAddrIncrEfffXWrapSrcGreaterDesXsizeYWrapSrcGreaterDesYsizeAndHwTiAndHiTo.sv(166): (vopt-2875) Task "dump_config_to_file" is being called in function "build_phase".
# ** Warning: ../../src/hvlTop/dmaTest/addressIncrement/2d/dma2dBlockTransferWithAddrIncrEfffXWrapSrcGreaterDesXsizeYWrapSrcSmallerDesYsizeAndHwTiAndHiTo.sv(31): (vopt-2240) Treating stand-alone use of function 'randomize' as an implicit VOID cast.
# ** Warning: ../../src/hvlTop/dmaTest/addressIncrement/2d/dma2dBlockTransferWithAddrIncrEfffXWrapSrcGreaterDesXsizeYWrapSrcSmallerDesYsizeAndHwTiAndHiTo.sv(166): (vopt-2875) Task "dump_config_to_file" is being called in function "build_phase".
# ** Warning: ../../src/hvlTop/dmaTest/addressIncrement/2d/dma2dBlockTransferWithAddrIncrEfffXWrapSrcSmallerDesXsizeYContinueSrcEqualDesYsizeAndHwTiAndHiTo.sv(31): (vopt-2240) Treating stand-alone use of function 'randomize' as an implicit VOID cast.
# ** Warning: ../../src/hvlTop/dmaTest/addressIncrement/2d/dma2dBlockTransferWithAddrIncrEfffXWrapSrcSmallerDesXsizeYContinueSrcEqualDesYsizeAndHwTiAndHiTo.sv(166): (vopt-2875) Task "dump_config_to_file" is being called in function "build_phase".
# ** Warning: ../../src/hvlTop/dmaTest/addressIncrement/2d/dma2dBlockTransferWithAddrIncrEfffXWrapSrcSmallerDesXsizeYContinueSrcGreaterDesYsizeAndHwTiAndHiTo.sv(31): (vopt-2240) Treating stand-alone use of function 'randomize' as an implicit VOID cast.
# ** Warning: ../../src/hvlTop/dmaTest/addressIncrement/2d/dma2dBlockTransferWithAddrIncrEfffXWrapSrcSmallerDesXsizeYContinueSrcGreaterDesYsizeAndHwTiAndHiTo.sv(166): (vopt-2875) Task "dump_config_to_file" is being called in function "build_phase".
# ** Warning: ../../src/hvlTop/dmaTest/addressIncrement/2d/dma2dBlockTransferWithAddrIncrEfffXWrapSrcSmallerDesXsizeYContinueSrcSmallerDesYsizeAndHwTiAndHiTo.sv(31): (vopt-2240) Treating stand-alone use of function 'randomize' as an implicit VOID cast.
# ** Warning: ../../src/hvlTop/dmaTest/addressIncrement/2d/dma2dBlockTransferWithAddrIncrEfffXWrapSrcSmallerDesXsizeYContinueSrcSmallerDesYsizeAndHwTiAndHiTo.sv(166): (vopt-2875) Task "dump_config_to_file" is being called in function "build_phase".
# ** Warning: ../../src/hvlTop/dmaTest/addressIncrement/2d/dma2dBlockTransferWithAddrIncrEfffXWrapSrcSmallerDesXsizeYFillSrcEqualDesYsizeAndHwTiAndHiTo.sv(31): (vopt-2240) Treating stand-alone use of function 'randomize' as an implicit VOID cast.
# ** Warning: ../../src/hvlTop/dmaTest/addressIncrement/2d/dma2dBlockTransferWithAddrIncrEfffXWrapSrcSmallerDesXsizeYFillSrcEqualDesYsizeAndHwTiAndHiTo.sv(166): (vopt-2875) Task "dump_config_to_file" is being called in function "build_phase".
# ** Warning: ../../src/hvlTop/dmaTest/addressIncrement/2d/dma2dBlockTransferWithAddrIncrEfffXWrapSrcSmallerDesXsizeYFillSrcGreaterDesYsizeAndHwTiAndHiTo.sv(31): (vopt-2240) Treating stand-alone use of function 'randomize' as an implicit VOID cast.
# ** Warning: ../../src/hvlTop/dmaTest/addressIncrement/2d/dma2dBlockTransferWithAddrIncrEfffXWrapSrcSmallerDesXsizeYFillSrcGreaterDesYsizeAndHwTiAndHiTo.sv(166): (vopt-2875) Task "dump_config_to_file" is being called in function "build_phase".
# ** Warning: ../../src/hvlTop/dmaTest/addressIncrement/2d/dma2dBlockTransferWithAddrIncrEfffXWrapSrcSmallerDesXsizeYFillSrcSmallerDesYsizeAndHwTiAndHiTo.sv(31): (vopt-2240) Treating stand-alone use of function 'randomize' as an implicit VOID cast.
# ** Warning: ../../src/hvlTop/dmaTest/addressIncrement/2d/dma2dBlockTransferWithAddrIncrEfffXWrapSrcSmallerDesXsizeYFillSrcSmallerDesYsizeAndHwTiAndHiTo.sv(166): (vopt-2875) Task "dump_config_to_file" is being called in function "build_phase".
# ** Warning: ../../src/hvlTop/dmaTest/addressIncrement/2d/dma2dBlockTransferWithAddrIncrEfffXWrapSrcSmallerDesXsizeYWrapSrcEqualDesYsizeAndHwTiAndHiTo.sv(31): (vopt-2240) Treating stand-alone use of function 'randomize' as an implicit VOID cast.
# ** Warning: ../../src/hvlTop/dmaTest/addressIncrement/2d/dma2dBlockTransferWithAddrIncrEfffXWrapSrcSmallerDesXsizeYWrapSrcEqualDesYsizeAndHwTiAndHiTo.sv(166): (vopt-2875) Task "dump_config_to_file" is being called in function "build_phase".
# ** Warning: ../../src/hvlTop/dmaTest/addressIncrement/2d/dma2dBlockTransferWithAddrIncrEfffXWrapSrcSmallerDesXsizeYWrapSrcGreaterDesYsizeAndHwTiAndHiTo.sv(31): (vopt-2240) Treating stand-alone use of function 'randomize' as an implicit VOID cast.
# ** Warning: ../../src/hvlTop/dmaTest/addressIncrement/2d/dma2dBlockTransferWithAddrIncrEfffXWrapSrcSmallerDesXsizeYWrapSrcGreaterDesYsizeAndHwTiAndHiTo.sv(166): (vopt-2875) Task "dump_config_to_file" is being called in function "build_phase".
# ** Warning: ../../src/hvlTop/dmaTest/addressIncrement/2d/dma2dBlockTransferWithAddrIncrEfffXWrapSrcSmallerDesXsizeYWrapSrcSmallerDesYsizeAndHwTiAndHiTo.sv(31): (vopt-2240) Treating stand-alone use of function 'randomize' as an implicit VOID cast.
# ** Warning: ../../src/hvlTop/dmaTest/addressIncrement/2d/dma2dBlockTransferWithAddrIncrEfffXWrapSrcSmallerDesXsizeYWrapSrcSmallerDesYsizeAndHwTiAndHiTo.sv(166): (vopt-2875) Task "dump_config_to_file" is being called in function "build_phase".
# ** Warning: ../../src/hvlTop/dmaTest/addressIncrement/2d/dma2dBlockTransferWithAddrIncrFfffXContinueSrcEqualDesXsizeYContinueSrcEqualDesYsizeAndHwTiAndHiTo.sv(31): (vopt-2240) Treating stand-alone use of function 'randomize' as an implicit VOID cast.
# ** Warning: ../../src/hvlTop/dmaTest/addressIncrement/2d/dma2dBlockTransferWithAddrIncrFfffXContinueSrcEqualDesXsizeYContinueSrcEqualDesYsizeAndHwTiAndHiTo.sv(166): (vopt-2875) Task "dump_config_to_file" is being called in function "build_phase".
# ** Warning: ../../src/hvlTop/dmaTest/addressIncrement/2d/dma2dBlockTransferWithAddrIncrFfffXContinueSrcEqualDesXsizeYContinueSrcGreaterDesYsizeAndHwTiAndHiTo.sv(31): (vopt-2240) Treating stand-alone use of function 'randomize' as an implicit VOID cast.
# ** Warning: ../../src/hvlTop/dmaTest/addressIncrement/2d/dma2dBlockTransferWithAddrIncrFfffXContinueSrcEqualDesXsizeYContinueSrcGreaterDesYsizeAndHwTiAndHiTo.sv(166): (vopt-2875) Task "dump_config_to_file" is being called in function "build_phase".
# ** Warning: ../../src/hvlTop/dmaTest/addressIncrement/2d/dma2dBlockTransferWithAddrIncrFfffXContinueSrcEqualDesXsizeYContinueSrcSmallerDesYsizeAndHwTiAndHiTo.sv(31): (vopt-2240) Treating stand-alone use of function 'randomize' as an implicit VOID cast.
# ** Warning: ../../src/hvlTop/dmaTest/addressIncrement/2d/dma2dBlockTransferWithAddrIncrFfffXContinueSrcEqualDesXsizeYContinueSrcSmallerDesYsizeAndHwTiAndHiTo.sv(166): (vopt-2875) Task "dump_config_to_file" is being called in function "build_phase".
# ** Warning: ../../src/hvlTop/dmaTest/addressIncrement/2d/dma2dBlockTransferWithAddrIncrFfffXContinueSrcEqualDesXsizeYFillSrcEqualDesYsizeAndHwTiAndHiTo.sv(31): (vopt-2240) Treating stand-alone use of function 'randomize' as an implicit VOID cast.
# ** Warning: ../../src/hvlTop/dmaTest/addressIncrement/2d/dma2dBlockTransferWithAddrIncrFfffXContinueSrcEqualDesXsizeYFillSrcEqualDesYsizeAndHwTiAndHiTo.sv(166): (vopt-2875) Task "dump_config_to_file" is being called in function "build_phase".
# ** Warning: ../../src/hvlTop/dmaTest/addressIncrement/2d/dma2dBlockTransferWithAddrIncrFfffXContinueSrcEqualDesXsizeYFillSrcGreaterDesYsizeAndHwTiAndHiTo.sv(31): (vopt-2240) Treating stand-alone use of function 'randomize' as an implicit VOID cast.
# ** Warning: ../../src/hvlTop/dmaTest/addressIncrement/2d/dma2dBlockTransferWithAddrIncrFfffXContinueSrcEqualDesXsizeYFillSrcGreaterDesYsizeAndHwTiAndHiTo.sv(166): (vopt-2875) Task "dump_config_to_file" is being called in function "build_phase".
# ** Warning: ../../src/hvlTop/dmaTest/addressIncrement/2d/dma2dBlockTransferWithAddrIncrFfffXContinueSrcEqualDesXsizeYFillSrcSmallerDesYsizeAndHwTiAndHiTo.sv(31): (vopt-2240) Treating stand-alone use of function 'randomize' as an implicit VOID cast.
# ** Warning: ../../src/hvlTop/dmaTest/addressIncrement/2d/dma2dBlockTransferWithAddrIncrFfffXContinueSrcEqualDesXsizeYFillSrcSmallerDesYsizeAndHwTiAndHiTo.sv(166): (vopt-2875) Task "dump_config_to_file" is being called in function "build_phase".
# ** Warning: ../../src/hvlTop/dmaTest/addressIncrement/2d/dma2dBlockTransferWithAddrIncrFfffXContinueSrcEqualDesXsizeYWrapSrcEqualDesYsizeAndHwTiAndHiTo.sv(31): (vopt-2240) Treating stand-alone use of function 'randomize' as an implicit VOID cast.
# ** Warning: ../../src/hvlTop/dmaTest/addressIncrement/2d/dma2dBlockTransferWithAddrIncrFfffXContinueSrcEqualDesXsizeYWrapSrcEqualDesYsizeAndHwTiAndHiTo.sv(166): (vopt-2875) Task "dump_config_to_file" is being called in function "build_phase".
# ** Warning: ../../src/hvlTop/dmaTest/addressIncrement/2d/dma2dBlockTransferWithAddrIncrFfffXContinueSrcEqualDesXsizeYWrapSrcGreaterDesYsizeAndHwTiAndHiTo.sv(31): (vopt-2240) Treating stand-alone use of function 'randomize' as an implicit VOID cast.
# ** Warning: ../../src/hvlTop/dmaTest/addressIncrement/2d/dma2dBlockTransferWithAddrIncrFfffXContinueSrcEqualDesXsizeYWrapSrcGreaterDesYsizeAndHwTiAndHiTo.sv(166): (vopt-2875) Task "dump_config_to_file" is being called in function "build_phase".
# ** Warning: ../../src/hvlTop/dmaTest/addressIncrement/2d/dma2dBlockTransferWithAddrIncrFfffXContinueSrcEqualDesXsizeYWrapSrcSmallerDesYsizeAndHwTiAndHiTo.sv(31): (vopt-2240) Treating stand-alone use of function 'randomize' as an implicit VOID cast.
# ** Warning: ../../src/hvlTop/dmaTest/addressIncrement/2d/dma2dBlockTransferWithAddrIncrFfffXContinueSrcEqualDesXsizeYWrapSrcSmallerDesYsizeAndHwTiAndHiTo.sv(166): (vopt-2875) Task "dump_config_to_file" is being called in function "build_phase".
# ** Warning: ../../src/hvlTop/dmaTest/addressIncrement/2d/dma2dBlockTransferWithAddrIncrFfffXContinueSrcGreaterDesXsizeYContinueSrcEqualDesYsizeAndHwTiAndHiTo.sv(31): (vopt-2240) Treating stand-alone use of function 'randomize' as an implicit VOID cast.
# ** Warning: ../../src/hvlTop/dmaTest/addressIncrement/2d/dma2dBlockTransferWithAddrIncrFfffXContinueSrcGreaterDesXsizeYContinueSrcEqualDesYsizeAndHwTiAndHiTo.sv(166): (vopt-2875) Task "dump_config_to_file" is being called in function "build_phase".
# ** Warning: ../../src/hvlTop/dmaTest/addressIncrement/2d/dma2dBlockTransferWithAddrIncrFfffXContinueSrcGreaterDesXsizeYContinueSrcGreaterDesYsizeAndHwTiAndHiTo.sv(31): (vopt-2240) Treating stand-alone use of function 'randomize' as an implicit VOID cast.
# ** Warning: ../../src/hvlTop/dmaTest/addressIncrement/2d/dma2dBlockTransferWithAddrIncrFfffXContinueSrcGreaterDesXsizeYContinueSrcGreaterDesYsizeAndHwTiAndHiTo.sv(166): (vopt-2875) Task "dump_config_to_file" is being called in function "build_phase".
# ** Warning: ../../src/hvlTop/dmaTest/addressIncrement/2d/dma2dBlockTransferWithAddrIncrFfffXContinueSrcGreaterDesXsizeYContinueSrcSmallerDesYsizeAndHwTiAndHiTo.sv(31): (vopt-2240) Treating stand-alone use of function 'randomize' as an implicit VOID cast.
# ** Warning: ../../src/hvlTop/dmaTest/addressIncrement/2d/dma2dBlockTransferWithAddrIncrFfffXContinueSrcGreaterDesXsizeYContinueSrcSmallerDesYsizeAndHwTiAndHiTo.sv(166): (vopt-2875) Task "dump_config_to_file" is being called in function "build_phase".
# ** Warning: ../../src/hvlTop/dmaTest/addressIncrement/2d/dma2dBlockTransferWithAddrIncrFfffXContinueSrcGreaterDesXsizeYFillSrcEqualDesYsizeAndHwTiAndHiTo.sv(31): (vopt-2240) Treating stand-alone use of function 'randomize' as an implicit VOID cast.
# ** Warning: ../../src/hvlTop/dmaTest/addressIncrement/2d/dma2dBlockTransferWithAddrIncrFfffXContinueSrcGreaterDesXsizeYFillSrcEqualDesYsizeAndHwTiAndHiTo.sv(166): (vopt-2875) Task "dump_config_to_file" is being called in function "build_phase".
# ** Warning: ../../src/hvlTop/dmaTest/addressIncrement/2d/dma2dBlockTransferWithAddrIncrFfffXContinueSrcGreaterDesXsizeYFillSrcGreaterDesYsizeAndHwTiAndHiTo.sv(31): (vopt-2240) Treating stand-alone use of function 'randomize' as an implicit VOID cast.
# ** Warning: ../../src/hvlTop/dmaTest/addressIncrement/2d/dma2dBlockTransferWithAddrIncrFfffXContinueSrcGreaterDesXsizeYFillSrcGreaterDesYsizeAndHwTiAndHiTo.sv(166): (vopt-2875) Task "dump_config_to_file" is being called in function "build_phase".
# ** Warning: ../../src/hvlTop/dmaTest/addressIncrement/2d/dma2dBlockTransferWithAddrIncrFfffXContinueSrcGreaterDesXsizeYFillSrcSmallerDesYsizeAndHwTiAndHiTo.sv(31): (vopt-2240) Treating stand-alone use of function 'randomize' as an implicit VOID cast.
# ** Warning: ../../src/hvlTop/dmaTest/addressIncrement/2d/dma2dBlockTransferWithAddrIncrFfffXContinueSrcGreaterDesXsizeYFillSrcSmallerDesYsizeAndHwTiAndHiTo.sv(166): (vopt-2875) Task "dump_config_to_file" is being called in function "build_phase".
# ** Warning: ../../src/hvlTop/dmaTest/addressIncrement/2d/dma2dBlockTransferWithAddrIncrFfffXContinueSrcGreaterDesXsizeYWrapSrcEqualDesYsizeAndHwTiAndHiTo.sv(31): (vopt-2240) Treating stand-alone use of function 'randomize' as an implicit VOID cast.
# ** Warning: ../../src/hvlTop/dmaTest/addressIncrement/2d/dma2dBlockTransferWithAddrIncrFfffXContinueSrcGreaterDesXsizeYWrapSrcEqualDesYsizeAndHwTiAndHiTo.sv(166): (vopt-2875) Task "dump_config_to_file" is being called in function "build_phase".
# ** Warning: ../../src/hvlTop/dmaTest/addressIncrement/2d/dma2dBlockTransferWithAddrIncrFfffXContinueSrcGreaterDesXsizeYWrapSrcGreaterDesYsizeAndHwTiAndHiTo.sv(31): (vopt-2240) Treating stand-alone use of function 'randomize' as an implicit VOID cast.
# ** Warning: ../../src/hvlTop/dmaTest/addressIncrement/2d/dma2dBlockTransferWithAddrIncrFfffXContinueSrcGreaterDesXsizeYWrapSrcGreaterDesYsizeAndHwTiAndHiTo.sv(166): (vopt-2875) Task "dump_config_to_file" is being called in function "build_phase".
# ** Warning: ../../src/hvlTop/dmaTest/addressIncrement/2d/dma2dBlockTransferWithAddrIncrFfffXContinueSrcGreaterDesXsizeYWrapSrcSmallerDesYsizeAndHwTiAndHiTo.sv(31): (vopt-2240) Treating stand-alone use of function 'randomize' as an implicit VOID cast.
# ** Warning: ../../src/hvlTop/dmaTest/addressIncrement/2d/dma2dBlockTransferWithAddrIncrFfffXContinueSrcGreaterDesXsizeYWrapSrcSmallerDesYsizeAndHwTiAndHiTo.sv(166): (vopt-2875) Task "dump_config_to_file" is being called in function "build_phase".
# ** Warning: ../../src/hvlTop/dmaTest/addressIncrement/2d/dma2dBlockTransferWithAddrIncrFfffXContinueSrcSmallerDesXsizeYContinueSrcEqualDesYsizeAndHwTiAndHiTo.sv(31): (vopt-2240) Treating stand-alone use of function 'randomize' as an implicit VOID cast.
# ** Warning: ../../src/hvlTop/dmaTest/addressIncrement/2d/dma2dBlockTransferWithAddrIncrFfffXContinueSrcSmallerDesXsizeYContinueSrcEqualDesYsizeAndHwTiAndHiTo.sv(166): (vopt-2875) Task "dump_config_to_file" is being called in function "build_phase".
# ** Warning: ../../src/hvlTop/dmaTest/addressIncrement/2d/dma2dBlockTransferWithAddrIncrFfffXContinueSrcSmallerDesXsizeYContinueSrcGreaterDesYsizeAndHwTiAndHiTo.sv(31): (vopt-2240) Treating stand-alone use of function 'randomize' as an implicit VOID cast.
# ** Warning: ../../src/hvlTop/dmaTest/addressIncrement/2d/dma2dBlockTransferWithAddrIncrFfffXContinueSrcSmallerDesXsizeYContinueSrcGreaterDesYsizeAndHwTiAndHiTo.sv(166): (vopt-2875) Task "dump_config_to_file" is being called in function "build_phase".
# ** Warning: ../../src/hvlTop/dmaTest/addressIncrement/2d/dma2dBlockTransferWithAddrIncrFfffXContinueSrcSmallerDesXsizeYContinueSrcSmallerDesYsizeAndHwTiAndHiTo.sv(31): (vopt-2240) Treating stand-alone use of function 'randomize' as an implicit VOID cast.
# ** Warning: ../../src/hvlTop/dmaTest/addressIncrement/2d/dma2dBlockTransferWithAddrIncrFfffXContinueSrcSmallerDesXsizeYContinueSrcSmallerDesYsizeAndHwTiAndHiTo.sv(166): (vopt-2875) Task "dump_config_to_file" is being called in function "build_phase".
# ** Warning: ../../src/hvlTop/dmaTest/addressIncrement/2d/dma2dBlockTransferWithAddrIncrFfffXContinueSrcSmallerDesXsizeYFillSrcEqualDesYsizeAndHwTiAndHiTo.sv(31): (vopt-2240) Treating stand-alone use of function 'randomize' as an implicit VOID cast.
# ** Warning: ../../src/hvlTop/dmaTest/addressIncrement/2d/dma2dBlockTransferWithAddrIncrFfffXContinueSrcSmallerDesXsizeYFillSrcEqualDesYsizeAndHwTiAndHiTo.sv(166): (vopt-2875) Task "dump_config_to_file" is being called in function "build_phase".
# ** Warning: ../../src/hvlTop/dmaTest/addressIncrement/2d/dma2dBlockTransferWithAddrIncrFfffXContinueSrcSmallerDesXsizeYFillSrcGreaterDesYsizeAndHwTiAndHiTo.sv(31): (vopt-2240) Treating stand-alone use of function 'randomize' as an implicit VOID cast.
# ** Warning: ../../src/hvlTop/dmaTest/addressIncrement/2d/dma2dBlockTransferWithAddrIncrFfffXContinueSrcSmallerDesXsizeYFillSrcGreaterDesYsizeAndHwTiAndHiTo.sv(166): (vopt-2875) Task "dump_config_to_file" is being called in function "build_phase".
# ** Warning: ../../src/hvlTop/dmaTest/addressIncrement/2d/dma2dBlockTransferWithAddrIncrFfffXContinueSrcSmallerDesXsizeYFillSrcSmallerDesYsizeAndHwTiAndHiTo.sv(31): (vopt-2240) Treating stand-alone use of function 'randomize' as an implicit VOID cast.
# ** Warning: ../../src/hvlTop/dmaTest/addressIncrement/2d/dma2dBlockTransferWithAddrIncrFfffXContinueSrcSmallerDesXsizeYFillSrcSmallerDesYsizeAndHwTiAndHiTo.sv(166): (vopt-2875) Task "dump_config_to_file" is being called in function "build_phase".
# ** Warning: ../../src/hvlTop/dmaTest/addressIncrement/2d/dma2dBlockTransferWithAddrIncrFfffXContinueSrcSmallerDesXsizeYWrapSrcEqualDesYsizeAndHwTiAndHiTo.sv(31): (vopt-2240) Treating stand-alone use of function 'randomize' as an implicit VOID cast.
# ** Warning: ../../src/hvlTop/dmaTest/addressIncrement/2d/dma2dBlockTransferWithAddrIncrFfffXContinueSrcSmallerDesXsizeYWrapSrcEqualDesYsizeAndHwTiAndHiTo.sv(166): (vopt-2875) Task "dump_config_to_file" is being called in function "build_phase".
# ** Warning: ../../src/hvlTop/dmaTest/addressIncrement/2d/dma2dBlockTransferWithAddrIncrFfffXContinueSrcSmallerDesXsizeYWrapSrcGreaterDesYsizeAndHwTiAndHiTo.sv(31): (vopt-2240) Treating stand-alone use of function 'randomize' as an implicit VOID cast.
# ** Warning: ../../src/hvlTop/dmaTest/addressIncrement/2d/dma2dBlockTransferWithAddrIncrFfffXContinueSrcSmallerDesXsizeYWrapSrcGreaterDesYsizeAndHwTiAndHiTo.sv(166): (vopt-2875) Task "dump_config_to_file" is being called in function "build_phase".
# ** Warning: ../../src/hvlTop/dmaTest/addressIncrement/2d/dma2dBlockTransferWithAddrIncrFfffXContinueSrcSmallerDesXsizeYWrapSrcSmallerDesYsizeAndHwTiAndHiTo.sv(31): (vopt-2240) Treating stand-alone use of function 'randomize' as an implicit VOID cast.
# ** Warning: ../../src/hvlTop/dmaTest/addressIncrement/2d/dma2dBlockTransferWithAddrIncrFfffXContinueSrcSmallerDesXsizeYWrapSrcSmallerDesYsizeAndHwTiAndHiTo.sv(166): (vopt-2875) Task "dump_config_to_file" is being called in function "build_phase".
# ** Warning: ../../src/hvlTop/dmaTest/addressIncrement/2d/dma2dBlockTransferWithAddrIncrFfffXFillSrcEqualDesXsizeYContinueSrcEqualDesYsizeAndHwTiAndHiTo.sv(31): (vopt-2240) Treating stand-alone use of function 'randomize' as an implicit VOID cast.
# ** Warning: ../../src/hvlTop/dmaTest/addressIncrement/2d/dma2dBlockTransferWithAddrIncrFfffXFillSrcEqualDesXsizeYContinueSrcEqualDesYsizeAndHwTiAndHiTo.sv(166): (vopt-2875) Task "dump_config_to_file" is being called in function "build_phase".
# ** Warning: ../../src/hvlTop/dmaTest/addressIncrement/2d/dma2dBlockTransferWithAddrIncrFfffXFillSrcEqualDesXsizeYContinueSrcGreaterDesYsizeAndHwTiAndHiTo.sv(31): (vopt-2240) Treating stand-alone use of function 'randomize' as an implicit VOID cast.
# ** Warning: ../../src/hvlTop/dmaTest/addressIncrement/2d/dma2dBlockTransferWithAddrIncrFfffXFillSrcEqualDesXsizeYContinueSrcGreaterDesYsizeAndHwTiAndHiTo.sv(166): (vopt-2875) Task "dump_config_to_file" is being called in function "build_phase".
# ** Warning: ../../src/hvlTop/dmaTest/addressIncrement/2d/dma2dBlockTransferWithAddrIncrFfffXFillSrcEqualDesXsizeYContinueSrcSmallerDesYsizeAndHwTiAndHiTo.sv(31): (vopt-2240) Treating stand-alone use of function 'randomize' as an implicit VOID cast.
# ** Warning: ../../src/hvlTop/dmaTest/addressIncrement/2d/dma2dBlockTransferWithAddrIncrFfffXFillSrcEqualDesXsizeYContinueSrcSmallerDesYsizeAndHwTiAndHiTo.sv(166): (vopt-2875) Task "dump_config_to_file" is being called in function "build_phase".
# ** Warning: ../../src/hvlTop/dmaTest/addressIncrement/2d/dma2dBlockTransferWithAddrIncrFfffXFillSrcEqualDesXsizeYFillSrcEqualDesYsizeAndHwTiAndHiTo.sv(31): (vopt-2240) Treating stand-alone use of function 'randomize' as an implicit VOID cast.
# ** Warning: ../../src/hvlTop/dmaTest/addressIncrement/2d/dma2dBlockTransferWithAddrIncrFfffXFillSrcEqualDesXsizeYFillSrcEqualDesYsizeAndHwTiAndHiTo.sv(166): (vopt-2875) Task "dump_config_to_file" is being called in function "build_phase".
# ** Warning: ../../src/hvlTop/dmaTest/addressIncrement/2d/dma2dBlockTransferWithAddrIncrFfffXFillSrcEqualDesXsizeYFillSrcGreaterDesYsizeAndHwTiAndHiTo.sv(31): (vopt-2240) Treating stand-alone use of function 'randomize' as an implicit VOID cast.
# ** Warning: ../../src/hvlTop/dmaTest/addressIncrement/2d/dma2dBlockTransferWithAddrIncrFfffXFillSrcEqualDesXsizeYFillSrcGreaterDesYsizeAndHwTiAndHiTo.sv(166): (vopt-2875) Task "dump_config_to_file" is being called in function "build_phase".
# ** Warning: ../../src/hvlTop/dmaTest/addressIncrement/2d/dma2dBlockTransferWithAddrIncrFfffXFillSrcEqualDesXsizeYFillSrcSmallerDesYsizeAndHwTiAndHiTo.sv(31): (vopt-2240) Treating stand-alone use of function 'randomize' as an implicit VOID cast.
# ** Warning: ../../src/hvlTop/dmaTest/addressIncrement/2d/dma2dBlockTransferWithAddrIncrFfffXFillSrcEqualDesXsizeYFillSrcSmallerDesYsizeAndHwTiAndHiTo.sv(166): (vopt-2875) Task "dump_config_to_file" is being called in function "build_phase".
# ** Warning: ../../src/hvlTop/dmaTest/addressIncrement/2d/dma2dBlockTransferWithAddrIncrFfffXFillSrcEqualDesXsizeYWrapSrcEqualDesYsizeAndHwTiAndHiTo.sv(31): (vopt-2240) Treating stand-alone use of function 'randomize' as an implicit VOID cast.
# ** Warning: ../../src/hvlTop/dmaTest/addressIncrement/2d/dma2dBlockTransferWithAddrIncrFfffXFillSrcEqualDesXsizeYWrapSrcEqualDesYsizeAndHwTiAndHiTo.sv(166): (vopt-2875) Task "dump_config_to_file" is being called in function "build_phase".
# ** Warning: ../../src/hvlTop/dmaTest/addressIncrement/2d/dma2dBlockTransferWithAddrIncrFfffXFillSrcEqualDesXsizeYWrapSrcGreaterDesYsizeAndHwTiAndHiTo.sv(31): (vopt-2240) Treating stand-alone use of function 'randomize' as an implicit VOID cast.
# ** Warning: ../../src/hvlTop/dmaTest/addressIncrement/2d/dma2dBlockTransferWithAddrIncrFfffXFillSrcEqualDesXsizeYWrapSrcGreaterDesYsizeAndHwTiAndHiTo.sv(166): (vopt-2875) Task "dump_config_to_file" is being called in function "build_phase".
# ** Warning: ../../src/hvlTop/dmaTest/addressIncrement/2d/dma2dBlockTransferWithAddrIncrFfffXFillSrcEqualDesXsizeYWrapSrcSmallerDesYsizeAndHwTiAndHiTo.sv(31): (vopt-2240) Treating stand-alone use of function 'randomize' as an implicit VOID cast.
# ** Warning: ../../src/hvlTop/dmaTest/addressIncrement/2d/dma2dBlockTransferWithAddrIncrFfffXFillSrcEqualDesXsizeYWrapSrcSmallerDesYsizeAndHwTiAndHiTo.sv(166): (vopt-2875) Task "dump_config_to_file" is being called in function "build_phase".
# ** Warning: ../../src/hvlTop/dmaTest/addressIncrement/2d/dma2dBlockTransferWithAddrIncrFfffXFillSrcGreaterDesXsizeYContinueSrcEqualDesYsizeAndHwTiAndHiTo.sv(31): (vopt-2240) Treating stand-alone use of function 'randomize' as an implicit VOID cast.
# ** Warning: ../../src/hvlTop/dmaTest/addressIncrement/2d/dma2dBlockTransferWithAddrIncrFfffXFillSrcGreaterDesXsizeYContinueSrcEqualDesYsizeAndHwTiAndHiTo.sv(166): (vopt-2875) Task "dump_config_to_file" is being called in function "build_phase".
# ** Warning: ../../src/hvlTop/dmaTest/addressIncrement/2d/dma2dBlockTransferWithAddrIncrFfffXFillSrcGreaterDesXsizeYContinueSrcGreaterDesYsizeAndHwTiAndHiTo.sv(31): (vopt-2240) Treating stand-alone use of function 'randomize' as an implicit VOID cast.
# ** Warning: ../../src/hvlTop/dmaTest/addressIncrement/2d/dma2dBlockTransferWithAddrIncrFfffXFillSrcGreaterDesXsizeYContinueSrcGreaterDesYsizeAndHwTiAndHiTo.sv(166): (vopt-2875) Task "dump_config_to_file" is being called in function "build_phase".
# ** Warning: ../../src/hvlTop/dmaTest/addressIncrement/2d/dma2dBlockTransferWithAddrIncrFfffXFillSrcGreaterDesXsizeYContinueSrcSmallerDesYsizeAndHwTiAndHiTo.sv(31): (vopt-2240) Treating stand-alone use of function 'randomize' as an implicit VOID cast.
# ** Warning: ../../src/hvlTop/dmaTest/addressIncrement/2d/dma2dBlockTransferWithAddrIncrFfffXFillSrcGreaterDesXsizeYContinueSrcSmallerDesYsizeAndHwTiAndHiTo.sv(166): (vopt-2875) Task "dump_config_to_file" is being called in function "build_phase".
# ** Warning: ../../src/hvlTop/dmaTest/addressIncrement/2d/dma2dBlockTransferWithAddrIncrFfffXFillSrcGreaterDesXsizeYFillSrcEqualDesYsizeAndHwTiAndHiTo.sv(31): (vopt-2240) Treating stand-alone use of function 'randomize' as an implicit VOID cast.
# ** Warning: ../../src/hvlTop/dmaTest/addressIncrement/2d/dma2dBlockTransferWithAddrIncrFfffXFillSrcGreaterDesXsizeYFillSrcEqualDesYsizeAndHwTiAndHiTo.sv(166): (vopt-2875) Task "dump_config_to_file" is being called in function "build_phase".
# ** Warning: ../../src/hvlTop/dmaTest/addressIncrement/2d/dma2dBlockTransferWithAddrIncrFfffXFillSrcGreaterDesXsizeYFillSrcGreaterDesYsizeAndHwTiAndHiTo.sv(31): (vopt-2240) Treating stand-alone use of function 'randomize' as an implicit VOID cast.
# ** Warning: ../../src/hvlTop/dmaTest/addressIncrement/2d/dma2dBlockTransferWithAddrIncrFfffXFillSrcGreaterDesXsizeYFillSrcGreaterDesYsizeAndHwTiAndHiTo.sv(166): (vopt-2875) Task "dump_config_to_file" is being called in function "build_phase".
# ** Warning: ../../src/hvlTop/dmaTest/addressIncrement/2d/dma2dBlockTransferWithAddrIncrFfffXFillSrcGreaterDesXsizeYFillSrcSmallerDesYsizeAndHwTiAndHiTo.sv(31): (vopt-2240) Treating stand-alone use of function 'randomize' as an implicit VOID cast.
# ** Warning: ../../src/hvlTop/dmaTest/addressIncrement/2d/dma2dBlockTransferWithAddrIncrFfffXFillSrcGreaterDesXsizeYFillSrcSmallerDesYsizeAndHwTiAndHiTo.sv(166): (vopt-2875) Task "dump_config_to_file" is being called in function "build_phase".
# ** Warning: ../../src/hvlTop/dmaTest/addressIncrement/2d/dma2dBlockTransferWithAddrIncrFfffXFillSrcGreaterDesXsizeYWrapSrcEqualDesYsizeAndHwTiAndHiTo.sv(31): (vopt-2240) Treating stand-alone use of function 'randomize' as an implicit VOID cast.
# ** Warning: ../../src/hvlTop/dmaTest/addressIncrement/2d/dma2dBlockTransferWithAddrIncrFfffXFillSrcGreaterDesXsizeYWrapSrcEqualDesYsizeAndHwTiAndHiTo.sv(166): (vopt-2875) Task "dump_config_to_file" is being called in function "build_phase".
# ** Warning: ../../src/hvlTop/dmaTest/addressIncrement/2d/dma2dBlockTransferWithAddrIncrFfffXFillSrcGreaterDesXsizeYWrapSrcGreaterDesYsizeAndHwTiAndHiTo.sv(31): (vopt-2240) Treating stand-alone use of function 'randomize' as an implicit VOID cast.
# ** Warning: ../../src/hvlTop/dmaTest/addressIncrement/2d/dma2dBlockTransferWithAddrIncrFfffXFillSrcGreaterDesXsizeYWrapSrcGreaterDesYsizeAndHwTiAndHiTo.sv(166): (vopt-2875) Task "dump_config_to_file" is being called in function "build_phase".
# ** Warning: ../../src/hvlTop/dmaTest/addressIncrement/2d/dma2dBlockTransferWithAddrIncrFfffXFillSrcGreaterDesXsizeYWrapSrcSmallerDesYsizeAndHwTiAndHiTo.sv(31): (vopt-2240) Treating stand-alone use of function 'randomize' as an implicit VOID cast.
# ** Warning: ../../src/hvlTop/dmaTest/addressIncrement/2d/dma2dBlockTransferWithAddrIncrFfffXFillSrcGreaterDesXsizeYWrapSrcSmallerDesYsizeAndHwTiAndHiTo.sv(166): (vopt-2875) Task "dump_config_to_file" is being called in function "build_phase".
# ** Warning: ../../src/hvlTop/dmaTest/addressIncrement/2d/dma2dBlockTransferWithAddrIncrFfffXFillSrcSmallerDesXsizeYContinueSrcEqualDesYsizeAndHwTiAndHiTo.sv(31): (vopt-2240) Treating stand-alone use of function 'randomize' as an implicit VOID cast.
# ** Warning: ../../src/hvlTop/dmaTest/addressIncrement/2d/dma2dBlockTransferWithAddrIncrFfffXFillSrcSmallerDesXsizeYContinueSrcEqualDesYsizeAndHwTiAndHiTo.sv(166): (vopt-2875) Task "dump_config_to_file" is being called in function "build_phase".
# ** Warning: ../../src/hvlTop/dmaTest/addressIncrement/2d/dma2dBlockTransferWithAddrIncrFfffXFillSrcSmallerDesXsizeYContinueSrcGreaterDesYsizeAndHwTiAndHiTo.sv(31): (vopt-2240) Treating stand-alone use of function 'randomize' as an implicit VOID cast.
# ** Warning: ../../src/hvlTop/dmaTest/addressIncrement/2d/dma2dBlockTransferWithAddrIncrFfffXFillSrcSmallerDesXsizeYContinueSrcGreaterDesYsizeAndHwTiAndHiTo.sv(166): (vopt-2875) Task "dump_config_to_file" is being called in function "build_phase".
# ** Warning: ../../src/hvlTop/dmaTest/addressIncrement/2d/dma2dBlockTransferWithAddrIncrFfffXFillSrcSmallerDesXsizeYContinueSrcSmallerDesYsizeAndHwTiAndHiTo.sv(31): (vopt-2240) Treating stand-alone use of function 'randomize' as an implicit VOID cast.
# ** Warning: ../../src/hvlTop/dmaTest/addressIncrement/2d/dma2dBlockTransferWithAddrIncrFfffXFillSrcSmallerDesXsizeYContinueSrcSmallerDesYsizeAndHwTiAndHiTo.sv(166): (vopt-2875) Task "dump_config_to_file" is being called in function "build_phase".
# ** Warning: ../../src/hvlTop/dmaTest/addressIncrement/2d/dma2dBlockTransferWithAddrIncrFfffXFillSrcSmallerDesXsizeYFillSrcEqualDesYsizeAndHwTiAndHiTo.sv(31): (vopt-2240) Treating stand-alone use of function 'randomize' as an implicit VOID cast.
# ** Warning: ../../src/hvlTop/dmaTest/addressIncrement/2d/dma2dBlockTransferWithAddrIncrFfffXFillSrcSmallerDesXsizeYFillSrcEqualDesYsizeAndHwTiAndHiTo.sv(166): (vopt-2875) Task "dump_config_to_file" is being called in function "build_phase".
# ** Warning: ../../src/hvlTop/dmaTest/addressIncrement/2d/dma2dBlockTransferWithAddrIncrFfffXFillSrcSmallerDesXsizeYFillSrcGreaterDesYsizeAndHwTiAndHiTo.sv(31): (vopt-2240) Treating stand-alone use of function 'randomize' as an implicit VOID cast.
# ** Warning: ../../src/hvlTop/dmaTest/addressIncrement/2d/dma2dBlockTransferWithAddrIncrFfffXFillSrcSmallerDesXsizeYFillSrcGreaterDesYsizeAndHwTiAndHiTo.sv(166): (vopt-2875) Task "dump_config_to_file" is being called in function "build_phase".
# ** Warning: ../../src/hvlTop/dmaTest/addressIncrement/2d/dma2dBlockTransferWithAddrIncrFfffXFillSrcSmallerDesXsizeYFillSrcSmallerDesYsizeAndHwTiAndHiTo.sv(31): (vopt-2240) Treating stand-alone use of function 'randomize' as an implicit VOID cast.
# ** Warning: ../../src/hvlTop/dmaTest/addressIncrement/2d/dma2dBlockTransferWithAddrIncrFfffXFillSrcSmallerDesXsizeYFillSrcSmallerDesYsizeAndHwTiAndHiTo.sv(166): (vopt-2875) Task "dump_config_to_file" is being called in function "build_phase".
# ** Warning: ../../src/hvlTop/dmaTest/addressIncrement/2d/dma2dBlockTransferWithAddrIncrFfffXFillSrcSmallerDesXsizeYWrapSrcEqualDesYsizeAndHwTiAndHiTo.sv(31): (vopt-2240) Treating stand-alone use of function 'randomize' as an implicit VOID cast.
# ** Warning: ../../src/hvlTop/dmaTest/addressIncrement/2d/dma2dBlockTransferWithAddrIncrFfffXFillSrcSmallerDesXsizeYWrapSrcEqualDesYsizeAndHwTiAndHiTo.sv(166): (vopt-2875) Task "dump_config_to_file" is being called in function "build_phase".
# ** Warning: ../../src/hvlTop/dmaTest/addressIncrement/2d/dma2dBlockTransferWithAddrIncrFfffXFillSrcSmallerDesXsizeYWrapSrcGreaterDesYsizeAndHwTiAndHiTo.sv(31): (vopt-2240) Treating stand-alone use of function 'randomize' as an implicit VOID cast.
# ** Warning: ../../src/hvlTop/dmaTest/addressIncrement/2d/dma2dBlockTransferWithAddrIncrFfffXFillSrcSmallerDesXsizeYWrapSrcGreaterDesYsizeAndHwTiAndHiTo.sv(166): (vopt-2875) Task "dump_config_to_file" is being called in function "build_phase".
# ** Warning: ../../src/hvlTop/dmaTest/addressIncrement/2d/dma2dBlockTransferWithAddrIncrFfffXFillSrcSmallerDesXsizeYWrapSrcSmallerDesYsizeAndHwTiAndHiTo.sv(31): (vopt-2240) Treating stand-alone use of function 'randomize' as an implicit VOID cast.
# ** Warning: ../../src/hvlTop/dmaTest/addressIncrement/2d/dma2dBlockTransferWithAddrIncrFfffXFillSrcSmallerDesXsizeYWrapSrcSmallerDesYsizeAndHwTiAndHiTo.sv(166): (vopt-2875) Task "dump_config_to_file" is being called in function "build_phase".
# ** Warning: ../../src/hvlTop/dmaTest/addressIncrement/2d/dma2dBlockTransferWithAddrIncrFfffXWrapSrcEqualDesXsizeYContinueSrcEqualDesYsizeAndHwTiAndHiTo.sv(31): (vopt-2240) Treating stand-alone use of function 'randomize' as an implicit VOID cast.
# ** Warning: ../../src/hvlTop/dmaTest/addressIncrement/2d/dma2dBlockTransferWithAddrIncrFfffXWrapSrcEqualDesXsizeYContinueSrcEqualDesYsizeAndHwTiAndHiTo.sv(166): (vopt-2875) Task "dump_config_to_file" is being called in function "build_phase".
# ** Warning: ../../src/hvlTop/dmaTest/addressIncrement/2d/dma2dBlockTransferWithAddrIncrFfffXWrapSrcEqualDesXsizeYContinueSrcGreaterDesYsizeAndHwTiAndHiTo.sv(31): (vopt-2240) Treating stand-alone use of function 'randomize' as an implicit VOID cast.
# ** Warning: ../../src/hvlTop/dmaTest/addressIncrement/2d/dma2dBlockTransferWithAddrIncrFfffXWrapSrcEqualDesXsizeYContinueSrcGreaterDesYsizeAndHwTiAndHiTo.sv(166): (vopt-2875) Task "dump_config_to_file" is being called in function "build_phase".
# ** Warning: ../../src/hvlTop/dmaTest/addressIncrement/2d/dma2dBlockTransferWithAddrIncrFfffXWrapSrcEqualDesXsizeYContinueSrcSmallerDesYsizeAndHwTiAndHiTo.sv(31): (vopt-2240) Treating stand-alone use of function 'randomize' as an implicit VOID cast.
# ** Warning: ../../src/hvlTop/dmaTest/addressIncrement/2d/dma2dBlockTransferWithAddrIncrFfffXWrapSrcEqualDesXsizeYContinueSrcSmallerDesYsizeAndHwTiAndHiTo.sv(166): (vopt-2875) Task "dump_config_to_file" is being called in function "build_phase".
# ** Warning: ../../src/hvlTop/dmaTest/addressIncrement/2d/dma2dBlockTransferWithAddrIncrFfffXWrapSrcEqualDesXsizeYFillSrcEqualDesYsizeAndHwTiAndHiTo.sv(31): (vopt-2240) Treating stand-alone use of function 'randomize' as an implicit VOID cast.
# ** Warning: ../../src/hvlTop/dmaTest/addressIncrement/2d/dma2dBlockTransferWithAddrIncrFfffXWrapSrcEqualDesXsizeYFillSrcEqualDesYsizeAndHwTiAndHiTo.sv(166): (vopt-2875) Task "dump_config_to_file" is being called in function "build_phase".
# ** Warning: ../../src/hvlTop/dmaTest/addressIncrement/2d/dma2dBlockTransferWithAddrIncrFfffXWrapSrcEqualDesXsizeYFillSrcGreaterDesYsizeAndHwTiAndHiTo.sv(31): (vopt-2240) Treating stand-alone use of function 'randomize' as an implicit VOID cast.
# ** Warning: ../../src/hvlTop/dmaTest/addressIncrement/2d/dma2dBlockTransferWithAddrIncrFfffXWrapSrcEqualDesXsizeYFillSrcGreaterDesYsizeAndHwTiAndHiTo.sv(166): (vopt-2875) Task "dump_config_to_file" is being called in function "build_phase".
# ** Warning: ../../src/hvlTop/dmaTest/addressIncrement/2d/dma2dBlockTransferWithAddrIncrFfffXWrapSrcEqualDesXsizeYFillSrcSmallerDesYsizeAndHwTiAndHiTo.sv(31): (vopt-2240) Treating stand-alone use of function 'randomize' as an implicit VOID cast.
# ** Warning: ../../src/hvlTop/dmaTest/addressIncrement/2d/dma2dBlockTransferWithAddrIncrFfffXWrapSrcEqualDesXsizeYFillSrcSmallerDesYsizeAndHwTiAndHiTo.sv(166): (vopt-2875) Task "dump_config_to_file" is being called in function "build_phase".
# ** Warning: ../../src/hvlTop/dmaTest/addressIncrement/2d/dma2dBlockTransferWithAddrIncrFfffXWrapSrcEqualDesXsizeYWrapSrcEqualDesYsizeAndHwTiAndHiTo.sv(31): (vopt-2240) Treating stand-alone use of function 'randomize' as an implicit VOID cast.
# ** Warning: ../../src/hvlTop/dmaTest/addressIncrement/2d/dma2dBlockTransferWithAddrIncrFfffXWrapSrcEqualDesXsizeYWrapSrcEqualDesYsizeAndHwTiAndHiTo.sv(166): (vopt-2875) Task "dump_config_to_file" is being called in function "build_phase".
# ** Warning: ../../src/hvlTop/dmaTest/addressIncrement/2d/dma2dBlockTransferWithAddrIncrFfffXWrapSrcEqualDesXsizeYWrapSrcGreaterDesYsizeAndHwTiAndHiTo.sv(31): (vopt-2240) Treating stand-alone use of function 'randomize' as an implicit VOID cast.
# ** Warning: ../../src/hvlTop/dmaTest/addressIncrement/2d/dma2dBlockTransferWithAddrIncrFfffXWrapSrcEqualDesXsizeYWrapSrcGreaterDesYsizeAndHwTiAndHiTo.sv(166): (vopt-2875) Task "dump_config_to_file" is being called in function "build_phase".
# ** Warning: ../../src/hvlTop/dmaTest/addressIncrement/2d/dma2dBlockTransferWithAddrIncrFfffXWrapSrcEqualDesXsizeYWrapSrcSmallerDesYsizeAndHwTiAndHiTo.sv(31): (vopt-2240) Treating stand-alone use of function 'randomize' as an implicit VOID cast.
# ** Warning: ../../src/hvlTop/dmaTest/addressIncrement/2d/dma2dBlockTransferWithAddrIncrFfffXWrapSrcEqualDesXsizeYWrapSrcSmallerDesYsizeAndHwTiAndHiTo.sv(166): (vopt-2875) Task "dump_config_to_file" is being called in function "build_phase".
# ** Warning: ../../src/hvlTop/dmaTest/addressIncrement/2d/dma2dBlockTransferWithAddrIncrFfffXWrapSrcGreaterDesXsizeYContinueSrcEqualDesYsizeAndHwTiAndHiTo.sv(31): (vopt-2240) Treating stand-alone use of function 'randomize' as an implicit VOID cast.
# ** Warning: ../../src/hvlTop/dmaTest/addressIncrement/2d/dma2dBlockTransferWithAddrIncrFfffXWrapSrcGreaterDesXsizeYContinueSrcEqualDesYsizeAndHwTiAndHiTo.sv(166): (vopt-2875) Task "dump_config_to_file" is being called in function "build_phase".
# ** Warning: ../../src/hvlTop/dmaTest/addressIncrement/2d/dma2dBlockTransferWithAddrIncrFfffXWrapSrcGreaterDesXsizeYContinueSrcGreaterDesYsizeAndHwTiAndHiTo.sv(31): (vopt-2240) Treating stand-alone use of function 'randomize' as an implicit VOID cast.
# ** Warning: ../../src/hvlTop/dmaTest/addressIncrement/2d/dma2dBlockTransferWithAddrIncrFfffXWrapSrcGreaterDesXsizeYContinueSrcGreaterDesYsizeAndHwTiAndHiTo.sv(166): (vopt-2875) Task "dump_config_to_file" is being called in function "build_phase".
# ** Warning: ../../src/hvlTop/dmaTest/addressIncrement/2d/dma2dBlockTransferWithAddrIncrFfffXWrapSrcGreaterDesXsizeYContinueSrcSmallerDesYsizeAndHwTiAndHiTo.sv(31): (vopt-2240) Treating stand-alone use of function 'randomize' as an implicit VOID cast.
# ** Warning: ../../src/hvlTop/dmaTest/addressIncrement/2d/dma2dBlockTransferWithAddrIncrFfffXWrapSrcGreaterDesXsizeYContinueSrcSmallerDesYsizeAndHwTiAndHiTo.sv(166): (vopt-2875) Task "dump_config_to_file" is being called in function "build_phase".
# ** Warning: ../../src/hvlTop/dmaTest/addressIncrement/2d/dma2dBlockTransferWithAddrIncrFfffXWrapSrcGreaterDesXsizeYFillSrcEqualDesYsizeAndHwTiAndHiTo.sv(31): (vopt-2240) Treating stand-alone use of function 'randomize' as an implicit VOID cast.
# ** Warning: ../../src/hvlTop/dmaTest/addressIncrement/2d/dma2dBlockTransferWithAddrIncrFfffXWrapSrcGreaterDesXsizeYFillSrcEqualDesYsizeAndHwTiAndHiTo.sv(166): (vopt-2875) Task "dump_config_to_file" is being called in function "build_phase".
# ** Warning: ../../src/hvlTop/dmaTest/addressIncrement/2d/dma2dBlockTransferWithAddrIncrFfffXWrapSrcGreaterDesXsizeYFillSrcGreaterDesYsizeAndHwTiAndHiTo.sv(31): (vopt-2240) Treating stand-alone use of function 'randomize' as an implicit VOID cast.
# ** Warning: ../../src/hvlTop/dmaTest/addressIncrement/2d/dma2dBlockTransferWithAddrIncrFfffXWrapSrcGreaterDesXsizeYFillSrcGreaterDesYsizeAndHwTiAndHiTo.sv(166): (vopt-2875) Task "dump_config_to_file" is being called in function "build_phase".
# ** Warning: ../../src/hvlTop/dmaTest/addressIncrement/2d/dma2dBlockTransferWithAddrIncrFfffXWrapSrcGreaterDesXsizeYFillSrcSmallerDesYsizeAndHwTiAndHiTo.sv(31): (vopt-2240) Treating stand-alone use of function 'randomize' as an implicit VOID cast.
# ** Warning: ../../src/hvlTop/dmaTest/addressIncrement/2d/dma2dBlockTransferWithAddrIncrFfffXWrapSrcGreaterDesXsizeYFillSrcSmallerDesYsizeAndHwTiAndHiTo.sv(166): (vopt-2875) Task "dump_config_to_file" is being called in function "build_phase".
# ** Warning: ../../src/hvlTop/dmaTest/addressIncrement/2d/dma2dBlockTransferWithAddrIncrFfffXWrapSrcGreaterDesXsizeYWrapSrcEqualDesYsizeAndHwTiAndHiTo.sv(31): (vopt-2240) Treating stand-alone use of function 'randomize' as an implicit VOID cast.
# ** Warning: ../../src/hvlTop/dmaTest/addressIncrement/2d/dma2dBlockTransferWithAddrIncrFfffXWrapSrcGreaterDesXsizeYWrapSrcEqualDesYsizeAndHwTiAndHiTo.sv(166): (vopt-2875) Task "dump_config_to_file" is being called in function "build_phase".
# ** Warning: ../../src/hvlTop/dmaTest/addressIncrement/2d/dma2dBlockTransferWithAddrIncrFfffXWrapSrcGreaterDesXsizeYWrapSrcGreaterDesYsizeAndHwTiAndHiTo.sv(31): (vopt-2240) Treating stand-alone use of function 'randomize' as an implicit VOID cast.
# ** Warning: ../../src/hvlTop/dmaTest/addressIncrement/2d/dma2dBlockTransferWithAddrIncrFfffXWrapSrcGreaterDesXsizeYWrapSrcGreaterDesYsizeAndHwTiAndHiTo.sv(166): (vopt-2875) Task "dump_config_to_file" is being called in function "build_phase".
# ** Warning: ../../src/hvlTop/dmaTest/addressIncrement/2d/dma2dBlockTransferWithAddrIncrFfffXWrapSrcGreaterDesXsizeYWrapSrcSmallerDesYsizeAndHwTiAndHiTo.sv(31): (vopt-2240) Treating stand-alone use of function 'randomize' as an implicit VOID cast.
# ** Warning: ../../src/hvlTop/dmaTest/addressIncrement/2d/dma2dBlockTransferWithAddrIncrFfffXWrapSrcGreaterDesXsizeYWrapSrcSmallerDesYsizeAndHwTiAndHiTo.sv(166): (vopt-2875) Task "dump_config_to_file" is being called in function "build_phase".
# ** Warning: ../../src/hvlTop/dmaTest/addressIncrement/2d/dma2dBlockTransferWithAddrIncrFfffXWrapSrcSmallerDesXsizeYContinueSrcEqualDesYsizeAndHwTiAndHiTo.sv(31): (vopt-2240) Treating stand-alone use of function 'randomize' as an implicit VOID cast.
# ** Warning: ../../src/hvlTop/dmaTest/addressIncrement/2d/dma2dBlockTransferWithAddrIncrFfffXWrapSrcSmallerDesXsizeYContinueSrcEqualDesYsizeAndHwTiAndHiTo.sv(166): (vopt-2875) Task "dump_config_to_file" is being called in function "build_phase".
# ** Warning: ../../src/hvlTop/dmaTest/addressIncrement/2d/dma2dBlockTransferWithAddrIncrFfffXWrapSrcSmallerDesXsizeYContinueSrcGreaterDesYsizeAndHwTiAndHiTo.sv(31): (vopt-2240) Treating stand-alone use of function 'randomize' as an implicit VOID cast.
# ** Warning: ../../src/hvlTop/dmaTest/addressIncrement/2d/dma2dBlockTransferWithAddrIncrFfffXWrapSrcSmallerDesXsizeYContinueSrcGreaterDesYsizeAndHwTiAndHiTo.sv(166): (vopt-2875) Task "dump_config_to_file" is being called in function "build_phase".
# ** Warning: ../../src/hvlTop/dmaTest/addressIncrement/2d/dma2dBlockTransferWithAddrIncrFfffXWrapSrcSmallerDesXsizeYContinueSrcSmallerDesYsizeAndHwTiAndHiTo.sv(31): (vopt-2240) Treating stand-alone use of function 'randomize' as an implicit VOID cast.
# ** Warning: ../../src/hvlTop/dmaTest/addressIncrement/2d/dma2dBlockTransferWithAddrIncrFfffXWrapSrcSmallerDesXsizeYContinueSrcSmallerDesYsizeAndHwTiAndHiTo.sv(166): (vopt-2875) Task "dump_config_to_file" is being called in function "build_phase".
# ** Warning: ../../src/hvlTop/dmaTest/addressIncrement/2d/dma2dBlockTransferWithAddrIncrFfffXWrapSrcSmallerDesXsizeYFillSrcEqualDesYsizeAndHwTiAndHiTo.sv(31): (vopt-2240) Treating stand-alone use of function 'randomize' as an implicit VOID cast.
# ** Warning: ../../src/hvlTop/dmaTest/addressIncrement/2d/dma2dBlockTransferWithAddrIncrFfffXWrapSrcSmallerDesXsizeYFillSrcEqualDesYsizeAndHwTiAndHiTo.sv(166): (vopt-2875) Task "dump_config_to_file" is being called in function "build_phase".
# ** Warning: ../../src/hvlTop/dmaTest/addressIncrement/2d/dma2dBlockTransferWithAddrIncrFfffXWrapSrcSmallerDesXsizeYFillSrcGreaterDesYsizeAndHwTiAndHiTo.sv(31): (vopt-2240) Treating stand-alone use of function 'randomize' as an implicit VOID cast.
# ** Warning: ../../src/hvlTop/dmaTest/addressIncrement/2d/dma2dBlockTransferWithAddrIncrFfffXWrapSrcSmallerDesXsizeYFillSrcGreaterDesYsizeAndHwTiAndHiTo.sv(166): (vopt-2875) Task "dump_config_to_file" is being called in function "build_phase".
# ** Warning: ../../src/hvlTop/dmaTest/addressIncrement/2d/dma2dBlockTransferWithAddrIncrFfffXWrapSrcSmallerDesXsizeYFillSrcSmallerDesYsizeAndHwTiAndHiTo.sv(31): (vopt-2240) Treating stand-alone use of function 'randomize' as an implicit VOID cast.
# ** Warning: ../../src/hvlTop/dmaTest/addressIncrement/2d/dma2dBlockTransferWithAddrIncrFfffXWrapSrcSmallerDesXsizeYFillSrcSmallerDesYsizeAndHwTiAndHiTo.sv(166): (vopt-2875) Task "dump_config_to_file" is being called in function "build_phase".
# ** Warning: ../../src/hvlTop/dmaTest/addressIncrement/2d/dma2dBlockTransferWithAddrIncrFfffXWrapSrcSmallerDesXsizeYWrapSrcEqualDesYsizeAndHwTiAndHiTo.sv(31): (vopt-2240) Treating stand-alone use of function 'randomize' as an implicit VOID cast.
# ** Warning: ../../src/hvlTop/dmaTest/addressIncrement/2d/dma2dBlockTransferWithAddrIncrFfffXWrapSrcSmallerDesXsizeYWrapSrcEqualDesYsizeAndHwTiAndHiTo.sv(166): (vopt-2875) Task "dump_config_to_file" is being called in function "build_phase".
# ** Warning: ../../src/hvlTop/dmaTest/addressIncrement/2d/dma2dBlockTransferWithAddrIncrFfffXWrapSrcSmallerDesXsizeYWrapSrcGreaterDesYsizeAndHwTiAndHiTo.sv(31): (vopt-2240) Treating stand-alone use of function 'randomize' as an implicit VOID cast.
# ** Warning: ../../src/hvlTop/dmaTest/addressIncrement/2d/dma2dBlockTransferWithAddrIncrFfffXWrapSrcSmallerDesXsizeYWrapSrcGreaterDesYsizeAndHwTiAndHiTo.sv(166): (vopt-2875) Task "dump_config_to_file" is being called in function "build_phase".
# ** Warning: ../../src/hvlTop/dmaTest/addressIncrement/2d/dma2dBlockTransferWithAddrIncrFfffXWrapSrcSmallerDesXsizeYWrapSrcSmallerDesYsizeAndHwTiAndHiTo.sv(31): (vopt-2240) Treating stand-alone use of function 'randomize' as an implicit VOID cast.
# ** Warning: ../../src/hvlTop/dmaTest/addressIncrement/2d/dma2dBlockTransferWithAddrIncrFfffXWrapSrcSmallerDesXsizeYWrapSrcSmallerDesYsizeAndHwTiAndHiTo.sv(166): (vopt-2875) Task "dump_config_to_file" is being called in function "build_phase".
# ** Warning: ../../src/hvlTop/dmaTest/sequences/triggerMasterSequences/triggerMasterSequence.sv(19): (vopt-2239) Treating stand-alone use of presumed external function as an implicit VOID cast.
# ** Warning: (vopt-8491) ../../src/hvlTop/topEnv/topCoverage.sv(344): 'new' must be used to assign to a dynamic array; 'new' is not legal with a queue.
# //  Questa Sim
# //  Version 10.6c linux Jul 25 2017
# //
# //  Copyright 1991-2017 Mentor Graphics Corporation
# //  All Rights Reserved.
# //
# //  QuestaSim and its associated documentation contain trade
# //  secrets and commercial or financial information that are the property of
# //  Mentor Graphics Corporation and are privileged, confidential,
# //  and exempt from disclosure under the Freedom of Information Act,
# //  5 U.S.C. Section 552. Furthermore, this information
# //  is prohibited from disclosure under the Trade Secrets Act,
# //  18 U.S.C. Section 1905.
# //
# Loading sv_std.std
# Loading work.axi4_master_driver_bfm(fast)
# Loading work.triggerMasterDriverBfm(fast)
# Loading work.interruptSlaveDriverBfm(fast)
# Loading work.interruptSlaveMonitorBfm(fast)
# Loading work.interruptGlobalPkg(fast)
# Loading mtiUvm.uvm_pkg
# Loading work.interruptSlavePkg(fast)
# Loading work.apb_master_driver_bfm(fast)
# Loading work.apb_master_monitor_bfm(fast)
# Loading work.apb_global_pkg(fast)
# Loading work.apb_master_pkg(fast)
# Loading work.configUnitEnvPkg(fast)
# Loading work.axi4_globals_pkg(fast)
# Loading work.dmaGlobalPkg(fast)
# Loading work.axi4_slave_pkg(fast)
# Loading work.axi4_master_pkg(fast)
# Loading work.triggerGlobalPkg(fast)
# Loading work.triggerSlavePkg(fast)
# Loading work.triggerMasterPkg(fast)
# Loading work.peripheralEnvPkg(fast)
# Loading work.topEnvPkg(fast)
# Loading work.configUnitVirtualSeqPkg(fast)
# Loading work.triggerMasterSequencePkg(fast)
# Loading work.axi4_slave_seq_pkg(fast)
# Loading work.peripheralVirtualSeqPkg(fast)
# Loading work.topVirtualSeqPkg(fast)
# Loading work.dmaTestPkg(fast)
# Loading work.axi4_master_monitor_bfm(fast)
# Loading work.axi4_slave_driver_bfm(fast)
# Loading work.axi4_slave_monitor_bfm(fast)
# Loading work.triggerSlaveMonitorBfm(fast)
# Loading work.triggerSlaveDriverBfm(fast)
# Loading work.triggerMasterMonitorBfm(fast)
# Loading work.HvlTop(fast)
# Loading work.hdlTop(fast)
# Loading work.apb_if_sv_unit(fast)
# Loading work.apb_if(fast)
# Loading work.interruptInterface_sv_unit(fast)
# Loading work.interruptInterface(fast)
# Loading work.top_mod(fast)
# Loading work.apb_reg(fast)
# Loading work.apb_slave(fast)
# Loading work.register_bank(fast)
# Loading work.global_channel(fast)
# Loading work.dma_channel(fast)
# Loading work.internal_reg(fast)
# Loading work.partselect(fast)
# Loading work.cmd_fsm(fast)
# Loading work.mux_logic(fast)
# Loading work.mux(fast)
# Loading work.data_fsm(fast)
# Loading work.biu(fast)
# Loading work.trigger_matrix(fast)
# Loading work.AxiGlobalPackage(fast)
# Loading work.interrconnect_sv_unit(fast)
# Loading work.AxiInterconnect(fast)
# Loading work.axi4_master_agent_bfm(fast)
# Loading work.axi4_master_driver_bfm_sv_unit(fast)
# Loading work.axi4_master_driver_bfm(fast)
# Loading work.axi4_master_monitor_bfm_sv_unit(fast)
# Loading work.axi4_master_monitor_bfm(fast)
# Loading work.axi4_slave_agent_bfm(fast)
# Loading work.axi4_slave_driver_bfm_sv_unit(fast)
# Loading work.axi4_slave_driver_bfm(fast)
# Loading work.axi4_slave_monitor_bfm_sv_unit(fast)
# Loading work.axi4_slave_monitor_bfm(fast)
# Loading work.triggerMasterAgentBfm(fast)
# Loading work.triggerMasterDriverBfm(fast)
# Loading work.triggerMasterMonitorBfm(fast)
# Loading work.triggerSlaveAgentBfm(fast)
# Loading work.triggerSlaveDriverBfm(fast)
# Loading work.triggerSlaveMonitorBfm(fast)
# Loading work.apb_master_agent_bfm(fast)
# Loading work.apb_master_driver_bfm_sv_unit(fast)
# Loading work.apb_master_driver_bfm(fast)
# Loading work.apb_master_monitor_bfm_sv_unit(fast)
# Loading work.apb_master_monitor_bfm(fast)
# Loading work.interruptSlaveAgentBfm(fast)
# Loading work.interruptSlaveDriverBfm(fast)
# Loading work.interruptSlaveMonitorBfm(fast)
# Loading work.interruptMasterAgentBfm(fast)
# Loading work.interruptMasterDriverBfm(fast)
# Loading work.interruptMasterMonitorBfm(fast)
# Loading mtiUvm.questa_uvm_pkg(fast)
# Loading work.axi4_if_sv_unit(fast)
# Loading work.axi4_if(fast__1)
# Loading work.axi4_if(fast__2)
# Loading work.triggerInterface(fast)
# Loading work.interruptMasterDriverBfm(fast)
# Loading work.interruptMasterMonitorBfm(fast)
# ** Warning: (vsim-3015) ../../src/hdlTop/hdlTop.sv(40): [PCDPC] - Port size (1) does not match connection size (32) for port 'boot_en'. The port definition is at: ../../../RTL/top_mod.v(17).
#    Time: 0 ps  Iteration: 0  Instance: /hdlTop/u_dma File: ../../../RTL/top_mod.v
# ** Warning: (vsim-3015) ../../src/hdlTop/hdlTop.sv(40): [PCDPC] - Port size (6) does not match connection size (4) for port 'trig_req'. The port definition is at: ../../../RTL/top_mod.v(31).
#    Time: 0 ps  Iteration: 0  Instance: /hdlTop/u_dma File: ../../../RTL/top_mod.v
# ** Warning: (vsim-3015) ../../src/hdlTop/hdlTop.sv(40): [PCDPC] - Port size (12) does not match connection size (8) for port 'trig_req_type'. The port definition is at: ../../../RTL/top_mod.v(32).
#    Time: 0 ps  Iteration: 0  Instance: /hdlTop/u_dma File: ../../../RTL/top_mod.v
# ** Warning: (vsim-3015) ../../src/hdlTop/hdlTop.sv(40): [PCDPC] - Port size (6) does not match connection size (4) for port 'trig_ack'. The port definition is at: ../../../RTL/top_mod.v(33).
#    Time: 0 ps  Iteration: 0  Instance: /hdlTop/u_dma File: ../../../RTL/top_mod.v
# ** Warning: (vsim-3015) ../../src/hdlTop/hdlTop.sv(40): [PCDPC] - Port size (12) does not match connection size (8) for port 'trig_ack_type'. The port definition is at: ../../../RTL/top_mod.v(34).
#    Time: 0 ps  Iteration: 0  Instance: /hdlTop/u_dma File: ../../../RTL/top_mod.v
# ** Warning: (vsim-3015) ../../src/hdlTop/hdlTop.sv(40): [PCDPC] - Port size (6) does not match connection size (4) for port 'trig_out_req'. The port definition is at: ../../../RTL/top_mod.v(36).
#    Time: 0 ps  Iteration: 0  Instance: /hdlTop/u_dma File: ../../../RTL/top_mod.v
# ** Warning: (vsim-3015) ../../src/hdlTop/hdlTop.sv(40): [PCDPC] - Port size (6) does not match connection size (4) for port 'trig_out_ack'. The port definition is at: ../../../RTL/top_mod.v(37).
#    Time: 0 ps  Iteration: 0  Instance: /hdlTop/u_dma File: ../../../RTL/top_mod.v
# ** Warning: (vsim-3015) ../../src/hdlTop/hdlTop.sv(40): [PCDPC] - Port size (8) does not match connection size (4) for port 'AWLEN_D'. The port definition is at: ../../../RTL/top_mod.v(64).
#    Time: 0 ps  Iteration: 0  Instance: /hdlTop/u_dma File: ../../../RTL/top_mod.v
# ** Warning: (vsim-3015) ../../src/hdlTop/hdlTop.sv(40): [PCDPC] - Port size (3) does not match connection size (1) for port 'IRQ'. The port definition is at: ../../../RTL/top_mod.v(73).
#    Time: 0 ps  Iteration: 0  Instance: /hdlTop/u_dma File: ../../../RTL/top_mod.v
# ** Warning: (vsim-3839) ../../src/hdlTop/interrconnect.sv(673): Variable '/hdlTop/axi4InterfaceHandle[0]/rready', driven via a port connection, is multiply driven. See ../../src/hdlTop/axiMasterAgentBfm/axi4_master_agent_bfm.sv(18).
#    Time: 0 ps  Iteration: 0  Region: /hdlTop/inter/m2s_routing[0] File: ../../src/hdlTop/interrconnect.sv
# ** Warning: (vsim-3839) ../../src/hdlTop/interrconnect.sv(671): Variable '/hdlTop/axi4InterfaceHandle[0]/arvalid', driven via a port connection, is multiply driven. See ../../src/hdlTop/axiMasterAgentBfm/axi4_master_agent_bfm.sv(18).
#    Time: 0 ps  Iteration: 0  Region: /hdlTop/inter/m2s_routing[0] File: ../../src/hdlTop/interrconnect.sv
# ** Warning: (vsim-3839) ../../src/hdlTop/interrconnect.sv(669): Variable '/hdlTop/axi4InterfaceHandle[0]/arqos', driven via a port connection, is multiply driven. See ../../src/hdlTop/axiMasterAgentBfm/axi4_master_agent_bfm.sv(18).
#    Time: 0 ps  Iteration: 0  Region: /hdlTop/inter/m2s_routing[0] File: ../../src/hdlTop/interrconnect.sv
# ** Warning: (vsim-3839) ../../src/hdlTop/interrconnect.sv(667): Variable '/hdlTop/axi4InterfaceHandle[0]/arprot', driven via a port connection, is multiply driven. See ../../src/hdlTop/axiMasterAgentBfm/axi4_master_agent_bfm.sv(18).
#    Time: 0 ps  Iteration: 0  Region: /hdlTop/inter/m2s_routing[0] File: ../../src/hdlTop/interrconnect.sv
# ** Warning: (vsim-3839) ../../src/hdlTop/interrconnect.sv(665): Variable '/hdlTop/axi4InterfaceHandle[0]/arcache', driven via a port connection, is multiply driven. See ../../src/hdlTop/axiMasterAgentBfm/axi4_master_agent_bfm.sv(18).
#    Time: 0 ps  Iteration: 0  Region: /hdlTop/inter/m2s_routing[0] File: ../../src/hdlTop/interrconnect.sv
# ** Warning: (vsim-3839) ../../src/hdlTop/interrconnect.sv(663): Variable '/hdlTop/axi4InterfaceHandle[0]/arlock', driven via a port connection, is multiply driven. See ../../src/hdlTop/axiMasterAgentBfm/axi4_master_agent_bfm.sv(18).
#    Time: 0 ps  Iteration: 0  Region: /hdlTop/inter/m2s_routing[0] File: ../../src/hdlTop/interrconnect.sv
# ** Warning: (vsim-3839) ../../src/hdlTop/interrconnect.sv(661): Variable '/hdlTop/axi4InterfaceHandle[0]/arburst', driven via a port connection, is multiply driven. See ../../src/hdlTop/axiMasterAgentBfm/axi4_master_agent_bfm.sv(18).
#    Time: 0 ps  Iteration: 0  Region: /hdlTop/inter/m2s_routing[0] File: ../../src/hdlTop/interrconnect.sv
# ** Warning: (vsim-3839) ../../src/hdlTop/interrconnect.sv(659): Variable '/hdlTop/axi4InterfaceHandle[0]/arsize', driven via a port connection, is multiply driven. See ../../src/hdlTop/axiMasterAgentBfm/axi4_master_agent_bfm.sv(18).
#    Time: 0 ps  Iteration: 0  Region: /hdlTop/inter/m2s_routing[0] File: ../../src/hdlTop/interrconnect.sv
# ** Warning: (vsim-3839) ../../src/hdlTop/interrconnect.sv(657): Variable '/hdlTop/axi4InterfaceHandle[0]/arlen', driven via a port connection, is multiply driven. See ../../src/hdlTop/axiMasterAgentBfm/axi4_master_agent_bfm.sv(18).
#    Time: 0 ps  Iteration: 0  Region: /hdlTop/inter/m2s_routing[0] File: ../../src/hdlTop/interrconnect.sv
# ** Warning: (vsim-3839) ../../src/hdlTop/interrconnect.sv(655): Variable '/hdlTop/axi4InterfaceHandle[0]/araddr', driven via a port connection, is multiply driven. See ../../src/hdlTop/axiMasterAgentBfm/axi4_master_agent_bfm.sv(18).
#    Time: 0 ps  Iteration: 0  Region: /hdlTop/inter/m2s_routing[0] File: ../../src/hdlTop/interrconnect.sv
# ** Warning: (vsim-3839) ../../src/hdlTop/interrconnect.sv(653): Variable '/hdlTop/axi4InterfaceHandle[0]/arid', driven via a port connection, is multiply driven. See ../../src/hdlTop/axiMasterAgentBfm/axi4_master_agent_bfm.sv(18).
#    Time: 0 ps  Iteration: 0  Region: /hdlTop/inter/m2s_routing[0] File: ../../src/hdlTop/interrconnect.sv
# ** Warning: (vsim-3839) ../../src/hdlTop/interrconnect.sv(645): Variable '/hdlTop/axi4InterfaceHandle[0]/bready', driven via a port connection, is multiply driven. See ../../src/hdlTop/axiMasterAgentBfm/axi4_master_agent_bfm.sv(18).
#    Time: 0 ps  Iteration: 0  Region: /hdlTop/inter/m2s_routing[0] File: ../../src/hdlTop/interrconnect.sv
# ** Warning: (vsim-3839) ../../src/hdlTop/interrconnect.sv(643): Variable '/hdlTop/axi4InterfaceHandle[0]/wvalid', driven via a port connection, is multiply driven. See ../../src/hdlTop/axiMasterAgentBfm/axi4_master_agent_bfm.sv(18).
#    Time: 0 ps  Iteration: 0  Region: /hdlTop/inter/m2s_routing[0] File: ../../src/hdlTop/interrconnect.sv
# ** Warning: (vsim-3839) ../../src/hdlTop/interrconnect.sv(641): Variable '/hdlTop/axi4InterfaceHandle[0]/wlast', driven via a port connection, is multiply driven. See ../../src/hdlTop/axiMasterAgentBfm/axi4_master_agent_bfm.sv(18).
#    Time: 0 ps  Iteration: 0  Region: /hdlTop/inter/m2s_routing[0] File: ../../src/hdlTop/interrconnect.sv
# ** Warning: (vsim-3839) ../../src/hdlTop/interrconnect.sv(639): Variable '/hdlTop/axi4InterfaceHandle[0]/wstrb', driven via a port connection, is multiply driven. See ../../src/hdlTop/axiMasterAgentBfm/axi4_master_agent_bfm.sv(18).
#    Time: 0 ps  Iteration: 0  Region: /hdlTop/inter/m2s_routing[0] File: ../../src/hdlTop/interrconnect.sv
# ** Warning: (vsim-3839) ../../src/hdlTop/interrconnect.sv(637): Variable '/hdlTop/axi4InterfaceHandle[0]/wdata', driven via a port connection, is multiply driven. See ../../src/hdlTop/axiMasterAgentBfm/axi4_master_agent_bfm.sv(18).
#    Time: 0 ps  Iteration: 0  Region: /hdlTop/inter/m2s_routing[0] File: ../../src/hdlTop/interrconnect.sv
# ** Warning: (vsim-3839) ../../src/hdlTop/interrconnect.sv(635): Variable '/hdlTop/axi4InterfaceHandle[0]/awvalid', driven via a port connection, is multiply driven. See ../../src/hdlTop/axiMasterAgentBfm/axi4_master_agent_bfm.sv(18).
#    Time: 0 ps  Iteration: 0  Region: /hdlTop/inter/m2s_routing[0] File: ../../src/hdlTop/interrconnect.sv
# ** Warning: (vsim-3839) ../../src/hdlTop/interrconnect.sv(633): Variable '/hdlTop/axi4InterfaceHandle[0]/awqos', driven via a port connection, is multiply driven. See ../../src/hdlTop/axiMasterAgentBfm/axi4_master_agent_bfm.sv(18).
#    Time: 0 ps  Iteration: 0  Region: /hdlTop/inter/m2s_routing[0] File: ../../src/hdlTop/interrconnect.sv
# ** Warning: (vsim-3839) ../../src/hdlTop/interrconnect.sv(631): Variable '/hdlTop/axi4InterfaceHandle[0]/awprot', driven via a port connection, is multiply driven. See ../../src/hdlTop/axiMasterAgentBfm/axi4_master_agent_bfm.sv(18).
#    Time: 0 ps  Iteration: 0  Region: /hdlTop/inter/m2s_routing[0] File: ../../src/hdlTop/interrconnect.sv
# ** Warning: (vsim-3839) ../../src/hdlTop/interrconnect.sv(629): Variable '/hdlTop/axi4InterfaceHandle[0]/awcache', driven via a port connection, is multiply driven. See ../../src/hdlTop/axiMasterAgentBfm/axi4_master_agent_bfm.sv(18).
#    Time: 0 ps  Iteration: 0  Region: /hdlTop/inter/m2s_routing[0] File: ../../src/hdlTop/interrconnect.sv
# ** Warning: (vsim-3839) ../../src/hdlTop/interrconnect.sv(627): Variable '/hdlTop/axi4InterfaceHandle[0]/awlock', driven via a port connection, is multiply driven. See ../../src/hdlTop/axiMasterAgentBfm/axi4_master_agent_bfm.sv(18).
#    Time: 0 ps  Iteration: 0  Region: /hdlTop/inter/m2s_routing[0] File: ../../src/hdlTop/interrconnect.sv
# ** Warning: (vsim-3839) ../../src/hdlTop/interrconnect.sv(625): Variable '/hdlTop/axi4InterfaceHandle[0]/awburst', driven via a port connection, is multiply driven. See ../../src/hdlTop/axiMasterAgentBfm/axi4_master_agent_bfm.sv(18).
#    Time: 0 ps  Iteration: 0  Region: /hdlTop/inter/m2s_routing[0] File: ../../src/hdlTop/interrconnect.sv
# ** Warning: (vsim-3839) ../../src/hdlTop/interrconnect.sv(623): Variable '/hdlTop/axi4InterfaceHandle[0]/awsize', driven via a port connection, is multiply driven. See ../../src/hdlTop/axiMasterAgentBfm/axi4_master_agent_bfm.sv(18).
#    Time: 0 ps  Iteration: 0  Region: /hdlTop/inter/m2s_routing[0] File: ../../src/hdlTop/interrconnect.sv
# ** Warning: (vsim-3839) ../../src/hdlTop/interrconnect.sv(621): Variable '/hdlTop/axi4InterfaceHandle[0]/awlen', driven via a port connection, is multiply driven. See ../../src/hdlTop/axiMasterAgentBfm/axi4_master_agent_bfm.sv(18).
#    Time: 0 ps  Iteration: 0  Region: /hdlTop/inter/m2s_routing[0] File: ../../src/hdlTop/interrconnect.sv
# ** Warning: (vsim-3839) ../../src/hdlTop/interrconnect.sv(619): Variable '/hdlTop/axi4InterfaceHandle[0]/awaddr', driven via a port connection, is multiply driven. See ../../src/hdlTop/axiMasterAgentBfm/axi4_master_agent_bfm.sv(18).
#    Time: 0 ps  Iteration: 0  Region: /hdlTop/inter/m2s_routing[0] File: ../../src/hdlTop/interrconnect.sv
# ** Warning: (vsim-3839) ../../src/hdlTop/interrconnect.sv(617): Variable '/hdlTop/axi4InterfaceHandle[0]/awid', driven via a port connection, is multiply driven. See ../../src/hdlTop/axiMasterAgentBfm/axi4_master_agent_bfm.sv(18).
#    Time: 0 ps  Iteration: 0  Region: /hdlTop/inter/m2s_routing[0] File: ../../src/hdlTop/interrconnect.sv
# ** Warning: (vsim-3839) ../../src/hdlTop/interrconnect.sv(611): Variable '/hdlTop/axi4InterfaceHandle[0]/arvalid', driven via a port connection, is multiply driven. See ../../src/hdlTop/axiMasterAgentBfm/axi4_master_agent_bfm.sv(18).
#    Time: 0 ps  Iteration: 0  Region: /hdlTop/inter/m2s_routing[0] File: ../../src/hdlTop/interrconnect.sv
# ** Warning: (vsim-3839) ../../src/hdlTop/interrconnect.sv(609): Variable '/hdlTop/axi4InterfaceHandle[0]/wvalid', driven via a port connection, is multiply driven. See ../../src/hdlTop/axiMasterAgentBfm/axi4_master_agent_bfm.sv(18).
#    Time: 0 ps  Iteration: 0  Region: /hdlTop/inter/m2s_routing[0] File: ../../src/hdlTop/interrconnect.sv
# ** Warning: (vsim-3839) ../../src/hdlTop/interrconnect.sv(607): Variable '/hdlTop/axi4InterfaceHandle[0]/awvalid', driven via a port connection, is multiply driven. See ../../src/hdlTop/axiMasterAgentBfm/axi4_master_agent_bfm.sv(18).
#    Time: 0 ps  Iteration: 0  Region: /hdlTop/inter/m2s_routing[0] File: ../../src/hdlTop/interrconnect.sv
# ** Warning: (vsim-3839) ../../src/hdlTop/interrconnect.sv(673): Variable '/hdlTop/axi4InterfaceHandle[1]/rready', driven via a port connection, is multiply driven. See ../../src/hdlTop/axiMasterAgentBfm/axi4_master_agent_bfm.sv(18).
#    Time: 0 ps  Iteration: 0  Region: /hdlTop/inter/m2s_routing[1] File: ../../src/hdlTop/interrconnect.sv
# ** Warning: (vsim-3839) ../../src/hdlTop/interrconnect.sv(671): Variable '/hdlTop/axi4InterfaceHandle[1]/arvalid', driven via a port connection, is multiply driven. See ../../src/hdlTop/axiMasterAgentBfm/axi4_master_agent_bfm.sv(18).
#    Time: 0 ps  Iteration: 0  Region: /hdlTop/inter/m2s_routing[1] File: ../../src/hdlTop/interrconnect.sv
# ** Warning: (vsim-3839) ../../src/hdlTop/interrconnect.sv(669): Variable '/hdlTop/axi4InterfaceHandle[1]/arqos', driven via a port connection, is multiply driven. See ../../src/hdlTop/axiMasterAgentBfm/axi4_master_agent_bfm.sv(18).
#    Time: 0 ps  Iteration: 0  Region: /hdlTop/inter/m2s_routing[1] File: ../../src/hdlTop/interrconnect.sv
# ** Warning: (vsim-3839) ../../src/hdlTop/interrconnect.sv(667): Variable '/hdlTop/axi4InterfaceHandle[1]/arprot', driven via a port connection, is multiply driven. See ../../src/hdlTop/axiMasterAgentBfm/axi4_master_agent_bfm.sv(18).
#    Time: 0 ps  Iteration: 0  Region: /hdlTop/inter/m2s_routing[1] File: ../../src/hdlTop/interrconnect.sv
# ** Warning: (vsim-3839) ../../src/hdlTop/interrconnect.sv(665): Variable '/hdlTop/axi4InterfaceHandle[1]/arcache', driven via a port connection, is multiply driven. See ../../src/hdlTop/axiMasterAgentBfm/axi4_master_agent_bfm.sv(18).
#    Time: 0 ps  Iteration: 0  Region: /hdlTop/inter/m2s_routing[1] File: ../../src/hdlTop/interrconnect.sv
# ** Warning: (vsim-3839) ../../src/hdlTop/interrconnect.sv(663): Variable '/hdlTop/axi4InterfaceHandle[1]/arlock', driven via a port connection, is multiply driven. See ../../src/hdlTop/axiMasterAgentBfm/axi4_master_agent_bfm.sv(18).
#    Time: 0 ps  Iteration: 0  Region: /hdlTop/inter/m2s_routing[1] File: ../../src/hdlTop/interrconnect.sv
# ** Warning: (vsim-3839) ../../src/hdlTop/interrconnect.sv(661): Variable '/hdlTop/axi4InterfaceHandle[1]/arburst', driven via a port connection, is multiply driven. See ../../src/hdlTop/axiMasterAgentBfm/axi4_master_agent_bfm.sv(18).
#    Time: 0 ps  Iteration: 0  Region: /hdlTop/inter/m2s_routing[1] File: ../../src/hdlTop/interrconnect.sv
# ** Warning: (vsim-3839) ../../src/hdlTop/interrconnect.sv(659): Variable '/hdlTop/axi4InterfaceHandle[1]/arsize', driven via a port connection, is multiply driven. See ../../src/hdlTop/axiMasterAgentBfm/axi4_master_agent_bfm.sv(18).
#    Time: 0 ps  Iteration: 0  Region: /hdlTop/inter/m2s_routing[1] File: ../../src/hdlTop/interrconnect.sv
# ** Warning: (vsim-3839) ../../src/hdlTop/interrconnect.sv(657): Variable '/hdlTop/axi4InterfaceHandle[1]/arlen', driven via a port connection, is multiply driven. See ../../src/hdlTop/axiMasterAgentBfm/axi4_master_agent_bfm.sv(18).
#    Time: 0 ps  Iteration: 0  Region: /hdlTop/inter/m2s_routing[1] File: ../../src/hdlTop/interrconnect.sv
# ** Warning: (vsim-3839) ../../src/hdlTop/interrconnect.sv(655): Variable '/hdlTop/axi4InterfaceHandle[1]/araddr', driven via a port connection, is multiply driven. See ../../src/hdlTop/axiMasterAgentBfm/axi4_master_agent_bfm.sv(18).
#    Time: 0 ps  Iteration: 0  Region: /hdlTop/inter/m2s_routing[1] File: ../../src/hdlTop/interrconnect.sv
# ** Warning: (vsim-3839) ../../src/hdlTop/interrconnect.sv(653): Variable '/hdlTop/axi4InterfaceHandle[1]/arid', driven via a port connection, is multiply driven. See ../../src/hdlTop/axiMasterAgentBfm/axi4_master_agent_bfm.sv(18).
#    Time: 0 ps  Iteration: 0  Region: /hdlTop/inter/m2s_routing[1] File: ../../src/hdlTop/interrconnect.sv
# ** Warning: (vsim-3839) ../../src/hdlTop/interrconnect.sv(645): Variable '/hdlTop/axi4InterfaceHandle[1]/bready', driven via a port connection, is multiply driven. See ../../src/hdlTop/axiMasterAgentBfm/axi4_master_agent_bfm.sv(18).
#    Time: 0 ps  Iteration: 0  Region: /hdlTop/inter/m2s_routing[1] File: ../../src/hdlTop/interrconnect.sv
# ** Warning: (vsim-3839) ../../src/hdlTop/interrconnect.sv(643): Variable '/hdlTop/axi4InterfaceHandle[1]/wvalid', driven via a port connection, is multiply driven. See ../../src/hdlTop/axiMasterAgentBfm/axi4_master_agent_bfm.sv(18).
#    Time: 0 ps  Iteration: 0  Region: /hdlTop/inter/m2s_routing[1] File: ../../src/hdlTop/interrconnect.sv
# ** Warning: (vsim-3839) ../../src/hdlTop/interrconnect.sv(641): Variable '/hdlTop/axi4InterfaceHandle[1]/wlast', driven via a port connection, is multiply driven. See ../../src/hdlTop/axiMasterAgentBfm/axi4_master_agent_bfm.sv(18).
#    Time: 0 ps  Iteration: 0  Region: /hdlTop/inter/m2s_routing[1] File: ../../src/hdlTop/interrconnect.sv
# ** Warning: (vsim-3839) ../../src/hdlTop/interrconnect.sv(639): Variable '/hdlTop/axi4InterfaceHandle[1]/wstrb', driven via a port connection, is multiply driven. See ../../src/hdlTop/axiMasterAgentBfm/axi4_master_agent_bfm.sv(18).
#    Time: 0 ps  Iteration: 0  Region: /hdlTop/inter/m2s_routing[1] File: ../../src/hdlTop/interrconnect.sv
# ** Warning: (vsim-3839) ../../src/hdlTop/interrconnect.sv(637): Variable '/hdlTop/axi4InterfaceHandle[1]/wdata', driven via a port connection, is multiply driven. See ../../src/hdlTop/axiMasterAgentBfm/axi4_master_agent_bfm.sv(18).
#    Time: 0 ps  Iteration: 0  Region: /hdlTop/inter/m2s_routing[1] File: ../../src/hdlTop/interrconnect.sv
# ** Warning: (vsim-3839) ../../src/hdlTop/interrconnect.sv(635): Variable '/hdlTop/axi4InterfaceHandle[1]/awvalid', driven via a port connection, is multiply driven. See ../../src/hdlTop/axiMasterAgentBfm/axi4_master_agent_bfm.sv(18).
#    Time: 0 ps  Iteration: 0  Region: /hdlTop/inter/m2s_routing[1] File: ../../src/hdlTop/interrconnect.sv
# ** Warning: (vsim-3839) ../../src/hdlTop/interrconnect.sv(633): Variable '/hdlTop/axi4InterfaceHandle[1]/awqos', driven via a port connection, is multiply driven. See ../../src/hdlTop/axiMasterAgentBfm/axi4_master_agent_bfm.sv(18).
#    Time: 0 ps  Iteration: 0  Region: /hdlTop/inter/m2s_routing[1] File: ../../src/hdlTop/interrconnect.sv
# ** Warning: (vsim-3839) ../../src/hdlTop/interrconnect.sv(631): Variable '/hdlTop/axi4InterfaceHandle[1]/awprot', driven via a port connection, is multiply driven. See ../../src/hdlTop/axiMasterAgentBfm/axi4_master_agent_bfm.sv(18).
#    Time: 0 ps  Iteration: 0  Region: /hdlTop/inter/m2s_routing[1] File: ../../src/hdlTop/interrconnect.sv
# ** Warning: (vsim-3839) ../../src/hdlTop/interrconnect.sv(629): Variable '/hdlTop/axi4InterfaceHandle[1]/awcache', driven via a port connection, is multiply driven. See ../../src/hdlTop/axiMasterAgentBfm/axi4_master_agent_bfm.sv(18).
#    Time: 0 ps  Iteration: 0  Region: /hdlTop/inter/m2s_routing[1] File: ../../src/hdlTop/interrconnect.sv
# ** Warning: (vsim-3839) ../../src/hdlTop/interrconnect.sv(627): Variable '/hdlTop/axi4InterfaceHandle[1]/awlock', driven via a port connection, is multiply driven. See ../../src/hdlTop/axiMasterAgentBfm/axi4_master_agent_bfm.sv(18).
#    Time: 0 ps  Iteration: 0  Region: /hdlTop/inter/m2s_routing[1] File: ../../src/hdlTop/interrconnect.sv
# ** Warning: (vsim-3839) ../../src/hdlTop/interrconnect.sv(625): Variable '/hdlTop/axi4InterfaceHandle[1]/awburst', driven via a port connection, is multiply driven. See ../../src/hdlTop/axiMasterAgentBfm/axi4_master_agent_bfm.sv(18).
#    Time: 0 ps  Iteration: 0  Region: /hdlTop/inter/m2s_routing[1] File: ../../src/hdlTop/interrconnect.sv
# ** Warning: (vsim-3839) ../../src/hdlTop/interrconnect.sv(623): Variable '/hdlTop/axi4InterfaceHandle[1]/awsize', driven via a port connection, is multiply driven. See ../../src/hdlTop/axiMasterAgentBfm/axi4_master_agent_bfm.sv(18).
#    Time: 0 ps  Iteration: 0  Region: /hdlTop/inter/m2s_routing[1] File: ../../src/hdlTop/interrconnect.sv
# ** Warning: (vsim-3839) ../../src/hdlTop/interrconnect.sv(621): Variable '/hdlTop/axi4InterfaceHandle[1]/awlen', driven via a port connection, is multiply driven. See ../../src/hdlTop/axiMasterAgentBfm/axi4_master_agent_bfm.sv(18).
#    Time: 0 ps  Iteration: 0  Region: /hdlTop/inter/m2s_routing[1] File: ../../src/hdlTop/interrconnect.sv
# ** Warning: (vsim-3839) ../../src/hdlTop/interrconnect.sv(619): Variable '/hdlTop/axi4InterfaceHandle[1]/awaddr', driven via a port connection, is multiply driven. See ../../src/hdlTop/axiMasterAgentBfm/axi4_master_agent_bfm.sv(18).
#    Time: 0 ps  Iteration: 0  Region: /hdlTop/inter/m2s_routing[1] File: ../../src/hdlTop/interrconnect.sv
# ** Warning: (vsim-3839) ../../src/hdlTop/interrconnect.sv(617): Variable '/hdlTop/axi4InterfaceHandle[1]/awid', driven via a port connection, is multiply driven. See ../../src/hdlTop/axiMasterAgentBfm/axi4_master_agent_bfm.sv(18).
#    Time: 0 ps  Iteration: 0  Region: /hdlTop/inter/m2s_routing[1] File: ../../src/hdlTop/interrconnect.sv
# ** Warning: (vsim-3839) ../../src/hdlTop/interrconnect.sv(611): Variable '/hdlTop/axi4InterfaceHandle[1]/arvalid', driven via a port connection, is multiply driven. See ../../src/hdlTop/axiMasterAgentBfm/axi4_master_agent_bfm.sv(18).
#    Time: 0 ps  Iteration: 0  Region: /hdlTop/inter/m2s_routing[1] File: ../../src/hdlTop/interrconnect.sv
# ** Warning: (vsim-3839) ../../src/hdlTop/interrconnect.sv(609): Variable '/hdlTop/axi4InterfaceHandle[1]/wvalid', driven via a port connection, is multiply driven. See ../../src/hdlTop/axiMasterAgentBfm/axi4_master_agent_bfm.sv(18).
#    Time: 0 ps  Iteration: 0  Region: /hdlTop/inter/m2s_routing[1] File: ../../src/hdlTop/interrconnect.sv
# ** Warning: (vsim-3839) ../../src/hdlTop/interrconnect.sv(607): Variable '/hdlTop/axi4InterfaceHandle[1]/awvalid', driven via a port connection, is multiply driven. See ../../src/hdlTop/axiMasterAgentBfm/axi4_master_agent_bfm.sv(18).
#    Time: 0 ps  Iteration: 0  Region: /hdlTop/inter/m2s_routing[1] File: ../../src/hdlTop/interrconnect.sv
# ** Warning: (vsim-3839) ../../src/hdlTop/interrconnect.sv(673): Variable '/hdlTop/axi4InterfaceHandle[2]/rready', driven via a port connection, is multiply driven. See ../../src/hdlTop/axiMasterAgentBfm/axi4_master_agent_bfm.sv(18).
#    Time: 0 ps  Iteration: 0  Region: /hdlTop/inter/m2s_routing[2] File: ../../src/hdlTop/interrconnect.sv
# ** Warning: (vsim-3839) ../../src/hdlTop/interrconnect.sv(671): Variable '/hdlTop/axi4InterfaceHandle[2]/arvalid', driven via a port connection, is multiply driven. See ../../src/hdlTop/axiMasterAgentBfm/axi4_master_agent_bfm.sv(18).
#    Time: 0 ps  Iteration: 0  Region: /hdlTop/inter/m2s_routing[2] File: ../../src/hdlTop/interrconnect.sv
# ** Warning: (vsim-3839) ../../src/hdlTop/interrconnect.sv(669): Variable '/hdlTop/axi4InterfaceHandle[2]/arqos', driven via a port connection, is multiply driven. See ../../src/hdlTop/axiMasterAgentBfm/axi4_master_agent_bfm.sv(18).
#    Time: 0 ps  Iteration: 0  Region: /hdlTop/inter/m2s_routing[2] File: ../../src/hdlTop/interrconnect.sv
# ** Warning: (vsim-3839) ../../src/hdlTop/interrconnect.sv(667): Variable '/hdlTop/axi4InterfaceHandle[2]/arprot', driven via a port connection, is multiply driven. See ../../src/hdlTop/axiMasterAgentBfm/axi4_master_agent_bfm.sv(18).
#    Time: 0 ps  Iteration: 0  Region: /hdlTop/inter/m2s_routing[2] File: ../../src/hdlTop/interrconnect.sv
# ** Warning: (vsim-3839) ../../src/hdlTop/interrconnect.sv(665): Variable '/hdlTop/axi4InterfaceHandle[2]/arcache', driven via a port connection, is multiply driven. See ../../src/hdlTop/axiMasterAgentBfm/axi4_master_agent_bfm.sv(18).
#    Time: 0 ps  Iteration: 0  Region: /hdlTop/inter/m2s_routing[2] File: ../../src/hdlTop/interrconnect.sv
# ** Warning: (vsim-3839) ../../src/hdlTop/interrconnect.sv(663): Variable '/hdlTop/axi4InterfaceHandle[2]/arlock', driven via a port connection, is multiply driven. See ../../src/hdlTop/axiMasterAgentBfm/axi4_master_agent_bfm.sv(18).
#    Time: 0 ps  Iteration: 0  Region: /hdlTop/inter/m2s_routing[2] File: ../../src/hdlTop/interrconnect.sv
# ** Warning: (vsim-3839) ../../src/hdlTop/interrconnect.sv(661): Variable '/hdlTop/axi4InterfaceHandle[2]/arburst', driven via a port connection, is multiply driven. See ../../src/hdlTop/axiMasterAgentBfm/axi4_master_agent_bfm.sv(18).
#    Time: 0 ps  Iteration: 0  Region: /hdlTop/inter/m2s_routing[2] File: ../../src/hdlTop/interrconnect.sv
# ** Warning: (vsim-3839) ../../src/hdlTop/interrconnect.sv(659): Variable '/hdlTop/axi4InterfaceHandle[2]/arsize', driven via a port connection, is multiply driven. See ../../src/hdlTop/axiMasterAgentBfm/axi4_master_agent_bfm.sv(18).
#    Time: 0 ps  Iteration: 0  Region: /hdlTop/inter/m2s_routing[2] File: ../../src/hdlTop/interrconnect.sv
# ** Warning: (vsim-3839) ../../src/hdlTop/interrconnect.sv(657): Variable '/hdlTop/axi4InterfaceHandle[2]/arlen', driven via a port connection, is multiply driven. See ../../src/hdlTop/axiMasterAgentBfm/axi4_master_agent_bfm.sv(18).
#    Time: 0 ps  Iteration: 0  Region: /hdlTop/inter/m2s_routing[2] File: ../../src/hdlTop/interrconnect.sv
# ** Warning: (vsim-3839) ../../src/hdlTop/interrconnect.sv(655): Variable '/hdlTop/axi4InterfaceHandle[2]/araddr', driven via a port connection, is multiply driven. See ../../src/hdlTop/axiMasterAgentBfm/axi4_master_agent_bfm.sv(18).
#    Time: 0 ps  Iteration: 0  Region: /hdlTop/inter/m2s_routing[2] File: ../../src/hdlTop/interrconnect.sv
# ** Warning: (vsim-3839) ../../src/hdlTop/interrconnect.sv(653): Variable '/hdlTop/axi4InterfaceHandle[2]/arid', driven via a port connection, is multiply driven. See ../../src/hdlTop/axiMasterAgentBfm/axi4_master_agent_bfm.sv(18).
#    Time: 0 ps  Iteration: 0  Region: /hdlTop/inter/m2s_routing[2] File: ../../src/hdlTop/interrconnect.sv
# ** Warning: (vsim-3839) ../../src/hdlTop/interrconnect.sv(645): Variable '/hdlTop/axi4InterfaceHandle[2]/bready', driven via a port connection, is multiply driven. See ../../src/hdlTop/axiMasterAgentBfm/axi4_master_agent_bfm.sv(18).
#    Time: 0 ps  Iteration: 0  Region: /hdlTop/inter/m2s_routing[2] File: ../../src/hdlTop/interrconnect.sv
# ** Warning: (vsim-3839) ../../src/hdlTop/interrconnect.sv(643): Variable '/hdlTop/axi4InterfaceHandle[2]/wvalid', driven via a port connection, is multiply driven. See ../../src/hdlTop/axiMasterAgentBfm/axi4_master_agent_bfm.sv(18).
#    Time: 0 ps  Iteration: 0  Region: /hdlTop/inter/m2s_routing[2] File: ../../src/hdlTop/interrconnect.sv
# ** Warning: (vsim-3839) ../../src/hdlTop/interrconnect.sv(641): Variable '/hdlTop/axi4InterfaceHandle[2]/wlast', driven via a port connection, is multiply driven. See ../../src/hdlTop/axiMasterAgentBfm/axi4_master_agent_bfm.sv(18).
#    Time: 0 ps  Iteration: 0  Region: /hdlTop/inter/m2s_routing[2] File: ../../src/hdlTop/interrconnect.sv
# ** Warning: (vsim-3839) ../../src/hdlTop/interrconnect.sv(639): Variable '/hdlTop/axi4InterfaceHandle[2]/wstrb', driven via a port connection, is multiply driven. See ../../src/hdlTop/axiMasterAgentBfm/axi4_master_agent_bfm.sv(18).
#    Time: 0 ps  Iteration: 0  Region: /hdlTop/inter/m2s_routing[2] File: ../../src/hdlTop/interrconnect.sv
# ** Warning: (vsim-3839) ../../src/hdlTop/interrconnect.sv(637): Variable '/hdlTop/axi4InterfaceHandle[2]/wdata', driven via a port connection, is multiply driven. See ../../src/hdlTop/axiMasterAgentBfm/axi4_master_agent_bfm.sv(18).
#    Time: 0 ps  Iteration: 0  Region: /hdlTop/inter/m2s_routing[2] File: ../../src/hdlTop/interrconnect.sv
# ** Warning: (vsim-3839) ../../src/hdlTop/interrconnect.sv(635): Variable '/hdlTop/axi4InterfaceHandle[2]/awvalid', driven via a port connection, is multiply driven. See ../../src/hdlTop/axiMasterAgentBfm/axi4_master_agent_bfm.sv(18).
#    Time: 0 ps  Iteration: 0  Region: /hdlTop/inter/m2s_routing[2] File: ../../src/hdlTop/interrconnect.sv
# ** Warning: (vsim-3839) ../../src/hdlTop/interrconnect.sv(633): Variable '/hdlTop/axi4InterfaceHandle[2]/awqos', driven via a port connection, is multiply driven. See ../../src/hdlTop/axiMasterAgentBfm/axi4_master_agent_bfm.sv(18).
#    Time: 0 ps  Iteration: 0  Region: /hdlTop/inter/m2s_routing[2] File: ../../src/hdlTop/interrconnect.sv
# ** Warning: (vsim-3839) ../../src/hdlTop/interrconnect.sv(631): Variable '/hdlTop/axi4InterfaceHandle[2]/awprot', driven via a port connection, is multiply driven. See ../../src/hdlTop/axiMasterAgentBfm/axi4_master_agent_bfm.sv(18).
#    Time: 0 ps  Iteration: 0  Region: /hdlTop/inter/m2s_routing[2] File: ../../src/hdlTop/interrconnect.sv
# ** Warning: (vsim-3839) ../../src/hdlTop/interrconnect.sv(629): Variable '/hdlTop/axi4InterfaceHandle[2]/awcache', driven via a port connection, is multiply driven. See ../../src/hdlTop/axiMasterAgentBfm/axi4_master_agent_bfm.sv(18).
#    Time: 0 ps  Iteration: 0  Region: /hdlTop/inter/m2s_routing[2] File: ../../src/hdlTop/interrconnect.sv
# ** Warning: (vsim-3839) ../../src/hdlTop/interrconnect.sv(627): Variable '/hdlTop/axi4InterfaceHandle[2]/awlock', driven via a port connection, is multiply driven. See ../../src/hdlTop/axiMasterAgentBfm/axi4_master_agent_bfm.sv(18).
#    Time: 0 ps  Iteration: 0  Region: /hdlTop/inter/m2s_routing[2] File: ../../src/hdlTop/interrconnect.sv
# ** Warning: (vsim-3839) ../../src/hdlTop/interrconnect.sv(625): Variable '/hdlTop/axi4InterfaceHandle[2]/awburst', driven via a port connection, is multiply driven. See ../../src/hdlTop/axiMasterAgentBfm/axi4_master_agent_bfm.sv(18).
#    Time: 0 ps  Iteration: 0  Region: /hdlTop/inter/m2s_routing[2] File: ../../src/hdlTop/interrconnect.sv
# ** Warning: (vsim-3839) ../../src/hdlTop/interrconnect.sv(623): Variable '/hdlTop/axi4InterfaceHandle[2]/awsize', driven via a port connection, is multiply driven. See ../../src/hdlTop/axiMasterAgentBfm/axi4_master_agent_bfm.sv(18).
#    Time: 0 ps  Iteration: 0  Region: /hdlTop/inter/m2s_routing[2] File: ../../src/hdlTop/interrconnect.sv
# ** Warning: (vsim-3839) ../../src/hdlTop/interrconnect.sv(621): Variable '/hdlTop/axi4InterfaceHandle[2]/awlen', driven via a port connection, is multiply driven. See ../../src/hdlTop/axiMasterAgentBfm/axi4_master_agent_bfm.sv(18).
#    Time: 0 ps  Iteration: 0  Region: /hdlTop/inter/m2s_routing[2] File: ../../src/hdlTop/interrconnect.sv
# ** Warning: (vsim-3839) ../../src/hdlTop/interrconnect.sv(619): Variable '/hdlTop/axi4InterfaceHandle[2]/awaddr', driven via a port connection, is multiply driven. See ../../src/hdlTop/axiMasterAgentBfm/axi4_master_agent_bfm.sv(18).
#    Time: 0 ps  Iteration: 0  Region: /hdlTop/inter/m2s_routing[2] File: ../../src/hdlTop/interrconnect.sv
# ** Warning: (vsim-3839) ../../src/hdlTop/interrconnect.sv(617): Variable '/hdlTop/axi4InterfaceHandle[2]/awid', driven via a port connection, is multiply driven. See ../../src/hdlTop/axiMasterAgentBfm/axi4_master_agent_bfm.sv(18).
#    Time: 0 ps  Iteration: 0  Region: /hdlTop/inter/m2s_routing[2] File: ../../src/hdlTop/interrconnect.sv
# ** Warning: (vsim-3839) ../../src/hdlTop/interrconnect.sv(611): Variable '/hdlTop/axi4InterfaceHandle[2]/arvalid', driven via a port connection, is multiply driven. See ../../src/hdlTop/axiMasterAgentBfm/axi4_master_agent_bfm.sv(18).
#    Time: 0 ps  Iteration: 0  Region: /hdlTop/inter/m2s_routing[2] File: ../../src/hdlTop/interrconnect.sv
# ** Warning: (vsim-3839) ../../src/hdlTop/interrconnect.sv(609): Variable '/hdlTop/axi4InterfaceHandle[2]/wvalid', driven via a port connection, is multiply driven. See ../../src/hdlTop/axiMasterAgentBfm/axi4_master_agent_bfm.sv(18).
#    Time: 0 ps  Iteration: 0  Region: /hdlTop/inter/m2s_routing[2] File: ../../src/hdlTop/interrconnect.sv
# ** Warning: (vsim-3839) ../../src/hdlTop/interrconnect.sv(607): Variable '/hdlTop/axi4InterfaceHandle[2]/awvalid', driven via a port connection, is multiply driven. See ../../src/hdlTop/axiMasterAgentBfm/axi4_master_agent_bfm.sv(18).
#    Time: 0 ps  Iteration: 0  Region: /hdlTop/inter/m2s_routing[2] File: ../../src/hdlTop/interrconnect.sv
# ** Warning: (vsim-3839) ../../src/hdlTop/interrconnect.sv(673): Variable '/hdlTop/axi4InterfaceHandle[3]/rready', driven via a port connection, is multiply driven. See ../../src/hdlTop/axiMasterAgentBfm/axi4_master_agent_bfm.sv(18).
#    Time: 0 ps  Iteration: 0  Region: /hdlTop/inter/m2s_routing[3] File: ../../src/hdlTop/interrconnect.sv
# ** Warning: (vsim-3839) ../../src/hdlTop/interrconnect.sv(671): Variable '/hdlTop/axi4InterfaceHandle[3]/arvalid', driven via a port connection, is multiply driven. See ../../src/hdlTop/axiMasterAgentBfm/axi4_master_agent_bfm.sv(18).
#    Time: 0 ps  Iteration: 0  Region: /hdlTop/inter/m2s_routing[3] File: ../../src/hdlTop/interrconnect.sv
# ** Warning: (vsim-3839) ../../src/hdlTop/interrconnect.sv(669): Variable '/hdlTop/axi4InterfaceHandle[3]/arqos', driven via a port connection, is multiply driven. See ../../src/hdlTop/axiMasterAgentBfm/axi4_master_agent_bfm.sv(18).
#    Time: 0 ps  Iteration: 0  Region: /hdlTop/inter/m2s_routing[3] File: ../../src/hdlTop/interrconnect.sv
# ** Warning: (vsim-3839) ../../src/hdlTop/interrconnect.sv(667): Variable '/hdlTop/axi4InterfaceHandle[3]/arprot', driven via a port connection, is multiply driven. See ../../src/hdlTop/axiMasterAgentBfm/axi4_master_agent_bfm.sv(18).
#    Time: 0 ps  Iteration: 0  Region: /hdlTop/inter/m2s_routing[3] File: ../../src/hdlTop/interrconnect.sv
# ** Warning: (vsim-3839) ../../src/hdlTop/interrconnect.sv(665): Variable '/hdlTop/axi4InterfaceHandle[3]/arcache', driven via a port connection, is multiply driven. See ../../src/hdlTop/axiMasterAgentBfm/axi4_master_agent_bfm.sv(18).
#    Time: 0 ps  Iteration: 0  Region: /hdlTop/inter/m2s_routing[3] File: ../../src/hdlTop/interrconnect.sv
# ** Warning: (vsim-3839) ../../src/hdlTop/interrconnect.sv(663): Variable '/hdlTop/axi4InterfaceHandle[3]/arlock', driven via a port connection, is multiply driven. See ../../src/hdlTop/axiMasterAgentBfm/axi4_master_agent_bfm.sv(18).
#    Time: 0 ps  Iteration: 0  Region: /hdlTop/inter/m2s_routing[3] File: ../../src/hdlTop/interrconnect.sv
# ** Warning: (vsim-3839) ../../src/hdlTop/interrconnect.sv(661): Variable '/hdlTop/axi4InterfaceHandle[3]/arburst', driven via a port connection, is multiply driven. See ../../src/hdlTop/axiMasterAgentBfm/axi4_master_agent_bfm.sv(18).
#    Time: 0 ps  Iteration: 0  Region: /hdlTop/inter/m2s_routing[3] File: ../../src/hdlTop/interrconnect.sv
# ** Warning: (vsim-3839) ../../src/hdlTop/interrconnect.sv(659): Variable '/hdlTop/axi4InterfaceHandle[3]/arsize', driven via a port connection, is multiply driven. See ../../src/hdlTop/axiMasterAgentBfm/axi4_master_agent_bfm.sv(18).
#    Time: 0 ps  Iteration: 0  Region: /hdlTop/inter/m2s_routing[3] File: ../../src/hdlTop/interrconnect.sv
# ** Warning: (vsim-3839) ../../src/hdlTop/interrconnect.sv(657): Variable '/hdlTop/axi4InterfaceHandle[3]/arlen', driven via a port connection, is multiply driven. See ../../src/hdlTop/axiMasterAgentBfm/axi4_master_agent_bfm.sv(18).
#    Time: 0 ps  Iteration: 0  Region: /hdlTop/inter/m2s_routing[3] File: ../../src/hdlTop/interrconnect.sv
# ** Warning: (vsim-3839) ../../src/hdlTop/interrconnect.sv(655): Variable '/hdlTop/axi4InterfaceHandle[3]/araddr', driven via a port connection, is multiply driven. See ../../src/hdlTop/axiMasterAgentBfm/axi4_master_agent_bfm.sv(18).
#    Time: 0 ps  Iteration: 0  Region: /hdlTop/inter/m2s_routing[3] File: ../../src/hdlTop/interrconnect.sv
# ** Warning: (vsim-3839) ../../src/hdlTop/interrconnect.sv(653): Variable '/hdlTop/axi4InterfaceHandle[3]/arid', driven via a port connection, is multiply driven. See ../../src/hdlTop/axiMasterAgentBfm/axi4_master_agent_bfm.sv(18).
#    Time: 0 ps  Iteration: 0  Region: /hdlTop/inter/m2s_routing[3] File: ../../src/hdlTop/interrconnect.sv
# ** Warning: (vsim-3839) ../../src/hdlTop/interrconnect.sv(645): Variable '/hdlTop/axi4InterfaceHandle[3]/bready', driven via a port connection, is multiply driven. See ../../src/hdlTop/axiMasterAgentBfm/axi4_master_agent_bfm.sv(18).
#    Time: 0 ps  Iteration: 0  Region: /hdlTop/inter/m2s_routing[3] File: ../../src/hdlTop/interrconnect.sv
# ** Warning: (vsim-3839) ../../src/hdlTop/interrconnect.sv(643): Variable '/hdlTop/axi4InterfaceHandle[3]/wvalid', driven via a port connection, is multiply driven. See ../../src/hdlTop/axiMasterAgentBfm/axi4_master_agent_bfm.sv(18).
#    Time: 0 ps  Iteration: 0  Region: /hdlTop/inter/m2s_routing[3] File: ../../src/hdlTop/interrconnect.sv
# ** Warning: (vsim-3839) ../../src/hdlTop/interrconnect.sv(641): Variable '/hdlTop/axi4InterfaceHandle[3]/wlast', driven via a port connection, is multiply driven. See ../../src/hdlTop/axiMasterAgentBfm/axi4_master_agent_bfm.sv(18).
#    Time: 0 ps  Iteration: 0  Region: /hdlTop/inter/m2s_routing[3] File: ../../src/hdlTop/interrconnect.sv
# ** Warning: (vsim-3839) ../../src/hdlTop/interrconnect.sv(639): Variable '/hdlTop/axi4InterfaceHandle[3]/wstrb', driven via a port connection, is multiply driven. See ../../src/hdlTop/axiMasterAgentBfm/axi4_master_agent_bfm.sv(18).
#    Time: 0 ps  Iteration: 0  Region: /hdlTop/inter/m2s_routing[3] File: ../../src/hdlTop/interrconnect.sv
# ** Warning: (vsim-3839) ../../src/hdlTop/interrconnect.sv(637): Variable '/hdlTop/axi4InterfaceHandle[3]/wdata', driven via a port connection, is multiply driven. See ../../src/hdlTop/axiMasterAgentBfm/axi4_master_agent_bfm.sv(18).
#    Time: 0 ps  Iteration: 0  Region: /hdlTop/inter/m2s_routing[3] File: ../../src/hdlTop/interrconnect.sv
# ** Warning: (vsim-3839) ../../src/hdlTop/interrconnect.sv(635): Variable '/hdlTop/axi4InterfaceHandle[3]/awvalid', driven via a port connection, is multiply driven. See ../../src/hdlTop/axiMasterAgentBfm/axi4_master_agent_bfm.sv(18).
#    Time: 0 ps  Iteration: 0  Region: /hdlTop/inter/m2s_routing[3] File: ../../src/hdlTop/interrconnect.sv
# ** Warning: (vsim-3839) ../../src/hdlTop/interrconnect.sv(633): Variable '/hdlTop/axi4InterfaceHandle[3]/awqos', driven via a port connection, is multiply driven. See ../../src/hdlTop/axiMasterAgentBfm/axi4_master_agent_bfm.sv(18).
#    Time: 0 ps  Iteration: 0  Region: /hdlTop/inter/m2s_routing[3] File: ../../src/hdlTop/interrconnect.sv
# ** Warning: (vsim-3839) ../../src/hdlTop/interrconnect.sv(631): Variable '/hdlTop/axi4InterfaceHandle[3]/awprot', driven via a port connection, is multiply driven. See ../../src/hdlTop/axiMasterAgentBfm/axi4_master_agent_bfm.sv(18).
#    Time: 0 ps  Iteration: 0  Region: /hdlTop/inter/m2s_routing[3] File: ../../src/hdlTop/interrconnect.sv
# ** Warning: (vsim-3839) ../../src/hdlTop/interrconnect.sv(629): Variable '/hdlTop/axi4InterfaceHandle[3]/awcache', driven via a port connection, is multiply driven. See ../../src/hdlTop/axiMasterAgentBfm/axi4_master_agent_bfm.sv(18).
#    Time: 0 ps  Iteration: 0  Region: /hdlTop/inter/m2s_routing[3] File: ../../src/hdlTop/interrconnect.sv
# ** Warning: (vsim-3839) ../../src/hdlTop/interrconnect.sv(627): Variable '/hdlTop/axi4InterfaceHandle[3]/awlock', driven via a port connection, is multiply driven. See ../../src/hdlTop/axiMasterAgentBfm/axi4_master_agent_bfm.sv(18).
#    Time: 0 ps  Iteration: 0  Region: /hdlTop/inter/m2s_routing[3] File: ../../src/hdlTop/interrconnect.sv
# ** Warning: (vsim-3839) ../../src/hdlTop/interrconnect.sv(625): Variable '/hdlTop/axi4InterfaceHandle[3]/awburst', driven via a port connection, is multiply driven. See ../../src/hdlTop/axiMasterAgentBfm/axi4_master_agent_bfm.sv(18).
#    Time: 0 ps  Iteration: 0  Region: /hdlTop/inter/m2s_routing[3] File: ../../src/hdlTop/interrconnect.sv
# ** Warning: (vsim-3839) ../../src/hdlTop/interrconnect.sv(623): Variable '/hdlTop/axi4InterfaceHandle[3]/awsize', driven via a port connection, is multiply driven. See ../../src/hdlTop/axiMasterAgentBfm/axi4_master_agent_bfm.sv(18).
#    Time: 0 ps  Iteration: 0  Region: /hdlTop/inter/m2s_routing[3] File: ../../src/hdlTop/interrconnect.sv
# ** Warning: (vsim-3839) ../../src/hdlTop/interrconnect.sv(621): Variable '/hdlTop/axi4InterfaceHandle[3]/awlen', driven via a port connection, is multiply driven. See ../../src/hdlTop/axiMasterAgentBfm/axi4_master_agent_bfm.sv(18).
#    Time: 0 ps  Iteration: 0  Region: /hdlTop/inter/m2s_routing[3] File: ../../src/hdlTop/interrconnect.sv
# ** Warning: (vsim-3839) ../../src/hdlTop/interrconnect.sv(619): Variable '/hdlTop/axi4InterfaceHandle[3]/awaddr', driven via a port connection, is multiply driven. See ../../src/hdlTop/axiMasterAgentBfm/axi4_master_agent_bfm.sv(18).
#    Time: 0 ps  Iteration: 0  Region: /hdlTop/inter/m2s_routing[3] File: ../../src/hdlTop/interrconnect.sv
# ** Warning: (vsim-3839) ../../src/hdlTop/interrconnect.sv(617): Variable '/hdlTop/axi4InterfaceHandle[3]/awid', driven via a port connection, is multiply driven. See ../../src/hdlTop/axiMasterAgentBfm/axi4_master_agent_bfm.sv(18).
#    Time: 0 ps  Iteration: 0  Region: /hdlTop/inter/m2s_routing[3] File: ../../src/hdlTop/interrconnect.sv
# ** Warning: (vsim-3839) ../../src/hdlTop/interrconnect.sv(611): Variable '/hdlTop/axi4InterfaceHandle[3]/arvalid', driven via a port connection, is multiply driven. See ../../src/hdlTop/axiMasterAgentBfm/axi4_master_agent_bfm.sv(18).
#    Time: 0 ps  Iteration: 0  Region: /hdlTop/inter/m2s_routing[3] File: ../../src/hdlTop/interrconnect.sv
# ** Warning: (vsim-3839) ../../src/hdlTop/interrconnect.sv(609): Variable '/hdlTop/axi4InterfaceHandle[3]/wvalid', driven via a port connection, is multiply driven. See ../../src/hdlTop/axiMasterAgentBfm/axi4_master_agent_bfm.sv(18).
#    Time: 0 ps  Iteration: 0  Region: /hdlTop/inter/m2s_routing[3] File: ../../src/hdlTop/interrconnect.sv
# ** Warning: (vsim-3839) ../../src/hdlTop/interrconnect.sv(607): Variable '/hdlTop/axi4InterfaceHandle[3]/awvalid', driven via a port connection, is multiply driven. See ../../src/hdlTop/axiMasterAgentBfm/axi4_master_agent_bfm.sv(18).
#    Time: 0 ps  Iteration: 0  Region: /hdlTop/inter/m2s_routing[3] File: ../../src/hdlTop/interrconnect.sv
# ** Warning: (vsim-3839) ../../src/hdlTop/interrconnect.sv(673): Variable '/hdlTop/axi4InterfaceHandle[4]/rready', driven via a port connection, is multiply driven. See ../../src/hdlTop/axiMasterAgentBfm/axi4_master_agent_bfm.sv(18).
#    Time: 0 ps  Iteration: 0  Region: /hdlTop/inter/m2s_routing[4] File: ../../src/hdlTop/interrconnect.sv
# ** Warning: (vsim-3839) ../../src/hdlTop/interrconnect.sv(671): Variable '/hdlTop/axi4InterfaceHandle[4]/arvalid', driven via a port connection, is multiply driven. See ../../src/hdlTop/axiMasterAgentBfm/axi4_master_agent_bfm.sv(18).
#    Time: 0 ps  Iteration: 0  Region: /hdlTop/inter/m2s_routing[4] File: ../../src/hdlTop/interrconnect.sv
# ** Warning: (vsim-3839) ../../src/hdlTop/interrconnect.sv(669): Variable '/hdlTop/axi4InterfaceHandle[4]/arqos', driven via a port connection, is multiply driven. See ../../src/hdlTop/axiMasterAgentBfm/axi4_master_agent_bfm.sv(18).
#    Time: 0 ps  Iteration: 0  Region: /hdlTop/inter/m2s_routing[4] File: ../../src/hdlTop/interrconnect.sv
# ** Warning: (vsim-3839) ../../src/hdlTop/interrconnect.sv(667): Variable '/hdlTop/axi4InterfaceHandle[4]/arprot', driven via a port connection, is multiply driven. See ../../src/hdlTop/axiMasterAgentBfm/axi4_master_agent_bfm.sv(18).
#    Time: 0 ps  Iteration: 0  Region: /hdlTop/inter/m2s_routing[4] File: ../../src/hdlTop/interrconnect.sv
# ** Warning: (vsim-3839) ../../src/hdlTop/interrconnect.sv(665): Variable '/hdlTop/axi4InterfaceHandle[4]/arcache', driven via a port connection, is multiply driven. See ../../src/hdlTop/axiMasterAgentBfm/axi4_master_agent_bfm.sv(18).
#    Time: 0 ps  Iteration: 0  Region: /hdlTop/inter/m2s_routing[4] File: ../../src/hdlTop/interrconnect.sv
# ** Warning: (vsim-3839) ../../src/hdlTop/interrconnect.sv(663): Variable '/hdlTop/axi4InterfaceHandle[4]/arlock', driven via a port connection, is multiply driven. See ../../src/hdlTop/axiMasterAgentBfm/axi4_master_agent_bfm.sv(18).
#    Time: 0 ps  Iteration: 0  Region: /hdlTop/inter/m2s_routing[4] File: ../../src/hdlTop/interrconnect.sv
# ** Warning: (vsim-3839) ../../src/hdlTop/interrconnect.sv(661): Variable '/hdlTop/axi4InterfaceHandle[4]/arburst', driven via a port connection, is multiply driven. See ../../src/hdlTop/axiMasterAgentBfm/axi4_master_agent_bfm.sv(18).
#    Time: 0 ps  Iteration: 0  Region: /hdlTop/inter/m2s_routing[4] File: ../../src/hdlTop/interrconnect.sv
# ** Warning: (vsim-3839) ../../src/hdlTop/interrconnect.sv(659): Variable '/hdlTop/axi4InterfaceHandle[4]/arsize', driven via a port connection, is multiply driven. See ../../src/hdlTop/axiMasterAgentBfm/axi4_master_agent_bfm.sv(18).
#    Time: 0 ps  Iteration: 0  Region: /hdlTop/inter/m2s_routing[4] File: ../../src/hdlTop/interrconnect.sv
# ** Warning: (vsim-3839) ../../src/hdlTop/interrconnect.sv(657): Variable '/hdlTop/axi4InterfaceHandle[4]/arlen', driven via a port connection, is multiply driven. See ../../src/hdlTop/axiMasterAgentBfm/axi4_master_agent_bfm.sv(18).
#    Time: 0 ps  Iteration: 0  Region: /hdlTop/inter/m2s_routing[4] File: ../../src/hdlTop/interrconnect.sv
# ** Warning: (vsim-3839) ../../src/hdlTop/interrconnect.sv(655): Variable '/hdlTop/axi4InterfaceHandle[4]/araddr', driven via a port connection, is multiply driven. See ../../src/hdlTop/axiMasterAgentBfm/axi4_master_agent_bfm.sv(18).
#    Time: 0 ps  Iteration: 0  Region: /hdlTop/inter/m2s_routing[4] File: ../../src/hdlTop/interrconnect.sv
# ** Warning: (vsim-3839) ../../src/hdlTop/interrconnect.sv(653): Variable '/hdlTop/axi4InterfaceHandle[4]/arid', driven via a port connection, is multiply driven. See ../../src/hdlTop/axiMasterAgentBfm/axi4_master_agent_bfm.sv(18).
#    Time: 0 ps  Iteration: 0  Region: /hdlTop/inter/m2s_routing[4] File: ../../src/hdlTop/interrconnect.sv
# ** Warning: (vsim-3839) ../../src/hdlTop/interrconnect.sv(645): Variable '/hdlTop/axi4InterfaceHandle[4]/bready', driven via a port connection, is multiply driven. See ../../src/hdlTop/axiMasterAgentBfm/axi4_master_agent_bfm.sv(18).
#    Time: 0 ps  Iteration: 0  Region: /hdlTop/inter/m2s_routing[4] File: ../../src/hdlTop/interrconnect.sv
# ** Warning: (vsim-3839) ../../src/hdlTop/interrconnect.sv(643): Variable '/hdlTop/axi4InterfaceHandle[4]/wvalid', driven via a port connection, is multiply driven. See ../../src/hdlTop/axiMasterAgentBfm/axi4_master_agent_bfm.sv(18).
#    Time: 0 ps  Iteration: 0  Region: /hdlTop/inter/m2s_routing[4] File: ../../src/hdlTop/interrconnect.sv
# ** Warning: (vsim-3839) ../../src/hdlTop/interrconnect.sv(641): Variable '/hdlTop/axi4InterfaceHandle[4]/wlast', driven via a port connection, is multiply driven. See ../../src/hdlTop/axiMasterAgentBfm/axi4_master_agent_bfm.sv(18).
#    Time: 0 ps  Iteration: 0  Region: /hdlTop/inter/m2s_routing[4] File: ../../src/hdlTop/interrconnect.sv
# ** Warning: (vsim-3839) ../../src/hdlTop/interrconnect.sv(639): Variable '/hdlTop/axi4InterfaceHandle[4]/wstrb', driven via a port connection, is multiply driven. See ../../src/hdlTop/axiMasterAgentBfm/axi4_master_agent_bfm.sv(18).
#    Time: 0 ps  Iteration: 0  Region: /hdlTop/inter/m2s_routing[4] File: ../../src/hdlTop/interrconnect.sv
# ** Warning: (vsim-3839) ../../src/hdlTop/interrconnect.sv(637): Variable '/hdlTop/axi4InterfaceHandle[4]/wdata', driven via a port connection, is multiply driven. See ../../src/hdlTop/axiMasterAgentBfm/axi4_master_agent_bfm.sv(18).
#    Time: 0 ps  Iteration: 0  Region: /hdlTop/inter/m2s_routing[4] File: ../../src/hdlTop/interrconnect.sv
# ** Warning: (vsim-3839) ../../src/hdlTop/interrconnect.sv(635): Variable '/hdlTop/axi4InterfaceHandle[4]/awvalid', driven via a port connection, is multiply driven. See ../../src/hdlTop/axiMasterAgentBfm/axi4_master_agent_bfm.sv(18).
#    Time: 0 ps  Iteration: 0  Region: /hdlTop/inter/m2s_routing[4] File: ../../src/hdlTop/interrconnect.sv
# ** Warning: (vsim-3839) ../../src/hdlTop/interrconnect.sv(633): Variable '/hdlTop/axi4InterfaceHandle[4]/awqos', driven via a port connection, is multiply driven. See ../../src/hdlTop/axiMasterAgentBfm/axi4_master_agent_bfm.sv(18).
#    Time: 0 ps  Iteration: 0  Region: /hdlTop/inter/m2s_routing[4] File: ../../src/hdlTop/interrconnect.sv
# ** Warning: (vsim-3839) ../../src/hdlTop/interrconnect.sv(631): Variable '/hdlTop/axi4InterfaceHandle[4]/awprot', driven via a port connection, is multiply driven. See ../../src/hdlTop/axiMasterAgentBfm/axi4_master_agent_bfm.sv(18).
#    Time: 0 ps  Iteration: 0  Region: /hdlTop/inter/m2s_routing[4] File: ../../src/hdlTop/interrconnect.sv
# ** Warning: (vsim-3839) ../../src/hdlTop/interrconnect.sv(629): Variable '/hdlTop/axi4InterfaceHandle[4]/awcache', driven via a port connection, is multiply driven. See ../../src/hdlTop/axiMasterAgentBfm/axi4_master_agent_bfm.sv(18).
#    Time: 0 ps  Iteration: 0  Region: /hdlTop/inter/m2s_routing[4] File: ../../src/hdlTop/interrconnect.sv
# ** Warning: (vsim-3839) ../../src/hdlTop/interrconnect.sv(627): Variable '/hdlTop/axi4InterfaceHandle[4]/awlock', driven via a port connection, is multiply driven. See ../../src/hdlTop/axiMasterAgentBfm/axi4_master_agent_bfm.sv(18).
#    Time: 0 ps  Iteration: 0  Region: /hdlTop/inter/m2s_routing[4] File: ../../src/hdlTop/interrconnect.sv
# ** Warning: (vsim-3839) ../../src/hdlTop/interrconnect.sv(625): Variable '/hdlTop/axi4InterfaceHandle[4]/awburst', driven via a port connection, is multiply driven. See ../../src/hdlTop/axiMasterAgentBfm/axi4_master_agent_bfm.sv(18).
#    Time: 0 ps  Iteration: 0  Region: /hdlTop/inter/m2s_routing[4] File: ../../src/hdlTop/interrconnect.sv
# ** Warning: (vsim-3839) ../../src/hdlTop/interrconnect.sv(623): Variable '/hdlTop/axi4InterfaceHandle[4]/awsize', driven via a port connection, is multiply driven. See ../../src/hdlTop/axiMasterAgentBfm/axi4_master_agent_bfm.sv(18).
#    Time: 0 ps  Iteration: 0  Region: /hdlTop/inter/m2s_routing[4] File: ../../src/hdlTop/interrconnect.sv
# ** Warning: (vsim-3839) ../../src/hdlTop/interrconnect.sv(621): Variable '/hdlTop/axi4InterfaceHandle[4]/awlen', driven via a port connection, is multiply driven. See ../../src/hdlTop/axiMasterAgentBfm/axi4_master_agent_bfm.sv(18).
#    Time: 0 ps  Iteration: 0  Region: /hdlTop/inter/m2s_routing[4] File: ../../src/hdlTop/interrconnect.sv
# ** Warning: (vsim-3839) ../../src/hdlTop/interrconnect.sv(619): Variable '/hdlTop/axi4InterfaceHandle[4]/awaddr', driven via a port connection, is multiply driven. See ../../src/hdlTop/axiMasterAgentBfm/axi4_master_agent_bfm.sv(18).
#    Time: 0 ps  Iteration: 0  Region: /hdlTop/inter/m2s_routing[4] File: ../../src/hdlTop/interrconnect.sv
# ** Warning: (vsim-3839) ../../src/hdlTop/interrconnect.sv(617): Variable '/hdlTop/axi4InterfaceHandle[4]/awid', driven via a port connection, is multiply driven. See ../../src/hdlTop/axiMasterAgentBfm/axi4_master_agent_bfm.sv(18).
#    Time: 0 ps  Iteration: 0  Region: /hdlTop/inter/m2s_routing[4] File: ../../src/hdlTop/interrconnect.sv
# ** Warning: (vsim-3839) ../../src/hdlTop/interrconnect.sv(611): Variable '/hdlTop/axi4InterfaceHandle[4]/arvalid', driven via a port connection, is multiply driven. See ../../src/hdlTop/axiMasterAgentBfm/axi4_master_agent_bfm.sv(18).
#    Time: 0 ps  Iteration: 0  Region: /hdlTop/inter/m2s_routing[4] File: ../../src/hdlTop/interrconnect.sv
# ** Warning: (vsim-3839) ../../src/hdlTop/interrconnect.sv(609): Variable '/hdlTop/axi4InterfaceHandle[4]/wvalid', driven via a port connection, is multiply driven. See ../../src/hdlTop/axiMasterAgentBfm/axi4_master_agent_bfm.sv(18).
#    Time: 0 ps  Iteration: 0  Region: /hdlTop/inter/m2s_routing[4] File: ../../src/hdlTop/interrconnect.sv
# ** Warning: (vsim-3839) ../../src/hdlTop/interrconnect.sv(607): Variable '/hdlTop/axi4InterfaceHandle[4]/awvalid', driven via a port connection, is multiply driven. See ../../src/hdlTop/axiMasterAgentBfm/axi4_master_agent_bfm.sv(18).
#    Time: 0 ps  Iteration: 0  Region: /hdlTop/inter/m2s_routing[4] File: ../../src/hdlTop/interrconnect.sv
# ** Warning: (vsim-3839) ../../src/hdlTop/hdlTop.sv(115): Variable '/hdlTop/triggerInterfaceHandle[0]/trigOutReq', driven via a port connection, is multiply driven. See ../../src/hdlTop/triggerSlaveAgentBfm/triggerSlaveAgentBfm.sv(13).
#    Time: 0 ps  Iteration: 0  Region: /hdlTop/genblk2[0] File: ../../src/hdlTop/hdlTop.sv
# ** Warning: (vsim-3839) ../../src/hdlTop/hdlTop.sv(112): Variable '/hdlTop/triggerInterfaceHandle[0]/trigInAck', driven via a port connection, is multiply driven. See ../../src/hdlTop/triggerSlaveAgentBfm/triggerSlaveAgentBfm.sv(13).
#    Time: 0 ps  Iteration: 0  Region: /hdlTop/genblk2[0] File: ../../src/hdlTop/hdlTop.sv
# ** Warning: (vsim-3839) ../../src/hdlTop/hdlTop.sv(115): Variable '/hdlTop/triggerInterfaceHandle[1]/trigOutReq', driven via a port connection, is multiply driven. See ../../src/hdlTop/triggerSlaveAgentBfm/triggerSlaveAgentBfm.sv(13).
#    Time: 0 ps  Iteration: 0  Region: /hdlTop/genblk2[1] File: ../../src/hdlTop/hdlTop.sv
# ** Warning: (vsim-3839) ../../src/hdlTop/hdlTop.sv(112): Variable '/hdlTop/triggerInterfaceHandle[1]/trigInAck', driven via a port connection, is multiply driven. See ../../src/hdlTop/triggerSlaveAgentBfm/triggerSlaveAgentBfm.sv(13).
#    Time: 0 ps  Iteration: 0  Region: /hdlTop/genblk2[1] File: ../../src/hdlTop/hdlTop.sv
# ** Warning: (vsim-3839) ../../src/hdlTop/hdlTop.sv(115): Variable '/hdlTop/triggerInterfaceHandle[2]/trigOutReq', driven via a port connection, is multiply driven. See ../../src/hdlTop/triggerSlaveAgentBfm/triggerSlaveAgentBfm.sv(13).
#    Time: 0 ps  Iteration: 0  Region: /hdlTop/genblk2[2] File: ../../src/hdlTop/hdlTop.sv
# ** Warning: (vsim-3839) ../../src/hdlTop/hdlTop.sv(112): Variable '/hdlTop/triggerInterfaceHandle[2]/trigInAck', driven via a port connection, is multiply driven. See ../../src/hdlTop/triggerSlaveAgentBfm/triggerSlaveAgentBfm.sv(13).
#    Time: 0 ps  Iteration: 0  Region: /hdlTop/genblk2[2] File: ../../src/hdlTop/hdlTop.sv
# ** Warning: (vsim-3839) ../../src/hdlTop/hdlTop.sv(115): Variable '/hdlTop/triggerInterfaceHandle[3]/trigOutReq', driven via a port connection, is multiply driven. See ../../src/hdlTop/triggerSlaveAgentBfm/triggerSlaveAgentBfm.sv(13).
#    Time: 0 ps  Iteration: 0  Region: /hdlTop/genblk2[3] File: ../../src/hdlTop/hdlTop.sv
# ** Warning: (vsim-3839) ../../src/hdlTop/hdlTop.sv(112): Variable '/hdlTop/triggerInterfaceHandle[3]/trigInAck', driven via a port connection, is multiply driven. See ../../src/hdlTop/triggerSlaveAgentBfm/triggerSlaveAgentBfm.sv(13).
#    Time: 0 ps  Iteration: 0  Region: /hdlTop/genblk2[3] File: ../../src/hdlTop/hdlTop.sv
# Loading /tools/mentor/questasim_10.6c/questasim/uvm-1.1d/linux/uvm_dpi.so
# log -r /*
#  add wave -r /*
#  coverage save -onexit -assert -directive -cvg -codeAll dma2dBlockTransferWithAddrIncrEfffXContinueSrcEqualDesXsizeYContinueSrcEqualDesYsizeAndHwTiAndHiTo/dma2dBlockTransferWithAddrIncrEfffXContinueSrcEqualDesXsizeYContinueSrcEqualDesYsizeAndHwTiAndHiTo_coverage.ucdb
#  run -all
# ----------------------------------------------------------------
# UVM-1.1d
# (C) 2007-2013 Mentor Graphics Corporation
# (C) 2007-2013 Cadence Design Systems, Inc.
# (C) 2006-2013 Synopsys, Inc.
# (C) 2011-2013 Cypress Semiconductor Corp.
# ----------------------------------------------------------------
# 
#   ***********       IMPORTANT RELEASE NOTES         ************
# 
#   You are using a version of the UVM library that has been compiled
#   with `UVM_NO_DEPRECATED undefined.
#   See http://www.eda.org/svdb/view.php?id=3313 for more details.
# 
#   You are using a version of the UVM library that has been compiled
#   with `UVM_OBJECT_MUST_HAVE_CONSTRUCTOR undefined.
#   See http://www.eda.org/svdb/view.php?id=3770 for more details.
# 
#       (Specify +UVM_NO_RELNOTES to turn off this notice)
# 
# UVM_INFO verilog_src/questa_uvm_pkg-1.2/src/questa_uvm_pkg.sv(215) @ 0: reporter [Questa UVM] QUESTA_UVM-1.2.3
# UVM_INFO verilog_src/questa_uvm_pkg-1.2/src/questa_uvm_pkg.sv(217) @ 0: reporter [Questa UVM]  questa_uvm::init(+struct)
# UVM_INFO @ 0: reporter [RNTST] Running test dma2dBlockTransferWithAddrIncrEfffXContinueSrcEqualDesXsizeYContinueSrcEqualDesYsizeAndHwTiAndHiTo...
# UVM_INFO ../../src/hdlTop/axiMasterAgentBfm/axi4_master_driver_bfm.sv(87) @ 0: reporter [AXI4_MASTER_DRIVER_BFM] AXI4_MASTER_DRIVER_BFM
# UVM_INFO ../../src/hdlTop/axiMasterAgentBfm/axi4_master_agent_bfm.sv(170) @ 0: reporter [axi4 master agent bfm] AXI4 MASTER AGENT BFM
# UVM_INFO ../../src/hdlTop/axiSlaveAgentBfM/axi4_slave_driver_bfm.sv(94) @ 0: reporter [axi4 slave driver bfm] AXI4 SLAVE DRIVER BFM
# UVM_INFO ../../src/hdlTop/axiSlaveAgentBfM/axi4_slave_monitor_bfm.sv(82) @ 0: reporter [axi4 slave monitor bfm] AXI4 SLAVE MONITOR BFM
# UVM_INFO ../../src/hdlTop/axiSlaveAgentBfM/axi4_slave_agent_bfm.sv(176) @ 0: reporter [axi4 slave agent bfm] AXI4 SLAVE AGENT BFM
# UVM_INFO ../../src/hdlTop/triggerMasterAgentBfm/triggerMasterAgentBfm.sv(26) @ 0: reporter [triggerMasterAgentBfm] Trigger Master Agent Bfm
# UVM_INFO ../../src/hdlTop/triggerSlaveAgentBfm/triggerSlaveAgentBfm.sv(29) @ 0: reporter [Trigger slave agent bfm] TRIGGER SLAVE AGENT BFM
# UVM_INFO ../../src/hdlTop/axiMasterAgentBfm/axi4_master_driver_bfm.sv(87) @ 0: reporter [AXI4_MASTER_DRIVER_BFM] AXI4_MASTER_DRIVER_BFM
# UVM_INFO ../../src/hdlTop/axiMasterAgentBfm/axi4_master_agent_bfm.sv(170) @ 0: reporter [axi4 master agent bfm] AXI4 MASTER AGENT BFM
# UVM_INFO ../../src/hdlTop/axiSlaveAgentBfM/axi4_slave_driver_bfm.sv(94) @ 0: reporter [axi4 slave driver bfm] AXI4 SLAVE DRIVER BFM
# UVM_INFO ../../src/hdlTop/axiSlaveAgentBfM/axi4_slave_monitor_bfm.sv(82) @ 0: reporter [axi4 slave monitor bfm] AXI4 SLAVE MONITOR BFM
# UVM_INFO ../../src/hdlTop/axiSlaveAgentBfM/axi4_slave_agent_bfm.sv(176) @ 0: reporter [axi4 slave agent bfm] AXI4 SLAVE AGENT BFM
# UVM_INFO ../../src/hdlTop/triggerMasterAgentBfm/triggerMasterAgentBfm.sv(26) @ 0: reporter [triggerMasterAgentBfm] Trigger Master Agent Bfm
# UVM_INFO ../../src/hdlTop/triggerSlaveAgentBfm/triggerSlaveAgentBfm.sv(29) @ 0: reporter [Trigger slave agent bfm] TRIGGER SLAVE AGENT BFM
# UVM_INFO ../../src/hdlTop/axiMasterAgentBfm/axi4_master_driver_bfm.sv(87) @ 0: reporter [AXI4_MASTER_DRIVER_BFM] AXI4_MASTER_DRIVER_BFM
# UVM_INFO ../../src/hdlTop/axiMasterAgentBfm/axi4_master_agent_bfm.sv(170) @ 0: reporter [axi4 master agent bfm] AXI4 MASTER AGENT BFM
# UVM_INFO ../../src/hdlTop/axiSlaveAgentBfM/axi4_slave_driver_bfm.sv(94) @ 0: reporter [axi4 slave driver bfm] AXI4 SLAVE DRIVER BFM
# UVM_INFO ../../src/hdlTop/axiSlaveAgentBfM/axi4_slave_monitor_bfm.sv(82) @ 0: reporter [axi4 slave monitor bfm] AXI4 SLAVE MONITOR BFM
# UVM_INFO ../../src/hdlTop/axiSlaveAgentBfM/axi4_slave_agent_bfm.sv(176) @ 0: reporter [axi4 slave agent bfm] AXI4 SLAVE AGENT BFM
# UVM_INFO ../../src/hdlTop/triggerMasterAgentBfm/triggerMasterAgentBfm.sv(26) @ 0: reporter [triggerMasterAgentBfm] Trigger Master Agent Bfm
# UVM_INFO ../../src/hdlTop/triggerSlaveAgentBfm/triggerSlaveAgentBfm.sv(29) @ 0: reporter [Trigger slave agent bfm] TRIGGER SLAVE AGENT BFM
# UVM_INFO ../../src/hdlTop/axiMasterAgentBfm/axi4_master_driver_bfm.sv(87) @ 0: reporter [AXI4_MASTER_DRIVER_BFM] AXI4_MASTER_DRIVER_BFM
# UVM_INFO ../../src/hdlTop/axiMasterAgentBfm/axi4_master_agent_bfm.sv(170) @ 0: reporter [axi4 master agent bfm] AXI4 MASTER AGENT BFM
# UVM_INFO ../../src/hdlTop/axiSlaveAgentBfM/axi4_slave_driver_bfm.sv(94) @ 0: reporter [axi4 slave driver bfm] AXI4 SLAVE DRIVER BFM
# UVM_INFO ../../src/hdlTop/axiSlaveAgentBfM/axi4_slave_monitor_bfm.sv(82) @ 0: reporter [axi4 slave monitor bfm] AXI4 SLAVE MONITOR BFM
# UVM_INFO ../../src/hdlTop/axiSlaveAgentBfM/axi4_slave_agent_bfm.sv(176) @ 0: reporter [axi4 slave agent bfm] AXI4 SLAVE AGENT BFM
# UVM_INFO ../../src/hdlTop/triggerMasterAgentBfm/triggerMasterAgentBfm.sv(26) @ 0: reporter [triggerMasterAgentBfm] Trigger Master Agent Bfm
# UVM_INFO ../../src/hdlTop/triggerSlaveAgentBfm/triggerSlaveAgentBfm.sv(29) @ 0: reporter [Trigger slave agent bfm] TRIGGER SLAVE AGENT BFM
# UVM_INFO ../../src/hdlTop/axiMasterAgentBfm/axi4_master_driver_bfm.sv(87) @ 0: reporter [AXI4_MASTER_DRIVER_BFM] AXI4_MASTER_DRIVER_BFM
# UVM_INFO ../../src/hdlTop/axiMasterAgentBfm/axi4_master_agent_bfm.sv(170) @ 0: reporter [axi4 master agent bfm] AXI4 MASTER AGENT BFM
# UVM_INFO ../../src/hdlTop/axiSlaveAgentBfM/axi4_slave_driver_bfm.sv(94) @ 0: reporter [axi4 slave driver bfm] AXI4 SLAVE DRIVER BFM
# UVM_INFO ../../src/hdlTop/axiSlaveAgentBfM/axi4_slave_monitor_bfm.sv(82) @ 0: reporter [axi4 slave monitor bfm] AXI4 SLAVE MONITOR BFM
# UVM_INFO ../../src/hdlTop/axiSlaveAgentBfM/axi4_slave_agent_bfm.sv(176) @ 0: reporter [axi4 slave agent bfm] AXI4 SLAVE AGENT BFM
# UVM_INFO ../../src/hdlTop/triggerMasterAgentBfm/triggerMasterAgentBfm.sv(26) @ 0: reporter [triggerMasterAgentBfm] Trigger Master Agent Bfm
# UVM_INFO ../../src/hdlTop/triggerSlaveAgentBfm/triggerSlaveAgentBfm.sv(29) @ 0: reporter [Trigger slave agent bfm] TRIGGER SLAVE AGENT BFM
# UVM_INFO ../../src/hdlTop/apbMasterAgentBfm/apb_master_agent_bfm.sv(17) @ 0: reporter [apb master agent bfm] APB MASTER AGENT BFM
# UVM_INFO ../../src/hdlTop/apbMasterAgentBfm/apb_master_driver_bfm.sv(56) @ 0: reporter [APB_MASTER_DRIVER_BFM] APB_MASTER_DRIVER_BFM
# UVM_INFO ../../src/hdlTop/apbMasterAgentBfm/apb_master_monitor_bfm.sv(48) @ 0: reporter [APB_MASTER_MONITOR_BFM] APB MASTER MONITOR BFM
# UVM_INFO ../../src/hdlTop/interruptSlaveAgentBfm/interruptSlaveAgentBfm.sv(10) @ 0: reporter [Interrupt Slave AGent] Interrupt Slave AGent
# UVM_INFO ../../src/hdlTop/interruptMasterAgentBfm/interruptMasterAgentBfm.sv(10) @ 0: reporter [Interrupt Master AGent] Interrupt Master AGent
# SEQR CONNECTED FOR PERIF           0
# SEQR CONNECTED FOR PERIF           1
# SEQR CONNECTED FOR PERIF           2
# SEQR CONNECTED FOR PERIF           3
# SEQR CONNECTED FOR PERIF           4
# UVM_INFO @ 0: reporter [UVMTOP] UVM testbench topology:
# --------------------------------------------------------------------------------
# Name                                                                Type                                                                                                Size  Value 
# --------------------------------------------------------------------------------
# uvm_test_top                                                        dma2dBlockTransferWithAddrIncrEfffXContinueSrcEqualDesXsizeYContinueSrcEqualDesYsizeAndHwTiAndHiTo  -     @489  
#   topEnvHandle                                                      topEnv                                                                                              -     @942  
#     configUnitEnvHandle                                             configUnitEnv                                                                                       -     @1666 
#       apbMasterAgentHandle                                          apb_master_agent                                                                                    -     @1715 
#         apb_master_cov_h                                            apb_master_coverage                                                                                 -     @2003 
#           analysis_imp                                              uvm_analysis_imp                                                                                    -     @2010 
#         apb_master_drv_proxy_h                                      apb_master_driver_proxy                                                                             -     @1856 
#           rsp_port                                                  uvm_analysis_port                                                                                   -     @1871 
#           seq_item_port                                             uvm_seq_item_pull_port                                                                              -     @1863 
#         apb_master_mon_proxy_h                                      apb_master_monitor_proxy                                                                            -     @1988 
#           apb_master_analysis_port                                  uvm_analysis_port                                                                                   -     @1995 
#         apb_master_seqr_h                                           apb_master_sequencer                                                                                -     @1879 
#           rsp_export                                                uvm_analysis_export                                                                                 -     @1886 
#           seq_item_export                                           uvm_seq_item_pull_imp                                                                               -     @1980 
#           arbitration_queue                                         array                                                                                               0     -     
#           lock_queue                                                array                                                                                               0     -     
#           num_last_reqs                                             integral                                                                                            32    'd1   
#           num_last_rsps                                             integral                                                                                            32    'd1   
#       apbPathAnalysisPort                                           uvm_analysis_port                                                                                   -     @1737 
#       configUnitEnvVirtualSequencerHandle                           configUnitEnvVirtualSequencer                                                                       -     @1745 
#         rsp_export                                                  uvm_analysis_export                                                                                 -     @1752 
#         seq_item_export                                             uvm_seq_item_pull_imp                                                                               -     @1846 
#         arbitration_queue                                           array                                                                                               0     -     
#         lock_queue                                                  array                                                                                               0     -     
#         num_last_reqs                                               integral                                                                                            32    'd1   
#         num_last_rsps                                               integral                                                                                            32    'd1   
#       interruptPathAnalysisPort                                     uvm_analysis_port                                                                                   -     @1729 
#       interruptSlaveAgentHandle                                     interruptSlaveAgent                                                                                 -     @1722 
#         interruptSlaveDriverProxyHandle                             interruptSlaveDriverProxy                                                                           -     @2033 
#           rsp_port                                                  uvm_analysis_port                                                                                   -     @2048 
#           seq_item_port                                             uvm_seq_item_pull_port                                                                              -     @2040 
#         interruptSlaveMonitorProxyHandle                            interruptSlaveMonitorProxy                                                                          -     @2165 
#           interruptSlaveMonitorProxyAnalysisPort                    uvm_analysis_port                                                                                   -     @2182 
#         interruptSlaveSequencerHandle                               interruptSlaveSequencer                                                                             -     @2056 
#           rsp_export                                                uvm_analysis_export                                                                                 -     @2063 
#           seq_item_export                                           uvm_seq_item_pull_imp                                                                               -     @2157 
#           arbitration_queue                                         array                                                                                               0     -     
#           lock_queue                                                array                                                                                               0     -     
#           num_last_reqs                                             integral                                                                                            32    'd1   
#           num_last_rsps                                             integral                                                                                            32    'd1   
#         slave agent port                                            uvm_analysis_port                                                                                   -     @2172 
#     peripheralEnvHandle[0]                                          peripheralEnv                                                                                       -     @1067 
#       axi4MasterAgentHandle                                         axi4_master_agent                                                                                   -     @2212 
#         axi4_master_cov_h                                           axi4_master_coverage                                                                                -     @2539 
#           analysis_imp                                              uvm_analysis_imp                                                                                    -     @2546 
#         axi4_master_mon_proxy_h                                     axi4_master_monitor_proxy                                                                           -     @2351 
#           axi4_master_read_address_analysis_port                    uvm_analysis_port                                                                                   -     @2358 
#           axi4_master_read_data_analysis_port                       uvm_analysis_port                                                                                   -     @2366 
#           axi4_master_read_fifo_h                                   uvm_tlm_analysis_fifo #(T)                                                                          -     @2492 
#             analysis_export                                         uvm_analysis_imp                                                                                    -     @2531 
#             get_ap                                                  uvm_analysis_port                                                                                   -     @2523 
#             get_peek_export                                         uvm_get_peek_imp                                                                                    -     @2507 
#             put_ap                                                  uvm_analysis_port                                                                                   -     @2515 
#             put_export                                              uvm_put_imp                                                                                         -     @2499 
#           axi4_master_write_address_analysis_port                   uvm_analysis_port                                                                                   -     @2374 
#           axi4_master_write_address_fifo_h                          uvm_tlm_analysis_fifo #(T)                                                                          -     @2398 
#             analysis_export                                         uvm_analysis_imp                                                                                    -     @2437 
#             get_ap                                                  uvm_analysis_port                                                                                   -     @2429 
#             get_peek_export                                         uvm_get_peek_imp                                                                                    -     @2413 
#             put_ap                                                  uvm_analysis_port                                                                                   -     @2421 
#             put_export                                              uvm_put_imp                                                                                         -     @2405 
#           axi4_master_write_data_analysis_port                      uvm_analysis_port                                                                                   -     @2382 
#           axi4_master_write_data_fifo_h                             uvm_tlm_analysis_fifo #(T)                                                                          -     @2445 
#             analysis_export                                         uvm_analysis_imp                                                                                    -     @2484 
#             get_ap                                                  uvm_analysis_port                                                                                   -     @2476 
#             get_peek_export                                         uvm_get_peek_imp                                                                                    -     @2460 
#             put_ap                                                  uvm_analysis_port                                                                                   -     @2468 
#             put_export                                              uvm_put_imp                                                                                         -     @2452 
#           axi4_master_write_response_analysis_port                  uvm_analysis_port                                                                                   -     @2390 
#       axi4MasterPathReadAddressAnalysisPort                         uvm_analysis_port                                                                                   -     @1138 
#       axi4MasterPathReadDataAnalysisPort                            uvm_analysis_port                                                                                   -     @1146 
#       axi4MasterPathWriteAddressAnalysisPort                        uvm_analysis_port                                                                                   -     @1114 
#       axi4MasterPathWriteDataAnalysisPort                           uvm_analysis_port                                                                                   -     @1122 
#       axi4MasterPathWriteResponseAnalysisPort                       uvm_analysis_port                                                                                   -     @1130 
#       axi4SlaveAgentHandle                                          axi4_slave_agent                                                                                    -     @2219 
#         axi4_slave_cov_h                                            axi4_slave_coverage                                                                                 -     @3251 
#           analysis_imp                                              uvm_analysis_imp                                                                                    -     @3258 
#         axi4_slave_drv_proxy_h                                      axi4_slave_driver_proxy                                                                             -     @2556 
#           axi4_slave_read_addr_fifo_h                               uvm_tlm_fifo #(T)                                                                                   -     @2767 
#             get_ap                                                  uvm_analysis_port                                                                                   -     @2798 
#             get_peek_export                                         uvm_get_peek_imp                                                                                    -     @2782 
#             put_ap                                                  uvm_analysis_port                                                                                   -     @2790 
#             put_export                                              uvm_put_imp                                                                                         -     @2774 
#           axi4_slave_read_data_in_fifo_h                            uvm_tlm_fifo #(T)                                                                                   -     @2806 
#             get_ap                                                  uvm_analysis_port                                                                                   -     @2837 
#             get_peek_export                                         uvm_get_peek_imp                                                                                    -     @2821 
#             put_ap                                                  uvm_analysis_port                                                                                   -     @2829 
#             put_export                                              uvm_put_imp                                                                                         -     @2813 
#           axi4_slave_write_addr_fifo_h                              uvm_tlm_fifo #(T)                                                                                   -     @2611 
#             get_ap                                                  uvm_analysis_port                                                                                   -     @2642 
#             get_peek_export                                         uvm_get_peek_imp                                                                                    -     @2626 
#             put_ap                                                  uvm_analysis_port                                                                                   -     @2634 
#             put_export                                              uvm_put_imp                                                                                         -     @2618 
#           axi4_slave_write_data_in_fifo_h                           uvm_tlm_fifo #(T)                                                                                   -     @2650 
#             get_ap                                                  uvm_analysis_port                                                                                   -     @2681 
#             get_peek_export                                         uvm_get_peek_imp                                                                                    -     @2665 
#             put_ap                                                  uvm_analysis_port                                                                                   -     @2673 
#             put_export                                              uvm_put_imp                                                                                         -     @2657 
#           axi4_slave_write_data_out_fifo_h                          uvm_tlm_fifo #(T)                                                                                   -     @2728 
#             get_ap                                                  uvm_analysis_port                                                                                   -     @2759 
#             get_peek_export                                         uvm_get_peek_imp                                                                                    -     @2743 
#             put_ap                                                  uvm_analysis_port                                                                                   -     @2751 
#             put_export                                              uvm_put_imp                                                                                         -     @2735 
#           axi4_slave_write_response_fifo_h                          uvm_tlm_fifo #(T)                                                                                   -     @2689 
#             get_ap                                                  uvm_analysis_port                                                                                   -     @2720 
#             get_peek_export                                         uvm_get_peek_imp                                                                                    -     @2704 
#             put_ap                                                  uvm_analysis_port                                                                                   -     @2712 
#             put_export                                              uvm_put_imp                                                                                         -     @2696 
#           axi_read_rsp_port                                         uvm_analysis_port                                                                                   -     @2603 
#           axi_read_seq_item_port                                    uvm_seq_item_pull_port                                                                              -     @2587 
#           axi_write_rsp_port                                        uvm_analysis_port                                                                                   -     @2595 
#           axi_write_seq_item_port                                   uvm_seq_item_pull_port                                                                              -     @2579 
#           rsp_port                                                  uvm_analysis_port                                                                                   -     @2571 
#           seq_item_port                                             uvm_seq_item_pull_port                                                                              -     @2563 
#         axi4_slave_mon_proxy_h                                      axi4_slave_monitor_proxy                                                                            -     @3063 
#           axi4_slave_read_address_analysis_port                     uvm_analysis_port                                                                                   -     @3070 
#           axi4_slave_read_data_analysis_port                        uvm_analysis_port                                                                                   -     @3078 
#           axi4_slave_read_fifo_h                                    uvm_tlm_analysis_fifo #(T)                                                                          -     @3204 
#             analysis_export                                         uvm_analysis_imp                                                                                    -     @3243 
#             get_ap                                                  uvm_analysis_port                                                                                   -     @3235 
#             get_peek_export                                         uvm_get_peek_imp                                                                                    -     @3219 
#             put_ap                                                  uvm_analysis_port                                                                                   -     @3227 
#             put_export                                              uvm_put_imp                                                                                         -     @3211 
#           axi4_slave_write_address_analysis_port                    uvm_analysis_port                                                                                   -     @3086 
#           axi4_slave_write_address_fifo_h                           uvm_tlm_analysis_fifo #(T)                                                                          -     @3110 
#             analysis_export                                         uvm_analysis_imp                                                                                    -     @3149 
#             get_ap                                                  uvm_analysis_port                                                                                   -     @3141 
#             get_peek_export                                         uvm_get_peek_imp                                                                                    -     @3125 
#             put_ap                                                  uvm_analysis_port                                                                                   -     @3133 
#             put_export                                              uvm_put_imp                                                                                         -     @3117 
#           axi4_slave_write_data_analysis_port                       uvm_analysis_port                                                                                   -     @3094 
#           axi4_slave_write_data_fifo_h                              uvm_tlm_analysis_fifo #(T)                                                                          -     @3157 
#             analysis_export                                         uvm_analysis_imp                                                                                    -     @3196 
#             get_ap                                                  uvm_analysis_port                                                                                   -     @3188 
#             get_peek_export                                         uvm_get_peek_imp                                                                                    -     @3172 
#             put_ap                                                  uvm_analysis_port                                                                                   -     @3180 
#             put_export                                              uvm_put_imp                                                                                         -     @3164 
#           axi4_slave_write_response_analysis_port                   uvm_analysis_port                                                                                   -     @3102 
#         axi4_slave_read_seqr_h                                      axi4_slave_read_sequencer                                                                           -     @2954 
#           rsp_export                                                uvm_analysis_export                                                                                 -     @2961 
#           seq_item_export                                           uvm_seq_item_pull_imp                                                                               -     @3055 
#           arbitration_queue                                         array                                                                                               0     -     
#           lock_queue                                                array                                                                                               0     -     
#           num_last_reqs                                             integral                                                                                            32    'd1   
#           num_last_rsps                                             integral                                                                                            32    'd1   
#         axi4_slave_write_seqr_h                                     axi4_slave_write_sequencer                                                                          -     @2845 
#           rsp_export                                                uvm_analysis_export                                                                                 -     @2852 
#           seq_item_export                                           uvm_seq_item_pull_imp                                                                               -     @2946 
#           arbitration_queue                                         array                                                                                               0     -     
#           lock_queue                                                array                                                                                               0     -     
#           num_last_reqs                                             integral                                                                                            32    'd1   
#           num_last_rsps                                             integral                                                                                            32    'd1   
#       axi4SlavePathReadAddressAnalysisPort                          uvm_analysis_port                                                                                   -     @1098 
#       axi4SlavePathReadDataAnalysisPort                             uvm_analysis_port                                                                                   -     @1106 
#       axi4SlavePathWriteAddressAnalysisPort                         uvm_analysis_port                                                                                   -     @1074 
#       axi4SlavePathWriteDataAnalysisPort                            uvm_analysis_port                                                                                   -     @1082 
#       axi4SlavePathWriteResponseAnalysisPort                        uvm_analysis_port                                                                                   -     @1090 
#       peripheralEnvVirtualSequencerHandle                           peripheralEnvVirtualSequencer                                                                       -     @2240 
#         rsp_export                                                  uvm_analysis_export                                                                                 -     @2247 
#         seq_item_export                                             uvm_seq_item_pull_imp                                                                               -     @2341 
#         arbitration_queue                                           array                                                                                               0     -     
#         lock_queue                                                  array                                                                                               0     -     
#         num_last_reqs                                               integral                                                                                            32    'd1   
#         num_last_rsps                                               integral                                                                                            32    'd1   
#       triggerMasterAgentHandle                                      triggerMasterAgent                                                                                  -     @2233 
#         triggerMasterDriverProxyHandle                              triggerMasterDriverProxy                                                                            -     @3283 
#           rsp_port                                                  uvm_analysis_port                                                                                   -     @3298 
#           seq_item_port                                             uvm_seq_item_pull_port                                                                              -     @3290 
#         triggerMasterMonitorProxyHandle                             triggerMasterMonitorProxy                                                                           -     @3415 
#           triggerMasterMonitorAnalysisPort                          uvm_analysis_port                                                                                   -     @3422 
#           triggerOutMasterMonitorAnalysisPort                       uvm_analysis_port                                                                                   -     @3430 
#         triggerMasterSequencerHandle                                triggerMasterSequencer                                                                              -     @3306 
#           rsp_export                                                uvm_analysis_export                                                                                 -     @3313 
#           seq_item_export                                           uvm_seq_item_pull_imp                                                                               -     @3407 
#           arbitration_queue                                         array                                                                                               0     -     
#           lock_queue                                                array                                                                                               0     -     
#           num_last_reqs                                             integral                                                                                            32    'd1   
#           num_last_rsps                                             integral                                                                                            32    'd1   
#       triggerMasterPathAnalysisPort                                 uvm_analysis_port                                                                                   -     @1154 
#       triggerOutMasterPathAnalysisPort                              uvm_analysis_port                                                                                   -     @1170 
#       triggerOutSlavePathAnalysisPort                               uvm_analysis_port                                                                                   -     @1178 
#       triggerSlaveAgentHandle                                       triggerSlaveAgent                                                                                   -     @2226 
#         triggerSlaveMonitorProxyHandle                              triggerSlaveMonitorProxy                                                                            -     @3445 
#           triggerOutSlaveMonitorAnalysisPort                        uvm_analysis_port                                                                                   -     @3460 
#           triggerSlaveMonitorAnalysisPort                           uvm_analysis_port                                                                                   -     @3452 
#       triggerSlavePathAnalysisPort                                  uvm_analysis_port                                                                                   -     @1162 
#     peripheralEnvHandle[1]                                          peripheralEnv                                                                                       -     @1187 
#       axi4MasterAgentHandle                                         axi4_master_agent                                                                                   -     @3481 
#         axi4_master_cov_h                                           axi4_master_coverage                                                                                -     @3808 
#           analysis_imp                                              uvm_analysis_imp                                                                                    -     @3815 
#         axi4_master_mon_proxy_h                                     axi4_master_monitor_proxy                                                                           -     @3620 
#           axi4_master_read_address_analysis_port                    uvm_analysis_port                                                                                   -     @3627 
#           axi4_master_read_data_analysis_port                       uvm_analysis_port                                                                                   -     @3635 
#           axi4_master_read_fifo_h                                   uvm_tlm_analysis_fifo #(T)                                                                          -     @3761 
#             analysis_export                                         uvm_analysis_imp                                                                                    -     @3800 
#             get_ap                                                  uvm_analysis_port                                                                                   -     @3792 
#             get_peek_export                                         uvm_get_peek_imp                                                                                    -     @3776 
#             put_ap                                                  uvm_analysis_port                                                                                   -     @3784 
#             put_export                                              uvm_put_imp                                                                                         -     @3768 
#           axi4_master_write_address_analysis_port                   uvm_analysis_port                                                                                   -     @3643 
#           axi4_master_write_address_fifo_h                          uvm_tlm_analysis_fifo #(T)                                                                          -     @3667 
#             analysis_export                                         uvm_analysis_imp                                                                                    -     @3706 
#             get_ap                                                  uvm_analysis_port                                                                                   -     @3698 
#             get_peek_export                                         uvm_get_peek_imp                                                                                    -     @3682 
#             put_ap                                                  uvm_analysis_port                                                                                   -     @3690 
#             put_export                                              uvm_put_imp                                                                                         -     @3674 
#           axi4_master_write_data_analysis_port                      uvm_analysis_port                                                                                   -     @3651 
#           axi4_master_write_data_fifo_h                             uvm_tlm_analysis_fifo #(T)                                                                          -     @3714 
#             analysis_export                                         uvm_analysis_imp                                                                                    -     @3753 
#             get_ap                                                  uvm_analysis_port                                                                                   -     @3745 
#             get_peek_export                                         uvm_get_peek_imp                                                                                    -     @3729 
#             put_ap                                                  uvm_analysis_port                                                                                   -     @3737 
#             put_export                                              uvm_put_imp                                                                                         -     @3721 
#           axi4_master_write_response_analysis_port                  uvm_analysis_port                                                                                   -     @3659 
#       axi4MasterPathReadAddressAnalysisPort                         uvm_analysis_port                                                                                   -     @1258 
#       axi4MasterPathReadDataAnalysisPort                            uvm_analysis_port                                                                                   -     @1266 
#       axi4MasterPathWriteAddressAnalysisPort                        uvm_analysis_port                                                                                   -     @1234 
#       axi4MasterPathWriteDataAnalysisPort                           uvm_analysis_port                                                                                   -     @1242 
#       axi4MasterPathWriteResponseAnalysisPort                       uvm_analysis_port                                                                                   -     @1250 
#       axi4SlaveAgentHandle                                          axi4_slave_agent                                                                                    -     @3488 
#         axi4_slave_cov_h                                            axi4_slave_coverage                                                                                 -     @4520 
#           analysis_imp                                              uvm_analysis_imp                                                                                    -     @4527 
#         axi4_slave_drv_proxy_h                                      axi4_slave_driver_proxy                                                                             -     @3825 
#           axi4_slave_read_addr_fifo_h                               uvm_tlm_fifo #(T)                                                                                   -     @4036 
#             get_ap                                                  uvm_analysis_port                                                                                   -     @4067 
#             get_peek_export                                         uvm_get_peek_imp                                                                                    -     @4051 
#             put_ap                                                  uvm_analysis_port                                                                                   -     @4059 
#             put_export                                              uvm_put_imp                                                                                         -     @4043 
#           axi4_slave_read_data_in_fifo_h                            uvm_tlm_fifo #(T)                                                                                   -     @4075 
#             get_ap                                                  uvm_analysis_port                                                                                   -     @4106 
#             get_peek_export                                         uvm_get_peek_imp                                                                                    -     @4090 
#             put_ap                                                  uvm_analysis_port                                                                                   -     @4098 
#             put_export                                              uvm_put_imp                                                                                         -     @4082 
#           axi4_slave_write_addr_fifo_h                              uvm_tlm_fifo #(T)                                                                                   -     @3880 
#             get_ap                                                  uvm_analysis_port                                                                                   -     @3911 
#             get_peek_export                                         uvm_get_peek_imp                                                                                    -     @3895 
#             put_ap                                                  uvm_analysis_port                                                                                   -     @3903 
#             put_export                                              uvm_put_imp                                                                                         -     @3887 
#           axi4_slave_write_data_in_fifo_h                           uvm_tlm_fifo #(T)                                                                                   -     @3919 
#             get_ap                                                  uvm_analysis_port                                                                                   -     @3950 
#             get_peek_export                                         uvm_get_peek_imp                                                                                    -     @3934 
#             put_ap                                                  uvm_analysis_port                                                                                   -     @3942 
#             put_export                                              uvm_put_imp                                                                                         -     @3926 
#           axi4_slave_write_data_out_fifo_h                          uvm_tlm_fifo #(T)                                                                                   -     @3997 
#             get_ap                                                  uvm_analysis_port                                                                                   -     @4028 
#             get_peek_export                                         uvm_get_peek_imp                                                                                    -     @4012 
#             put_ap                                                  uvm_analysis_port                                                                                   -     @4020 
#             put_export                                              uvm_put_imp                                                                                         -     @4004 
#           axi4_slave_write_response_fifo_h                          uvm_tlm_fifo #(T)                                                                                   -     @3958 
#             get_ap                                                  uvm_analysis_port                                                                                   -     @3989 
#             get_peek_export                                         uvm_get_peek_imp                                                                                    -     @3973 
#             put_ap                                                  uvm_analysis_port                                                                                   -     @3981 
#             put_export                                              uvm_put_imp                                                                                         -     @3965 
#           axi_read_rsp_port                                         uvm_analysis_port                                                                                   -     @3872 
#           axi_read_seq_item_port                                    uvm_seq_item_pull_port                                                                              -     @3856 
#           axi_write_rsp_port                                        uvm_analysis_port                                                                                   -     @3864 
#           axi_write_seq_item_port                                   uvm_seq_item_pull_port                                                                              -     @3848 
#           rsp_port                                                  uvm_analysis_port                                                                                   -     @3840 
#           seq_item_port                                             uvm_seq_item_pull_port                                                                              -     @3832 
#         axi4_slave_mon_proxy_h                                      axi4_slave_monitor_proxy                                                                            -     @4332 
#           axi4_slave_read_address_analysis_port                     uvm_analysis_port                                                                                   -     @4339 
#           axi4_slave_read_data_analysis_port                        uvm_analysis_port                                                                                   -     @4347 
#           axi4_slave_read_fifo_h                                    uvm_tlm_analysis_fifo #(T)                                                                          -     @4473 
#             analysis_export                                         uvm_analysis_imp                                                                                    -     @4512 
#             get_ap                                                  uvm_analysis_port                                                                                   -     @4504 
#             get_peek_export                                         uvm_get_peek_imp                                                                                    -     @4488 
#             put_ap                                                  uvm_analysis_port                                                                                   -     @4496 
#             put_export                                              uvm_put_imp                                                                                         -     @4480 
#           axi4_slave_write_address_analysis_port                    uvm_analysis_port                                                                                   -     @4355 
#           axi4_slave_write_address_fifo_h                           uvm_tlm_analysis_fifo #(T)                                                                          -     @4379 
#             analysis_export                                         uvm_analysis_imp                                                                                    -     @4418 
#             get_ap                                                  uvm_analysis_port                                                                                   -     @4410 
#             get_peek_export                                         uvm_get_peek_imp                                                                                    -     @4394 
#             put_ap                                                  uvm_analysis_port                                                                                   -     @4402 
#             put_export                                              uvm_put_imp                                                                                         -     @4386 
#           axi4_slave_write_data_analysis_port                       uvm_analysis_port                                                                                   -     @4363 
#           axi4_slave_write_data_fifo_h                              uvm_tlm_analysis_fifo #(T)                                                                          -     @4426 
#             analysis_export                                         uvm_analysis_imp                                                                                    -     @4465 
#             get_ap                                                  uvm_analysis_port                                                                                   -     @4457 
#             get_peek_export                                         uvm_get_peek_imp                                                                                    -     @4441 
#             put_ap                                                  uvm_analysis_port                                                                                   -     @4449 
#             put_export                                              uvm_put_imp                                                                                         -     @4433 
#           axi4_slave_write_response_analysis_port                   uvm_analysis_port                                                                                   -     @4371 
#         axi4_slave_read_seqr_h                                      axi4_slave_read_sequencer                                                                           -     @4223 
#           rsp_export                                                uvm_analysis_export                                                                                 -     @4230 
#           seq_item_export                                           uvm_seq_item_pull_imp                                                                               -     @4324 
#           arbitration_queue                                         array                                                                                               0     -     
#           lock_queue                                                array                                                                                               0     -     
#           num_last_reqs                                             integral                                                                                            32    'd1   
#           num_last_rsps                                             integral                                                                                            32    'd1   
#         axi4_slave_write_seqr_h                                     axi4_slave_write_sequencer                                                                          -     @4114 
#           rsp_export                                                uvm_analysis_export                                                                                 -     @4121 
#           seq_item_export                                           uvm_seq_item_pull_imp                                                                               -     @4215 
#           arbitration_queue                                         array                                                                                               0     -     
#           lock_queue                                                array                                                                                               0     -     
#           num_last_reqs                                             integral                                                                                            32    'd1   
#           num_last_rsps                                             integral                                                                                            32    'd1   
#       axi4SlavePathReadAddressAnalysisPort                          uvm_analysis_port                                                                                   -     @1218 
#       axi4SlavePathReadDataAnalysisPort                             uvm_analysis_port                                                                                   -     @1226 
#       axi4SlavePathWriteAddressAnalysisPort                         uvm_analysis_port                                                                                   -     @1194 
#       axi4SlavePathWriteDataAnalysisPort                            uvm_analysis_port                                                                                   -     @1202 
#       axi4SlavePathWriteResponseAnalysisPort                        uvm_analysis_port                                                                                   -     @1210 
#       peripheralEnvVirtualSequencerHandle                           peripheralEnvVirtualSequencer                                                                       -     @3509 
#         rsp_export                                                  uvm_analysis_export                                                                                 -     @3516 
#         seq_item_export                                             uvm_seq_item_pull_imp                                                                               -     @3610 
#         arbitration_queue                                           array                                                                                               0     -     
#         lock_queue                                                  array                                                                                               0     -     
#         num_last_reqs                                               integral                                                                                            32    'd1   
#         num_last_rsps                                               integral                                                                                            32    'd1   
#       triggerMasterAgentHandle                                      triggerMasterAgent                                                                                  -     @3502 
#         triggerMasterDriverProxyHandle                              triggerMasterDriverProxy                                                                            -     @4552 
#           rsp_port                                                  uvm_analysis_port                                                                                   -     @4567 
#           seq_item_port                                             uvm_seq_item_pull_port                                                                              -     @4559 
#         triggerMasterMonitorProxyHandle                             triggerMasterMonitorProxy                                                                           -     @4684 
#           triggerMasterMonitorAnalysisPort                          uvm_analysis_port                                                                                   -     @4691 
#           triggerOutMasterMonitorAnalysisPort                       uvm_analysis_port                                                                                   -     @4699 
#         triggerMasterSequencerHandle                                triggerMasterSequencer                                                                              -     @4575 
#           rsp_export                                                uvm_analysis_export                                                                                 -     @4582 
#           seq_item_export                                           uvm_seq_item_pull_imp                                                                               -     @4676 
#           arbitration_queue                                         array                                                                                               0     -     
#           lock_queue                                                array                                                                                               0     -     
#           num_last_reqs                                             integral                                                                                            32    'd1   
#           num_last_rsps                                             integral                                                                                            32    'd1   
#       triggerMasterPathAnalysisPort                                 uvm_analysis_port                                                                                   -     @1274 
#       triggerOutMasterPathAnalysisPort                              uvm_analysis_port                                                                                   -     @1290 
#       triggerOutSlavePathAnalysisPort                               uvm_analysis_port                                                                                   -     @1298 
#       triggerSlaveAgentHandle                                       triggerSlaveAgent                                                                                   -     @3495 
#         triggerSlaveMonitorProxyHandle                              triggerSlaveMonitorProxy                                                                            -     @4714 
#           triggerOutSlaveMonitorAnalysisPort                        uvm_analysis_port                                                                                   -     @4729 
#           triggerSlaveMonitorAnalysisPort                           uvm_analysis_port                                                                                   -     @4721 
#       triggerSlavePathAnalysisPort                                  uvm_analysis_port                                                                                   -     @1282 
#     peripheralEnvHandle[2]                                          peripheralEnv                                                                                       -     @1307 
#       axi4MasterAgentHandle                                         axi4_master_agent                                                                                   -     @4750 
#         axi4_master_cov_h                                           axi4_master_coverage                                                                                -     @5077 
#           analysis_imp                                              uvm_analysis_imp                                                                                    -     @5084 
#         axi4_master_mon_proxy_h                                     axi4_master_monitor_proxy                                                                           -     @4889 
#           axi4_master_read_address_analysis_port                    uvm_analysis_port                                                                                   -     @4896 
#           axi4_master_read_data_analysis_port                       uvm_analysis_port                                                                                   -     @4904 
#           axi4_master_read_fifo_h                                   uvm_tlm_analysis_fifo #(T)                                                                          -     @5030 
#             analysis_export                                         uvm_analysis_imp                                                                                    -     @5069 
#             get_ap                                                  uvm_analysis_port                                                                                   -     @5061 
#             get_peek_export                                         uvm_get_peek_imp                                                                                    -     @5045 
#             put_ap                                                  uvm_analysis_port                                                                                   -     @5053 
#             put_export                                              uvm_put_imp                                                                                         -     @5037 
#           axi4_master_write_address_analysis_port                   uvm_analysis_port                                                                                   -     @4912 
#           axi4_master_write_address_fifo_h                          uvm_tlm_analysis_fifo #(T)                                                                          -     @4936 
#             analysis_export                                         uvm_analysis_imp                                                                                    -     @4975 
#             get_ap                                                  uvm_analysis_port                                                                                   -     @4967 
#             get_peek_export                                         uvm_get_peek_imp                                                                                    -     @4951 
#             put_ap                                                  uvm_analysis_port                                                                                   -     @4959 
#             put_export                                              uvm_put_imp                                                                                         -     @4943 
#           axi4_master_write_data_analysis_port                      uvm_analysis_port                                                                                   -     @4920 
#           axi4_master_write_data_fifo_h                             uvm_tlm_analysis_fifo #(T)                                                                          -     @4983 
#             analysis_export                                         uvm_analysis_imp                                                                                    -     @5022 
#             get_ap                                                  uvm_analysis_port                                                                                   -     @5014 
#             get_peek_export                                         uvm_get_peek_imp                                                                                    -     @4998 
#             put_ap                                                  uvm_analysis_port                                                                                   -     @5006 
#             put_export                                              uvm_put_imp                                                                                         -     @4990 
#           axi4_master_write_response_analysis_port                  uvm_analysis_port                                                                                   -     @4928 
#       axi4MasterPathReadAddressAnalysisPort                         uvm_analysis_port                                                                                   -     @1378 
#       axi4MasterPathReadDataAnalysisPort                            uvm_analysis_port                                                                                   -     @1386 
#       axi4MasterPathWriteAddressAnalysisPort                        uvm_analysis_port                                                                                   -     @1354 
#       axi4MasterPathWriteDataAnalysisPort                           uvm_analysis_port                                                                                   -     @1362 
#       axi4MasterPathWriteResponseAnalysisPort                       uvm_analysis_port                                                                                   -     @1370 
#       axi4SlaveAgentHandle                                          axi4_slave_agent                                                                                    -     @4757 
#         axi4_slave_cov_h                                            axi4_slave_coverage                                                                                 -     @5789 
#           analysis_imp                                              uvm_analysis_imp                                                                                    -     @5796 
#         axi4_slave_drv_proxy_h                                      axi4_slave_driver_proxy                                                                             -     @5094 
#           axi4_slave_read_addr_fifo_h                               uvm_tlm_fifo #(T)                                                                                   -     @5305 
#             get_ap                                                  uvm_analysis_port                                                                                   -     @5336 
#             get_peek_export                                         uvm_get_peek_imp                                                                                    -     @5320 
#             put_ap                                                  uvm_analysis_port                                                                                   -     @5328 
#             put_export                                              uvm_put_imp                                                                                         -     @5312 
#           axi4_slave_read_data_in_fifo_h                            uvm_tlm_fifo #(T)                                                                                   -     @5344 
#             get_ap                                                  uvm_analysis_port                                                                                   -     @5375 
#             get_peek_export                                         uvm_get_peek_imp                                                                                    -     @5359 
#             put_ap                                                  uvm_analysis_port                                                                                   -     @5367 
#             put_export                                              uvm_put_imp                                                                                         -     @5351 
#           axi4_slave_write_addr_fifo_h                              uvm_tlm_fifo #(T)                                                                                   -     @5149 
#             get_ap                                                  uvm_analysis_port                                                                                   -     @5180 
#             get_peek_export                                         uvm_get_peek_imp                                                                                    -     @5164 
#             put_ap                                                  uvm_analysis_port                                                                                   -     @5172 
#             put_export                                              uvm_put_imp                                                                                         -     @5156 
#           axi4_slave_write_data_in_fifo_h                           uvm_tlm_fifo #(T)                                                                                   -     @5188 
#             get_ap                                                  uvm_analysis_port                                                                                   -     @5219 
#             get_peek_export                                         uvm_get_peek_imp                                                                                    -     @5203 
#             put_ap                                                  uvm_analysis_port                                                                                   -     @5211 
#             put_export                                              uvm_put_imp                                                                                         -     @5195 
#           axi4_slave_write_data_out_fifo_h                          uvm_tlm_fifo #(T)                                                                                   -     @5266 
#             get_ap                                                  uvm_analysis_port                                                                                   -     @5297 
#             get_peek_export                                         uvm_get_peek_imp                                                                                    -     @5281 
#             put_ap                                                  uvm_analysis_port                                                                                   -     @5289 
#             put_export                                              uvm_put_imp                                                                                         -     @5273 
#           axi4_slave_write_response_fifo_h                          uvm_tlm_fifo #(T)                                                                                   -     @5227 
#             get_ap                                                  uvm_analysis_port                                                                                   -     @5258 
#             get_peek_export                                         uvm_get_peek_imp                                                                                    -     @5242 
#             put_ap                                                  uvm_analysis_port                                                                                   -     @5250 
#             put_export                                              uvm_put_imp                                                                                         -     @5234 
#           axi_read_rsp_port                                         uvm_analysis_port                                                                                   -     @5141 
#           axi_read_seq_item_port                                    uvm_seq_item_pull_port                                                                              -     @5125 
#           axi_write_rsp_port                                        uvm_analysis_port                                                                                   -     @5133 
#           axi_write_seq_item_port                                   uvm_seq_item_pull_port                                                                              -     @5117 
#           rsp_port                                                  uvm_analysis_port                                                                                   -     @5109 
#           seq_item_port                                             uvm_seq_item_pull_port                                                                              -     @5101 
#         axi4_slave_mon_proxy_h                                      axi4_slave_monitor_proxy                                                                            -     @5601 
#           axi4_slave_read_address_analysis_port                     uvm_analysis_port                                                                                   -     @5608 
#           axi4_slave_read_data_analysis_port                        uvm_analysis_port                                                                                   -     @5616 
#           axi4_slave_read_fifo_h                                    uvm_tlm_analysis_fifo #(T)                                                                          -     @5742 
#             analysis_export                                         uvm_analysis_imp                                                                                    -     @5781 
#             get_ap                                                  uvm_analysis_port                                                                                   -     @5773 
#             get_peek_export                                         uvm_get_peek_imp                                                                                    -     @5757 
#             put_ap                                                  uvm_analysis_port                                                                                   -     @5765 
#             put_export                                              uvm_put_imp                                                                                         -     @5749 
#           axi4_slave_write_address_analysis_port                    uvm_analysis_port                                                                                   -     @5624 
#           axi4_slave_write_address_fifo_h                           uvm_tlm_analysis_fifo #(T)                                                                          -     @5648 
#             analysis_export                                         uvm_analysis_imp                                                                                    -     @5687 
#             get_ap                                                  uvm_analysis_port                                                                                   -     @5679 
#             get_peek_export                                         uvm_get_peek_imp                                                                                    -     @5663 
#             put_ap                                                  uvm_analysis_port                                                                                   -     @5671 
#             put_export                                              uvm_put_imp                                                                                         -     @5655 
#           axi4_slave_write_data_analysis_port                       uvm_analysis_port                                                                                   -     @5632 
#           axi4_slave_write_data_fifo_h                              uvm_tlm_analysis_fifo #(T)                                                                          -     @5695 
#             analysis_export                                         uvm_analysis_imp                                                                                    -     @5734 
#             get_ap                                                  uvm_analysis_port                                                                                   -     @5726 
#             get_peek_export                                         uvm_get_peek_imp                                                                                    -     @5710 
#             put_ap                                                  uvm_analysis_port                                                                                   -     @5718 
#             put_export                                              uvm_put_imp                                                                                         -     @5702 
#           axi4_slave_write_response_analysis_port                   uvm_analysis_port                                                                                   -     @5640 
#         axi4_slave_read_seqr_h                                      axi4_slave_read_sequencer                                                                           -     @5492 
#           rsp_export                                                uvm_analysis_export                                                                                 -     @5499 
#           seq_item_export                                           uvm_seq_item_pull_imp                                                                               -     @5593 
#           arbitration_queue                                         array                                                                                               0     -     
#           lock_queue                                                array                                                                                               0     -     
#           num_last_reqs                                             integral                                                                                            32    'd1   
#           num_last_rsps                                             integral                                                                                            32    'd1   
#         axi4_slave_write_seqr_h                                     axi4_slave_write_sequencer                                                                          -     @5383 
#           rsp_export                                                uvm_analysis_export                                                                                 -     @5390 
#           seq_item_export                                           uvm_seq_item_pull_imp                                                                               -     @5484 
#           arbitration_queue                                         array                                                                                               0     -     
#           lock_queue                                                array                                                                                               0     -     
#           num_last_reqs                                             integral                                                                                            32    'd1   
#           num_last_rsps                                             integral                                                                                            32    'd1   
#       axi4SlavePathReadAddressAnalysisPort                          uvm_analysis_port                                                                                   -     @1338 
#       axi4SlavePathReadDataAnalysisPort                             uvm_analysis_port                                                                                   -     @1346 
#       axi4SlavePathWriteAddressAnalysisPort                         uvm_analysis_port                                                                                   -     @1314 
#       axi4SlavePathWriteDataAnalysisPort                            uvm_analysis_port                                                                                   -     @1322 
#       axi4SlavePathWriteResponseAnalysisPort                        uvm_analysis_port                                                                                   -     @1330 
#       peripheralEnvVirtualSequencerHandle                           peripheralEnvVirtualSequencer                                                                       -     @4778 
#         rsp_export                                                  uvm_analysis_export                                                                                 -     @4785 
#         seq_item_export                                             uvm_seq_item_pull_imp                                                                               -     @4879 
#         arbitration_queue                                           array                                                                                               0     -     
#         lock_queue                                                  array                                                                                               0     -     
#         num_last_reqs                                               integral                                                                                            32    'd1   
#         num_last_rsps                                               integral                                                                                            32    'd1   
#       triggerMasterAgentHandle                                      triggerMasterAgent                                                                                  -     @4771 
#         triggerMasterDriverProxyHandle                              triggerMasterDriverProxy                                                                            -     @5821 
#           rsp_port                                                  uvm_analysis_port                                                                                   -     @5836 
#           seq_item_port                                             uvm_seq_item_pull_port                                                                              -     @5828 
#         triggerMasterMonitorProxyHandle                             triggerMasterMonitorProxy                                                                           -     @5953 
#           triggerMasterMonitorAnalysisPort                          uvm_analysis_port                                                                                   -     @5960 
#           triggerOutMasterMonitorAnalysisPort                       uvm_analysis_port                                                                                   -     @5968 
#         triggerMasterSequencerHandle                                triggerMasterSequencer                                                                              -     @5844 
#           rsp_export                                                uvm_analysis_export                                                                                 -     @5851 
#           seq_item_export                                           uvm_seq_item_pull_imp                                                                               -     @5945 
#           arbitration_queue                                         array                                                                                               0     -     
#           lock_queue                                                array                                                                                               0     -     
#           num_last_reqs                                             integral                                                                                            32    'd1   
#           num_last_rsps                                             integral                                                                                            32    'd1   
#       triggerMasterPathAnalysisPort                                 uvm_analysis_port                                                                                   -     @1394 
#       triggerOutMasterPathAnalysisPort                              uvm_analysis_port                                                                                   -     @1410 
#       triggerOutSlavePathAnalysisPort                               uvm_analysis_port                                                                                   -     @1418 
#       triggerSlaveAgentHandle                                       triggerSlaveAgent                                                                                   -     @4764 
#         triggerSlaveMonitorProxyHandle                              triggerSlaveMonitorProxy                                                                            -     @5983 
#           triggerOutSlaveMonitorAnalysisPort                        uvm_analysis_port                                                                                   -     @5998 
#           triggerSlaveMonitorAnalysisPort                           uvm_analysis_port                                                                                   -     @5990 
#       triggerSlavePathAnalysisPort                                  uvm_analysis_port                                                                                   -     @1402 
#     peripheralEnvHandle[3]                                          peripheralEnv                                                                                       -     @1427 
#       axi4MasterAgentHandle                                         axi4_master_agent                                                                                   -     @6019 
#         axi4_master_cov_h                                           axi4_master_coverage                                                                                -     @6346 
#           analysis_imp                                              uvm_analysis_imp                                                                                    -     @6353 
#         axi4_master_mon_proxy_h                                     axi4_master_monitor_proxy                                                                           -     @6158 
#           axi4_master_read_address_analysis_port                    uvm_analysis_port                                                                                   -     @6165 
#           axi4_master_read_data_analysis_port                       uvm_analysis_port                                                                                   -     @6173 
#           axi4_master_read_fifo_h                                   uvm_tlm_analysis_fifo #(T)                                                                          -     @6299 
#             analysis_export                                         uvm_analysis_imp                                                                                    -     @6338 
#             get_ap                                                  uvm_analysis_port                                                                                   -     @6330 
#             get_peek_export                                         uvm_get_peek_imp                                                                                    -     @6314 
#             put_ap                                                  uvm_analysis_port                                                                                   -     @6322 
#             put_export                                              uvm_put_imp                                                                                         -     @6306 
#           axi4_master_write_address_analysis_port                   uvm_analysis_port                                                                                   -     @6181 
#           axi4_master_write_address_fifo_h                          uvm_tlm_analysis_fifo #(T)                                                                          -     @6205 
#             analysis_export                                         uvm_analysis_imp                                                                                    -     @6244 
#             get_ap                                                  uvm_analysis_port                                                                                   -     @6236 
#             get_peek_export                                         uvm_get_peek_imp                                                                                    -     @6220 
#             put_ap                                                  uvm_analysis_port                                                                                   -     @6228 
#             put_export                                              uvm_put_imp                                                                                         -     @6212 
#           axi4_master_write_data_analysis_port                      uvm_analysis_port                                                                                   -     @6189 
#           axi4_master_write_data_fifo_h                             uvm_tlm_analysis_fifo #(T)                                                                          -     @6252 
#             analysis_export                                         uvm_analysis_imp                                                                                    -     @6291 
#             get_ap                                                  uvm_analysis_port                                                                                   -     @6283 
#             get_peek_export                                         uvm_get_peek_imp                                                                                    -     @6267 
#             put_ap                                                  uvm_analysis_port                                                                                   -     @6275 
#             put_export                                              uvm_put_imp                                                                                         -     @6259 
#           axi4_master_write_response_analysis_port                  uvm_analysis_port                                                                                   -     @6197 
#       axi4MasterPathReadAddressAnalysisPort                         uvm_analysis_port                                                                                   -     @1498 
#       axi4MasterPathReadDataAnalysisPort                            uvm_analysis_port                                                                                   -     @1506 
#       axi4MasterPathWriteAddressAnalysisPort                        uvm_analysis_port                                                                                   -     @1474 
#       axi4MasterPathWriteDataAnalysisPort                           uvm_analysis_port                                                                                   -     @1482 
#       axi4MasterPathWriteResponseAnalysisPort                       uvm_analysis_port                                                                                   -     @1490 
#       axi4SlaveAgentHandle                                          axi4_slave_agent                                                                                    -     @6026 
#         axi4_slave_cov_h                                            axi4_slave_coverage                                                                                 -     @7058 
#           analysis_imp                                              uvm_analysis_imp                                                                                    -     @7065 
#         axi4_slave_drv_proxy_h                                      axi4_slave_driver_proxy                                                                             -     @6363 
#           axi4_slave_read_addr_fifo_h                               uvm_tlm_fifo #(T)                                                                                   -     @6574 
#             get_ap                                                  uvm_analysis_port                                                                                   -     @6605 
#             get_peek_export                                         uvm_get_peek_imp                                                                                    -     @6589 
#             put_ap                                                  uvm_analysis_port                                                                                   -     @6597 
#             put_export                                              uvm_put_imp                                                                                         -     @6581 
#           axi4_slave_read_data_in_fifo_h                            uvm_tlm_fifo #(T)                                                                                   -     @6613 
#             get_ap                                                  uvm_analysis_port                                                                                   -     @6644 
#             get_peek_export                                         uvm_get_peek_imp                                                                                    -     @6628 
#             put_ap                                                  uvm_analysis_port                                                                                   -     @6636 
#             put_export                                              uvm_put_imp                                                                                         -     @6620 
#           axi4_slave_write_addr_fifo_h                              uvm_tlm_fifo #(T)                                                                                   -     @6418 
#             get_ap                                                  uvm_analysis_port                                                                                   -     @6449 
#             get_peek_export                                         uvm_get_peek_imp                                                                                    -     @6433 
#             put_ap                                                  uvm_analysis_port                                                                                   -     @6441 
#             put_export                                              uvm_put_imp                                                                                         -     @6425 
#           axi4_slave_write_data_in_fifo_h                           uvm_tlm_fifo #(T)                                                                                   -     @6457 
#             get_ap                                                  uvm_analysis_port                                                                                   -     @6488 
#             get_peek_export                                         uvm_get_peek_imp                                                                                    -     @6472 
#             put_ap                                                  uvm_analysis_port                                                                                   -     @6480 
#             put_export                                              uvm_put_imp                                                                                         -     @6464 
#           axi4_slave_write_data_out_fifo_h                          uvm_tlm_fifo #(T)                                                                                   -     @6535 
#             get_ap                                                  uvm_analysis_port                                                                                   -     @6566 
#             get_peek_export                                         uvm_get_peek_imp                                                                                    -     @6550 
#             put_ap                                                  uvm_analysis_port                                                                                   -     @6558 
#             put_export                                              uvm_put_imp                                                                                         -     @6542 
#           axi4_slave_write_response_fifo_h                          uvm_tlm_fifo #(T)                                                                                   -     @6496 
#             get_ap                                                  uvm_analysis_port                                                                                   -     @6527 
#             get_peek_export                                         uvm_get_peek_imp                                                                                    -     @6511 
#             put_ap                                                  uvm_analysis_port                                                                                   -     @6519 
#             put_export                                              uvm_put_imp                                                                                         -     @6503 
#           axi_read_rsp_port                                         uvm_analysis_port                                                                                   -     @6410 
#           axi_read_seq_item_port                                    uvm_seq_item_pull_port                                                                              -     @6394 
#           axi_write_rsp_port                                        uvm_analysis_port                                                                                   -     @6402 
#           axi_write_seq_item_port                                   uvm_seq_item_pull_port                                                                              -     @6386 
#           rsp_port                                                  uvm_analysis_port                                                                                   -     @6378 
#           seq_item_port                                             uvm_seq_item_pull_port                                                                              -     @6370 
#         axi4_slave_mon_proxy_h                                      axi4_slave_monitor_proxy                                                                            -     @6870 
#           axi4_slave_read_address_analysis_port                     uvm_analysis_port                                                                                   -     @6877 
#           axi4_slave_read_data_analysis_port                        uvm_analysis_port                                                                                   -     @6885 
#           axi4_slave_read_fifo_h                                    uvm_tlm_analysis_fifo #(T)                                                                          -     @7011 
#             analysis_export                                         uvm_analysis_imp                                                                                    -     @7050 
#             get_ap                                                  uvm_analysis_port                                                                                   -     @7042 
#             get_peek_export                                         uvm_get_peek_imp                                                                                    -     @7026 
#             put_ap                                                  uvm_analysis_port                                                                                   -     @7034 
#             put_export                                              uvm_put_imp                                                                                         -     @7018 
#           axi4_slave_write_address_analysis_port                    uvm_analysis_port                                                                                   -     @6893 
#           axi4_slave_write_address_fifo_h                           uvm_tlm_analysis_fifo #(T)                                                                          -     @6917 
#             analysis_export                                         uvm_analysis_imp                                                                                    -     @6956 
#             get_ap                                                  uvm_analysis_port                                                                                   -     @6948 
#             get_peek_export                                         uvm_get_peek_imp                                                                                    -     @6932 
#             put_ap                                                  uvm_analysis_port                                                                                   -     @6940 
#             put_export                                              uvm_put_imp                                                                                         -     @6924 
#           axi4_slave_write_data_analysis_port                       uvm_analysis_port                                                                                   -     @6901 
#           axi4_slave_write_data_fifo_h                              uvm_tlm_analysis_fifo #(T)                                                                          -     @6964 
#             analysis_export                                         uvm_analysis_imp                                                                                    -     @7003 
#             get_ap                                                  uvm_analysis_port                                                                                   -     @6995 
#             get_peek_export                                         uvm_get_peek_imp                                                                                    -     @6979 
#             put_ap                                                  uvm_analysis_port                                                                                   -     @6987 
#             put_export                                              uvm_put_imp                                                                                         -     @6971 
#           axi4_slave_write_response_analysis_port                   uvm_analysis_port                                                                                   -     @6909 
#         axi4_slave_read_seqr_h                                      axi4_slave_read_sequencer                                                                           -     @6761 
#           rsp_export                                                uvm_analysis_export                                                                                 -     @6768 
#           seq_item_export                                           uvm_seq_item_pull_imp                                                                               -     @6862 
#           arbitration_queue                                         array                                                                                               0     -     
#           lock_queue                                                array                                                                                               0     -     
#           num_last_reqs                                             integral                                                                                            32    'd1   
#           num_last_rsps                                             integral                                                                                            32    'd1   
#         axi4_slave_write_seqr_h                                     axi4_slave_write_sequencer                                                                          -     @6652 
#           rsp_export                                                uvm_analysis_export                                                                                 -     @6659 
#           seq_item_export                                           uvm_seq_item_pull_imp                                                                               -     @6753 
#           arbitration_queue                                         array                                                                                               0     -     
#           lock_queue                                                array                                                                                               0     -     
#           num_last_reqs                                             integral                                                                                            32    'd1   
#           num_last_rsps                                             integral                                                                                            32    'd1   
#       axi4SlavePathReadAddressAnalysisPort                          uvm_analysis_port                                                                                   -     @1458 
#       axi4SlavePathReadDataAnalysisPort                             uvm_analysis_port                                                                                   -     @1466 
#       axi4SlavePathWriteAddressAnalysisPort                         uvm_analysis_port                                                                                   -     @1434 
#       axi4SlavePathWriteDataAnalysisPort                            uvm_analysis_port                                                                                   -     @1442 
#       axi4SlavePathWriteResponseAnalysisPort                        uvm_analysis_port                                                                                   -     @1450 
#       peripheralEnvVirtualSequencerHandle                           peripheralEnvVirtualSequencer                                                                       -     @6047 
#         rsp_export                                                  uvm_analysis_export                                                                                 -     @6054 
#         seq_item_export                                             uvm_seq_item_pull_imp                                                                               -     @6148 
#         arbitration_queue                                           array                                                                                               0     -     
#         lock_queue                                                  array                                                                                               0     -     
#         num_last_reqs                                               integral                                                                                            32    'd1   
#         num_last_rsps                                               integral                                                                                            32    'd1   
#       triggerMasterAgentHandle                                      triggerMasterAgent                                                                                  -     @6040 
#         triggerMasterDriverProxyHandle                              triggerMasterDriverProxy                                                                            -     @7090 
#           rsp_port                                                  uvm_analysis_port                                                                                   -     @7105 
#           seq_item_port                                             uvm_seq_item_pull_port                                                                              -     @7097 
#         triggerMasterMonitorProxyHandle                             triggerMasterMonitorProxy                                                                           -     @7222 
#           triggerMasterMonitorAnalysisPort                          uvm_analysis_port                                                                                   -     @7229 
#           triggerOutMasterMonitorAnalysisPort                       uvm_analysis_port                                                                                   -     @7237 
#         triggerMasterSequencerHandle                                triggerMasterSequencer                                                                              -     @7113 
#           rsp_export                                                uvm_analysis_export                                                                                 -     @7120 
#           seq_item_export                                           uvm_seq_item_pull_imp                                                                               -     @7214 
#           arbitration_queue                                         array                                                                                               0     -     
#           lock_queue                                                array                                                                                               0     -     
#           num_last_reqs                                             integral                                                                                            32    'd1   
#           num_last_rsps                                             integral                                                                                            32    'd1   
#       triggerMasterPathAnalysisPort                                 uvm_analysis_port                                                                                   -     @1514 
#       triggerOutMasterPathAnalysisPort                              uvm_analysis_port                                                                                   -     @1530 
#       triggerOutSlavePathAnalysisPort                               uvm_analysis_port                                                                                   -     @1538 
#       triggerSlaveAgentHandle                                       triggerSlaveAgent                                                                                   -     @6033 
#         triggerSlaveMonitorProxyHandle                              triggerSlaveMonitorProxy                                                                            -     @7252 
#           triggerOutSlaveMonitorAnalysisPort                        uvm_analysis_port                                                                                   -     @7267 
#           triggerSlaveMonitorAnalysisPort                           uvm_analysis_port                                                                                   -     @7259 
#       triggerSlavePathAnalysisPort                                  uvm_analysis_port                                                                                   -     @1522 
#     peripheralEnvHandle[4]                                          peripheralEnv                                                                                       -     @1547 
#       axi4MasterAgentHandle                                         axi4_master_agent                                                                                   -     @7288 
#         axi4_master_cov_h                                           axi4_master_coverage                                                                                -     @7615 
#           analysis_imp                                              uvm_analysis_imp                                                                                    -     @7622 
#         axi4_master_mon_proxy_h                                     axi4_master_monitor_proxy                                                                           -     @7427 
#           axi4_master_read_address_analysis_port                    uvm_analysis_port                                                                                   -     @7434 
#           axi4_master_read_data_analysis_port                       uvm_analysis_port                                                                                   -     @7442 
#           axi4_master_read_fifo_h                                   uvm_tlm_analysis_fifo #(T)                                                                          -     @7568 
#             analysis_export                                         uvm_analysis_imp                                                                                    -     @7607 
#             get_ap                                                  uvm_analysis_port                                                                                   -     @7599 
#             get_peek_export                                         uvm_get_peek_imp                                                                                    -     @7583 
#             put_ap                                                  uvm_analysis_port                                                                                   -     @7591 
#             put_export                                              uvm_put_imp                                                                                         -     @7575 
#           axi4_master_write_address_analysis_port                   uvm_analysis_port                                                                                   -     @7450 
#           axi4_master_write_address_fifo_h                          uvm_tlm_analysis_fifo #(T)                                                                          -     @7474 
#             analysis_export                                         uvm_analysis_imp                                                                                    -     @7513 
#             get_ap                                                  uvm_analysis_port                                                                                   -     @7505 
#             get_peek_export                                         uvm_get_peek_imp                                                                                    -     @7489 
#             put_ap                                                  uvm_analysis_port                                                                                   -     @7497 
#             put_export                                              uvm_put_imp                                                                                         -     @7481 
#           axi4_master_write_data_analysis_port                      uvm_analysis_port                                                                                   -     @7458 
#           axi4_master_write_data_fifo_h                             uvm_tlm_analysis_fifo #(T)                                                                          -     @7521 
#             analysis_export                                         uvm_analysis_imp                                                                                    -     @7560 
#             get_ap                                                  uvm_analysis_port                                                                                   -     @7552 
#             get_peek_export                                         uvm_get_peek_imp                                                                                    -     @7536 
#             put_ap                                                  uvm_analysis_port                                                                                   -     @7544 
#             put_export                                              uvm_put_imp                                                                                         -     @7528 
#           axi4_master_write_response_analysis_port                  uvm_analysis_port                                                                                   -     @7466 
#       axi4MasterPathReadAddressAnalysisPort                         uvm_analysis_port                                                                                   -     @1618 
#       axi4MasterPathReadDataAnalysisPort                            uvm_analysis_port                                                                                   -     @1626 
#       axi4MasterPathWriteAddressAnalysisPort                        uvm_analysis_port                                                                                   -     @1594 
#       axi4MasterPathWriteDataAnalysisPort                           uvm_analysis_port                                                                                   -     @1602 
#       axi4MasterPathWriteResponseAnalysisPort                       uvm_analysis_port                                                                                   -     @1610 
#       axi4SlaveAgentHandle                                          axi4_slave_agent                                                                                    -     @7295 
#         axi4_slave_cov_h                                            axi4_slave_coverage                                                                                 -     @8327 
#           analysis_imp                                              uvm_analysis_imp                                                                                    -     @8334 
#         axi4_slave_drv_proxy_h                                      axi4_slave_driver_proxy                                                                             -     @7632 
#           axi4_slave_read_addr_fifo_h                               uvm_tlm_fifo #(T)                                                                                   -     @7843 
#             get_ap                                                  uvm_analysis_port                                                                                   -     @7874 
#             get_peek_export                                         uvm_get_peek_imp                                                                                    -     @7858 
#             put_ap                                                  uvm_analysis_port                                                                                   -     @7866 
#             put_export                                              uvm_put_imp                                                                                         -     @7850 
#           axi4_slave_read_data_in_fifo_h                            uvm_tlm_fifo #(T)                                                                                   -     @7882 
#             get_ap                                                  uvm_analysis_port                                                                                   -     @7913 
#             get_peek_export                                         uvm_get_peek_imp                                                                                    -     @7897 
#             put_ap                                                  uvm_analysis_port                                                                                   -     @7905 
#             put_export                                              uvm_put_imp                                                                                         -     @7889 
#           axi4_slave_write_addr_fifo_h                              uvm_tlm_fifo #(T)                                                                                   -     @7687 
#             get_ap                                                  uvm_analysis_port                                                                                   -     @7718 
#             get_peek_export                                         uvm_get_peek_imp                                                                                    -     @7702 
#             put_ap                                                  uvm_analysis_port                                                                                   -     @7710 
#             put_export                                              uvm_put_imp                                                                                         -     @7694 
#           axi4_slave_write_data_in_fifo_h                           uvm_tlm_fifo #(T)                                                                                   -     @7726 
#             get_ap                                                  uvm_analysis_port                                                                                   -     @7757 
#             get_peek_export                                         uvm_get_peek_imp                                                                                    -     @7741 
#             put_ap                                                  uvm_analysis_port                                                                                   -     @7749 
#             put_export                                              uvm_put_imp                                                                                         -     @7733 
#           axi4_slave_write_data_out_fifo_h                          uvm_tlm_fifo #(T)                                                                                   -     @7804 
#             get_ap                                                  uvm_analysis_port                                                                                   -     @7835 
#             get_peek_export                                         uvm_get_peek_imp                                                                                    -     @7819 
#             put_ap                                                  uvm_analysis_port                                                                                   -     @7827 
#             put_export                                              uvm_put_imp                                                                                         -     @7811 
#           axi4_slave_write_response_fifo_h                          uvm_tlm_fifo #(T)                                                                                   -     @7765 
#             get_ap                                                  uvm_analysis_port                                                                                   -     @7796 
#             get_peek_export                                         uvm_get_peek_imp                                                                                    -     @7780 
#             put_ap                                                  uvm_analysis_port                                                                                   -     @7788 
#             put_export                                              uvm_put_imp                                                                                         -     @7772 
#           axi_read_rsp_port                                         uvm_analysis_port                                                                                   -     @7679 
#           axi_read_seq_item_port                                    uvm_seq_item_pull_port                                                                              -     @7663 
#           axi_write_rsp_port                                        uvm_analysis_port                                                                                   -     @7671 
#           axi_write_seq_item_port                                   uvm_seq_item_pull_port                                                                              -     @7655 
#           rsp_port                                                  uvm_analysis_port                                                                                   -     @7647 
#           seq_item_port                                             uvm_seq_item_pull_port                                                                              -     @7639 
#         axi4_slave_mon_proxy_h                                      axi4_slave_monitor_proxy                                                                            -     @8139 
#           axi4_slave_read_address_analysis_port                     uvm_analysis_port                                                                                   -     @8146 
#           axi4_slave_read_data_analysis_port                        uvm_analysis_port                                                                                   -     @8154 
#           axi4_slave_read_fifo_h                                    uvm_tlm_analysis_fifo #(T)                                                                          -     @8280 
#             analysis_export                                         uvm_analysis_imp                                                                                    -     @8319 
#             get_ap                                                  uvm_analysis_port                                                                                   -     @8311 
#             get_peek_export                                         uvm_get_peek_imp                                                                                    -     @8295 
#             put_ap                                                  uvm_analysis_port                                                                                   -     @8303 
#             put_export                                              uvm_put_imp                                                                                         -     @8287 
#           axi4_slave_write_address_analysis_port                    uvm_analysis_port                                                                                   -     @8162 
#           axi4_slave_write_address_fifo_h                           uvm_tlm_analysis_fifo #(T)                                                                          -     @8186 
#             analysis_export                                         uvm_analysis_imp                                                                                    -     @8225 
#             get_ap                                                  uvm_analysis_port                                                                                   -     @8217 
#             get_peek_export                                         uvm_get_peek_imp                                                                                    -     @8201 
#             put_ap                                                  uvm_analysis_port                                                                                   -     @8209 
#             put_export                                              uvm_put_imp                                                                                         -     @8193 
#           axi4_slave_write_data_analysis_port                       uvm_analysis_port                                                                                   -     @8170 
#           axi4_slave_write_data_fifo_h                              uvm_tlm_analysis_fifo #(T)                                                                          -     @8233 
#             analysis_export                                         uvm_analysis_imp                                                                                    -     @8272 
#             get_ap                                                  uvm_analysis_port                                                                                   -     @8264 
#             get_peek_export                                         uvm_get_peek_imp                                                                                    -     @8248 
#             put_ap                                                  uvm_analysis_port                                                                                   -     @8256 
#             put_export                                              uvm_put_imp                                                                                         -     @8240 
#           axi4_slave_write_response_analysis_port                   uvm_analysis_port                                                                                   -     @8178 
#         axi4_slave_read_seqr_h                                      axi4_slave_read_sequencer                                                                           -     @8030 
#           rsp_export                                                uvm_analysis_export                                                                                 -     @8037 
#           seq_item_export                                           uvm_seq_item_pull_imp                                                                               -     @8131 
#           arbitration_queue                                         array                                                                                               0     -     
#           lock_queue                                                array                                                                                               0     -     
#           num_last_reqs                                             integral                                                                                            32    'd1   
#           num_last_rsps                                             integral                                                                                            32    'd1   
#         axi4_slave_write_seqr_h                                     axi4_slave_write_sequencer                                                                          -     @7921 
#           rsp_export                                                uvm_analysis_export                                                                                 -     @7928 
#           seq_item_export                                           uvm_seq_item_pull_imp                                                                               -     @8022 
#           arbitration_queue                                         array                                                                                               0     -     
#           lock_queue                                                array                                                                                               0     -     
#           num_last_reqs                                             integral                                                                                            32    'd1   
#           num_last_rsps                                             integral                                                                                            32    'd1   
#       axi4SlavePathReadAddressAnalysisPort                          uvm_analysis_port                                                                                   -     @1578 
#       axi4SlavePathReadDataAnalysisPort                             uvm_analysis_port                                                                                   -     @1586 
#       axi4SlavePathWriteAddressAnalysisPort                         uvm_analysis_port                                                                                   -     @1554 
#       axi4SlavePathWriteDataAnalysisPort                            uvm_analysis_port                                                                                   -     @1562 
#       axi4SlavePathWriteResponseAnalysisPort                        uvm_analysis_port                                                                                   -     @1570 
#       peripheralEnvVirtualSequencerHandle                           peripheralEnvVirtualSequencer                                                                       -     @7316 
#         rsp_export                                                  uvm_analysis_export                                                                                 -     @7323 
#         seq_item_export                                             uvm_seq_item_pull_imp                                                                               -     @7417 
#         arbitration_queue                                           array                                                                                               0     -     
#         lock_queue                                                  array                                                                                               0     -     
#         num_last_reqs                                               integral                                                                                            32    'd1   
#         num_last_rsps                                               integral                                                                                            32    'd1   
#       triggerMasterAgentHandle                                      triggerMasterAgent                                                                                  -     @7309 
#         triggerMasterDriverProxyHandle                              triggerMasterDriverProxy                                                                            -     @8359 
#           rsp_port                                                  uvm_analysis_port                                                                                   -     @8374 
#           seq_item_port                                             uvm_seq_item_pull_port                                                                              -     @8366 
#         triggerMasterMonitorProxyHandle                             triggerMasterMonitorProxy                                                                           -     @8491 
#           triggerMasterMonitorAnalysisPort                          uvm_analysis_port                                                                                   -     @8498 
#           triggerOutMasterMonitorAnalysisPort                       uvm_analysis_port                                                                                   -     @8506 
#         triggerMasterSequencerHandle                                triggerMasterSequencer                                                                              -     @8382 
#           rsp_export                                                uvm_analysis_export                                                                                 -     @8389 
#           seq_item_export                                           uvm_seq_item_pull_imp                                                                               -     @8483 
#           arbitration_queue                                         array                                                                                               0     -     
#           lock_queue                                                array                                                                                               0     -     
#           num_last_reqs                                             integral                                                                                            32    'd1   
#           num_last_rsps                                             integral                                                                                            32    'd1   
#       triggerMasterPathAnalysisPort                                 uvm_analysis_port                                                                                   -     @1634 
#       triggerOutMasterPathAnalysisPort                              uvm_analysis_port                                                                                   -     @1650 
#       triggerOutSlavePathAnalysisPort                               uvm_analysis_port                                                                                   -     @1658 
#       triggerSlaveAgentHandle                                       triggerSlaveAgent                                                                                   -     @7302 
#         triggerSlaveMonitorProxyHandle                              triggerSlaveMonitorProxy                                                                            -     @8521 
#           triggerOutSlaveMonitorAnalysisPort                        uvm_analysis_port                                                                                   -     @8536 
#           triggerSlaveMonitorAnalysisPort                           uvm_analysis_port                                                                                   -     @8528 
#       triggerSlavePathAnalysisPort                                  uvm_analysis_port                                                                                   -     @1642 
#     topEnvVirtualSequencerHandle                                    topEnvVirtualSequencer                                                                              -     @954  
#       rsp_export                                                    uvm_analysis_export                                                                                 -     @961  
#       seq_item_export                                               uvm_seq_item_pull_imp                                                                               -     @1055 
#       arbitration_queue                                             array                                                                                               0     -     
#       lock_queue                                                    array                                                                                               0     -     
#       num_last_reqs                                                 integral                                                                                            32    'd1   
#       num_last_rsps                                                 integral                                                                                            32    'd1   
#     topPredictor                                                    uvm_reg_predictor #(apb_master_tx)                                                                  -     @1674 
#       bus_in                                                        uvm_analysis_imp                                                                                    -     @1681 
#       reg_ap                                                        uvm_analysis_port                                                                                   -     @1689 
#     topScoreboardHandle                                             topScoreboard                                                                                       -     @1697 
#       configUnitApbPathAnalysisExport                               uvm_analysis_export                                                                                 -     @9127 
#       configUnitInterruptPathAnalysisExport                         uvm_analysis_export                                                                                 -     @9135 
#       peripheralUnitAxi4MasterPathReadAddressAnalysisExport[0]      uvm_analysis_export                                                                                 -     @8591 
#       peripheralUnitAxi4MasterPathReadAddressAnalysisExport[1]      uvm_analysis_export                                                                                 -     @8703 
#       peripheralUnitAxi4MasterPathReadAddressAnalysisExport[2]      uvm_analysis_export                                                                                 -     @8815 
#       peripheralUnitAxi4MasterPathReadAddressAnalysisExport[3]      uvm_analysis_export                                                                                 -     @8927 
#       peripheralUnitAxi4MasterPathReadAddressAnalysisExport[4]      uvm_analysis_export                                                                                 -     @9039 
#       peripheralUnitAxi4MasterPathReadDataAnalysisExport[0]         uvm_analysis_export                                                                                 -     @8599 
#       peripheralUnitAxi4MasterPathReadDataAnalysisExport[1]         uvm_analysis_export                                                                                 -     @8711 
#       peripheralUnitAxi4MasterPathReadDataAnalysisExport[2]         uvm_analysis_export                                                                                 -     @8823 
#       peripheralUnitAxi4MasterPathReadDataAnalysisExport[3]         uvm_analysis_export                                                                                 -     @8935 
#       peripheralUnitAxi4MasterPathReadDataAnalysisExport[4]         uvm_analysis_export                                                                                 -     @9047 
#       peripheralUnitAxi4MasterPathWriteAddressAnalysisExport[0]     uvm_analysis_export                                                                                 -     @8567 
#       peripheralUnitAxi4MasterPathWriteAddressAnalysisExport[1]     uvm_analysis_export                                                                                 -     @8679 
#       peripheralUnitAxi4MasterPathWriteAddressAnalysisExport[2]     uvm_analysis_export                                                                                 -     @8791 
#       peripheralUnitAxi4MasterPathWriteAddressAnalysisExport[3]     uvm_analysis_export                                                                                 -     @8903 
#       peripheralUnitAxi4MasterPathWriteAddressAnalysisExport[4]     uvm_analysis_export                                                                                 -     @9015 
#       peripheralUnitAxi4MasterPathWriteDataAnalysisExport[0]        uvm_analysis_export                                                                                 -     @8575 
#       peripheralUnitAxi4MasterPathWriteDataAnalysisExport[1]        uvm_analysis_export                                                                                 -     @8687 
#       peripheralUnitAxi4MasterPathWriteDataAnalysisExport[2]        uvm_analysis_export                                                                                 -     @8799 
#       peripheralUnitAxi4MasterPathWriteDataAnalysisExport[3]        uvm_analysis_export                                                                                 -     @8911 
#       peripheralUnitAxi4MasterPathWriteDataAnalysisExport[4]        uvm_analysis_export                                                                                 -     @9023 
#       peripheralUnitAxi4MasterPathWriteResponseAnalysisExport[0]    uvm_analysis_export                                                                                 -     @8583 
#       peripheralUnitAxi4MasterPathWriteResponseAnalysisExport[1]    uvm_analysis_export                                                                                 -     @8695 
#       peripheralUnitAxi4MasterPathWriteResponseAnalysisExport[2]    uvm_analysis_export                                                                                 -     @8807 
#       peripheralUnitAxi4MasterPathWriteResponseAnalysisExport[3]    uvm_analysis_export                                                                                 -     @8919 
#       peripheralUnitAxi4MasterPathWriteResponseAnalysisExport[4]    uvm_analysis_export                                                                                 -     @9031 
#       peripheralUnitAxi4SlavePathReadAddressAnalysisExport[0]       uvm_analysis_export                                                                                 -     @8631 
#       peripheralUnitAxi4SlavePathReadAddressAnalysisExport[1]       uvm_analysis_export                                                                                 -     @8743 
#       peripheralUnitAxi4SlavePathReadAddressAnalysisExport[2]       uvm_analysis_export                                                                                 -     @8855 
#       peripheralUnitAxi4SlavePathReadAddressAnalysisExport[3]       uvm_analysis_export                                                                                 -     @8967 
#       peripheralUnitAxi4SlavePathReadAddressAnalysisExport[4]       uvm_analysis_export                                                                                 -     @9079 
#       peripheralUnitAxi4SlavePathReadDataAnalysisExport[0]          uvm_analysis_export                                                                                 -     @8639 
#       peripheralUnitAxi4SlavePathReadDataAnalysisExport[1]          uvm_analysis_export                                                                                 -     @8751 
#       peripheralUnitAxi4SlavePathReadDataAnalysisExport[2]          uvm_analysis_export                                                                                 -     @8863 
#       peripheralUnitAxi4SlavePathReadDataAnalysisExport[3]          uvm_analysis_export                                                                                 -     @8975 
#       peripheralUnitAxi4SlavePathReadDataAnalysisExport[4]          uvm_analysis_export                                                                                 -     @9087 
#       peripheralUnitAxi4SlavePathWriteAddressAnalysisExport[0]      uvm_analysis_export                                                                                 -     @8607 
#       peripheralUnitAxi4SlavePathWriteAddressAnalysisExport[1]      uvm_analysis_export                                                                                 -     @8719 
#       peripheralUnitAxi4SlavePathWriteAddressAnalysisExport[2]      uvm_analysis_export                                                                                 -     @8831 
#       peripheralUnitAxi4SlavePathWriteAddressAnalysisExport[3]      uvm_analysis_export                                                                                 -     @8943 
#       peripheralUnitAxi4SlavePathWriteAddressAnalysisExport[4]      uvm_analysis_export                                                                                 -     @9055 
#       peripheralUnitAxi4SlavePathWriteDataAnalysisExport[0]         uvm_analysis_export                                                                                 -     @8615 
#       peripheralUnitAxi4SlavePathWriteDataAnalysisExport[1]         uvm_analysis_export                                                                                 -     @8727 
#       peripheralUnitAxi4SlavePathWriteDataAnalysisExport[2]         uvm_analysis_export                                                                                 -     @8839 
#       peripheralUnitAxi4SlavePathWriteDataAnalysisExport[3]         uvm_analysis_export                                                                                 -     @8951 
#       peripheralUnitAxi4SlavePathWriteDataAnalysisExport[4]         uvm_analysis_export                                                                                 -     @9063 
#       peripheralUnitAxi4SlavePathWriteResponseAnalysisExport[0]     uvm_analysis_export                                                                                 -     @8623 
#       peripheralUnitAxi4SlavePathWriteResponseAnalysisExport[1]     uvm_analysis_export                                                                                 -     @8735 
#       peripheralUnitAxi4SlavePathWriteResponseAnalysisExport[2]     uvm_analysis_export                                                                                 -     @8847 
#       peripheralUnitAxi4SlavePathWriteResponseAnalysisExport[3]     uvm_analysis_export                                                                                 -     @8959 
#       peripheralUnitAxi4SlavePathWriteResponseAnalysisExport[4]     uvm_analysis_export                                                                                 -     @9071 
#       peripheralUnitTriggerMasterPathAnalysisExport[0]              uvm_analysis_export                                                                                 -     @8647 
#       peripheralUnitTriggerMasterPathAnalysisExport[1]              uvm_analysis_export                                                                                 -     @8759 
#       peripheralUnitTriggerMasterPathAnalysisExport[2]              uvm_analysis_export                                                                                 -     @8871 
#       peripheralUnitTriggerMasterPathAnalysisExport[3]              uvm_analysis_export                                                                                 -     @8983 
#       peripheralUnitTriggerMasterPathAnalysisExport[4]              uvm_analysis_export                                                                                 -     @9095 
#       peripheralUnitTriggerOutMasterPathAnalysisExport[0]           uvm_analysis_export                                                                                 -     @8663 
#       peripheralUnitTriggerOutMasterPathAnalysisExport[1]           uvm_analysis_export                                                                                 -     @8775 
#       peripheralUnitTriggerOutMasterPathAnalysisExport[2]           uvm_analysis_export                                                                                 -     @8887 
#       peripheralUnitTriggerOutMasterPathAnalysisExport[3]           uvm_analysis_export                                                                                 -     @8999 
#       peripheralUnitTriggerOutMasterPathAnalysisExport[4]           uvm_analysis_export                                                                                 -     @9111 
#       peripheralUnitTriggerOutSlavePathAnalysisExport[0]            uvm_analysis_export                                                                                 -     @8671 
#       peripheralUnitTriggerOutSlavePathAnalysisExport[1]            uvm_analysis_export                                                                                 -     @8783 
#       peripheralUnitTriggerOutSlavePathAnalysisExport[2]            uvm_analysis_export                                                                                 -     @8895 
#       peripheralUnitTriggerOutSlavePathAnalysisExport[3]            uvm_analysis_export                                                                                 -     @9007 
#       peripheralUnitTriggerOutSlavePathAnalysisExport[4]            uvm_analysis_export                                                                                 -     @9119 
#       peripheralUnitTriggerSlavePathAnalysisExport[0]               uvm_analysis_export                                                                                 -     @8655 
#       peripheralUnitTriggerSlavePathAnalysisExport[1]               uvm_analysis_export                                                                                 -     @8767 
#       peripheralUnitTriggerSlavePathAnalysisExport[2]               uvm_analysis_export                                                                                 -     @8879 
#       peripheralUnitTriggerSlavePathAnalysisExport[3]               uvm_analysis_export                                                                                 -     @8991 
#       peripheralUnitTriggerSlavePathAnalysisExport[4]               uvm_analysis_export                                                                                 -     @9103 
#       topApbSubScoreboardHandle                                     topApbSubScoreboard                                                                                 -     @9150 
#         configUnitApbPathAnalysisExport                             uvm_tlm_analysis_fifo #(T)                                                                          -     @9171 
#           analysis_export                                           uvm_analysis_imp                                                                                    -     @9210 
#           get_ap                                                    uvm_analysis_port                                                                                   -     @9202 
#           get_peek_export                                           uvm_get_peek_imp                                                                                    -     @9186 
#           put_ap                                                    uvm_analysis_port                                                                                   -     @9194 
#           put_export                                                uvm_put_imp                                                                                         -     @9178 
#       topAxiSubScoreboardHandle                                     topAxiSubScoreboard                                                                                 -     @9143 
#         peripheralUnitAxi4MasterPathReadAddressAnalysisExport[0]    uvm_tlm_analysis_fifo #(T)                                                                          -     @9359 
#           analysis_export                                           uvm_analysis_imp                                                                                    -     @9398 
#           get_ap                                                    uvm_analysis_port                                                                                   -     @9390 
#           get_peek_export                                           uvm_get_peek_imp                                                                                    -     @9374 
#           put_ap                                                    uvm_analysis_port                                                                                   -     @9382 
#           put_export                                                uvm_put_imp                                                                                         -     @9366 
#         peripheralUnitAxi4MasterPathReadAddressAnalysisExport[1]    uvm_tlm_analysis_fifo #(T)                                                                          -     @9829 
#           analysis_export                                           uvm_analysis_imp                                                                                    -     @9868 
#           get_ap                                                    uvm_analysis_port                                                                                   -     @9860 
#           get_peek_export                                           uvm_get_peek_imp                                                                                    -     @9844 
#           put_ap                                                    uvm_analysis_port                                                                                   -     @9852 
#           put_export                                                uvm_put_imp                                                                                         -     @9836 
#         peripheralUnitAxi4MasterPathReadAddressAnalysisExport[2]    uvm_tlm_analysis_fifo #(T)                                                                          -     @10299
#           analysis_export                                           uvm_analysis_imp                                                                                    -     @10338
#           get_ap                                                    uvm_analysis_port                                                                                   -     @10330
#           get_peek_export                                           uvm_get_peek_imp                                                                                    -     @10314
#           put_ap                                                    uvm_analysis_port                                                                                   -     @10322
#           put_export                                                uvm_put_imp                                                                                         -     @10306
#         peripheralUnitAxi4MasterPathReadAddressAnalysisExport[3]    uvm_tlm_analysis_fifo #(T)                                                                          -     @10769
#           analysis_export                                           uvm_analysis_imp                                                                                    -     @10808
#           get_ap                                                    uvm_analysis_port                                                                                   -     @10800
#           get_peek_export                                           uvm_get_peek_imp                                                                                    -     @10784
#           put_ap                                                    uvm_analysis_port                                                                                   -     @10792
#           put_export                                                uvm_put_imp                                                                                         -     @10776
#         peripheralUnitAxi4MasterPathReadAddressAnalysisExport[4]    uvm_tlm_analysis_fifo #(T)                                                                          -     @11239
#           analysis_export                                           uvm_analysis_imp                                                                                    -     @11278
#           get_ap                                                    uvm_analysis_port                                                                                   -     @11270
#           get_peek_export                                           uvm_get_peek_imp                                                                                    -     @11254
#           put_ap                                                    uvm_analysis_port                                                                                   -     @11262
#           put_export                                                uvm_put_imp                                                                                         -     @11246
#         peripheralUnitAxi4MasterPathReadDataAnalysisExport[0]       uvm_tlm_analysis_fifo #(T)                                                                          -     @9406 
#           analysis_export                                           uvm_analysis_imp                                                                                    -     @9445 
#           get_ap                                                    uvm_analysis_port                                                                                   -     @9437 
#           get_peek_export                                           uvm_get_peek_imp                                                                                    -     @9421 
#           put_ap                                                    uvm_analysis_port                                                                                   -     @9429 
#           put_export                                                uvm_put_imp                                                                                         -     @9413 
#         peripheralUnitAxi4MasterPathReadDataAnalysisExport[1]       uvm_tlm_analysis_fifo #(T)                                                                          -     @9876 
#           analysis_export                                           uvm_analysis_imp                                                                                    -     @9915 
#           get_ap                                                    uvm_analysis_port                                                                                   -     @9907 
#           get_peek_export                                           uvm_get_peek_imp                                                                                    -     @9891 
#           put_ap                                                    uvm_analysis_port                                                                                   -     @9899 
#           put_export                                                uvm_put_imp                                                                                         -     @9883 
#         peripheralUnitAxi4MasterPathReadDataAnalysisExport[2]       uvm_tlm_analysis_fifo #(T)                                                                          -     @10346
#           analysis_export                                           uvm_analysis_imp                                                                                    -     @10385
#           get_ap                                                    uvm_analysis_port                                                                                   -     @10377
#           get_peek_export                                           uvm_get_peek_imp                                                                                    -     @10361
#           put_ap                                                    uvm_analysis_port                                                                                   -     @10369
#           put_export                                                uvm_put_imp                                                                                         -     @10353
#         peripheralUnitAxi4MasterPathReadDataAnalysisExport[3]       uvm_tlm_analysis_fifo #(T)                                                                          -     @10816
#           analysis_export                                           uvm_analysis_imp                                                                                    -     @10855
#           get_ap                                                    uvm_analysis_port                                                                                   -     @10847
#           get_peek_export                                           uvm_get_peek_imp                                                                                    -     @10831
#           put_ap                                                    uvm_analysis_port                                                                                   -     @10839
#           put_export                                                uvm_put_imp                                                                                         -     @10823
#         peripheralUnitAxi4MasterPathReadDataAnalysisExport[4]       uvm_tlm_analysis_fifo #(T)                                                                          -     @11286
#           analysis_export                                           uvm_analysis_imp                                                                                    -     @11325
#           get_ap                                                    uvm_analysis_port                                                                                   -     @11317
#           get_peek_export                                           uvm_get_peek_imp                                                                                    -     @11301
#           put_ap                                                    uvm_analysis_port                                                                                   -     @11309
#           put_export                                                uvm_put_imp                                                                                         -     @11293
#         peripheralUnitAxi4MasterPathWriteAddressAnalysisExport[0]   uvm_tlm_analysis_fifo #(T)                                                                          -     @9218 
#           analysis_export                                           uvm_analysis_imp                                                                                    -     @9257 
#           get_ap                                                    uvm_analysis_port                                                                                   -     @9249 
#           get_peek_export                                           uvm_get_peek_imp                                                                                    -     @9233 
#           put_ap                                                    uvm_analysis_port                                                                                   -     @9241 
#           put_export                                                uvm_put_imp                                                                                         -     @9225 
#         peripheralUnitAxi4MasterPathWriteAddressAnalysisExport[1]   uvm_tlm_analysis_fifo #(T)                                                                          -     @9688 
#           analysis_export                                           uvm_analysis_imp                                                                                    -     @9727 
#           get_ap                                                    uvm_analysis_port                                                                                   -     @9719 
#           get_peek_export                                           uvm_get_peek_imp                                                                                    -     @9703 
#           put_ap                                                    uvm_analysis_port                                                                                   -     @9711 
#           put_export                                                uvm_put_imp                                                                                         -     @9695 
#         peripheralUnitAxi4MasterPathWriteAddressAnalysisExport[2]   uvm_tlm_analysis_fifo #(T)                                                                          -     @10158
#           analysis_export                                           uvm_analysis_imp                                                                                    -     @10197
#           get_ap                                                    uvm_analysis_port                                                                                   -     @10189
#           get_peek_export                                           uvm_get_peek_imp                                                                                    -     @10173
#           put_ap                                                    uvm_analysis_port                                                                                   -     @10181
#           put_export                                                uvm_put_imp                                                                                         -     @10165
#         peripheralUnitAxi4MasterPathWriteAddressAnalysisExport[3]   uvm_tlm_analysis_fifo #(T)                                                                          -     @10628
#           analysis_export                                           uvm_analysis_imp                                                                                    -     @10667
#           get_ap                                                    uvm_analysis_port                                                                                   -     @10659
#           get_peek_export                                           uvm_get_peek_imp                                                                                    -     @10643
#           put_ap                                                    uvm_analysis_port                                                                                   -     @10651
#           put_export                                                uvm_put_imp                                                                                         -     @10635
#         peripheralUnitAxi4MasterPathWriteAddressAnalysisExport[4]   uvm_tlm_analysis_fifo #(T)                                                                          -     @11098
#           analysis_export                                           uvm_analysis_imp                                                                                    -     @11137
#           get_ap                                                    uvm_analysis_port                                                                                   -     @11129
#           get_peek_export                                           uvm_get_peek_imp                                                                                    -     @11113
#           put_ap                                                    uvm_analysis_port                                                                                   -     @11121
#           put_export                                                uvm_put_imp                                                                                         -     @11105
#         peripheralUnitAxi4MasterPathWriteDataAnalysisExport[0]      uvm_tlm_analysis_fifo #(T)                                                                          -     @9265 
#           analysis_export                                           uvm_analysis_imp                                                                                    -     @9304 
#           get_ap                                                    uvm_analysis_port                                                                                   -     @9296 
#           get_peek_export                                           uvm_get_peek_imp                                                                                    -     @9280 
#           put_ap                                                    uvm_analysis_port                                                                                   -     @9288 
#           put_export                                                uvm_put_imp                                                                                         -     @9272 
#         peripheralUnitAxi4MasterPathWriteDataAnalysisExport[1]      uvm_tlm_analysis_fifo #(T)                                                                          -     @9735 
#           analysis_export                                           uvm_analysis_imp                                                                                    -     @9774 
#           get_ap                                                    uvm_analysis_port                                                                                   -     @9766 
#           get_peek_export                                           uvm_get_peek_imp                                                                                    -     @9750 
#           put_ap                                                    uvm_analysis_port                                                                                   -     @9758 
#           put_export                                                uvm_put_imp                                                                                         -     @9742 
#         peripheralUnitAxi4MasterPathWriteDataAnalysisExport[2]      uvm_tlm_analysis_fifo #(T)                                                                          -     @10205
#           analysis_export                                           uvm_analysis_imp                                                                                    -     @10244
#           get_ap                                                    uvm_analysis_port                                                                                   -     @10236
#           get_peek_export                                           uvm_get_peek_imp                                                                                    -     @10220
#           put_ap                                                    uvm_analysis_port                                                                                   -     @10228
#           put_export                                                uvm_put_imp                                                                                         -     @10212
#         peripheralUnitAxi4MasterPathWriteDataAnalysisExport[3]      uvm_tlm_analysis_fifo #(T)                                                                          -     @10675
#           analysis_export                                           uvm_analysis_imp                                                                                    -     @10714
#           get_ap                                                    uvm_analysis_port                                                                                   -     @10706
#           get_peek_export                                           uvm_get_peek_imp                                                                                    -     @10690
#           put_ap                                                    uvm_analysis_port                                                                                   -     @10698
#           put_export                                                uvm_put_imp                                                                                         -     @10682
#         peripheralUnitAxi4MasterPathWriteDataAnalysisExport[4]      uvm_tlm_analysis_fifo #(T)                                                                          -     @11145
#           analysis_export                                           uvm_analysis_imp                                                                                    -     @11184
#           get_ap                                                    uvm_analysis_port                                                                                   -     @11176
#           get_peek_export                                           uvm_get_peek_imp                                                                                    -     @11160
#           put_ap                                                    uvm_analysis_port                                                                                   -     @11168
#           put_export                                                uvm_put_imp                                                                                         -     @11152
#         peripheralUnitAxi4MasterPathWriteResponseAnalysisExport[0]  uvm_tlm_analysis_fifo #(T)                                                                          -     @9312 
#           analysis_export                                           uvm_analysis_imp                                                                                    -     @9351 
#           get_ap                                                    uvm_analysis_port                                                                                   -     @9343 
#           get_peek_export                                           uvm_get_peek_imp                                                                                    -     @9327 
#           put_ap                                                    uvm_analysis_port                                                                                   -     @9335 
#           put_export                                                uvm_put_imp                                                                                         -     @9319 
#         peripheralUnitAxi4MasterPathWriteResponseAnalysisExport[1]  uvm_tlm_analysis_fifo #(T)                                                                          -     @9782 
#           analysis_export                                           uvm_analysis_imp                                                                                    -     @9821 
#           get_ap                                                    uvm_analysis_port                                                                                   -     @9813 
#           get_peek_export                                           uvm_get_peek_imp                                                                                    -     @9797 
#           put_ap                                                    uvm_analysis_port                                                                                   -     @9805 
#           put_export                                                uvm_put_imp                                                                                         -     @9789 
#         peripheralUnitAxi4MasterPathWriteResponseAnalysisExport[2]  uvm_tlm_analysis_fifo #(T)                                                                          -     @10252
#           analysis_export                                           uvm_analysis_imp                                                                                    -     @10291
#           get_ap                                                    uvm_analysis_port                                                                                   -     @10283
#           get_peek_export                                           uvm_get_peek_imp                                                                                    -     @10267
#           put_ap                                                    uvm_analysis_port                                                                                   -     @10275
#           put_export                                                uvm_put_imp                                                                                         -     @10259
#         peripheralUnitAxi4MasterPathWriteResponseAnalysisExport[3]  uvm_tlm_analysis_fifo #(T)                                                                          -     @10722
#           analysis_export                                           uvm_analysis_imp                                                                                    -     @10761
#           get_ap                                                    uvm_analysis_port                                                                                   -     @10753
#           get_peek_export                                           uvm_get_peek_imp                                                                                    -     @10737
#           put_ap                                                    uvm_analysis_port                                                                                   -     @10745
#           put_export                                                uvm_put_imp                                                                                         -     @10729
#         peripheralUnitAxi4MasterPathWriteResponseAnalysisExport[4]  uvm_tlm_analysis_fifo #(T)                                                                          -     @11192
#           analysis_export                                           uvm_analysis_imp                                                                                    -     @11231
#           get_ap                                                    uvm_analysis_port                                                                                   -     @11223
#           get_peek_export                                           uvm_get_peek_imp                                                                                    -     @11207
#           put_ap                                                    uvm_analysis_port                                                                                   -     @11215
#           put_export                                                uvm_put_imp                                                                                         -     @11199
#         peripheralUnitAxi4SlavePathReadAddressAnalysisExport[0]     uvm_tlm_analysis_fifo #(T)                                                                          -     @9594 
#           analysis_export                                           uvm_analysis_imp                                                                                    -     @9633 
#           get_ap                                                    uvm_analysis_port                                                                                   -     @9625 
#           get_peek_export                                           uvm_get_peek_imp                                                                                    -     @9609 
#           put_ap                                                    uvm_analysis_port                                                                                   -     @9617 
#           put_export                                                uvm_put_imp                                                                                         -     @9601 
#         peripheralUnitAxi4SlavePathReadAddressAnalysisExport[1]     uvm_tlm_analysis_fifo #(T)                                                                          -     @10064
#           analysis_export                                           uvm_analysis_imp                                                                                    -     @10103
#           get_ap                                                    uvm_analysis_port                                                                                   -     @10095
#           get_peek_export                                           uvm_get_peek_imp                                                                                    -     @10079
#           put_ap                                                    uvm_analysis_port                                                                                   -     @10087
#           put_export                                                uvm_put_imp                                                                                         -     @10071
#         peripheralUnitAxi4SlavePathReadAddressAnalysisExport[2]     uvm_tlm_analysis_fifo #(T)                                                                          -     @10534
#           analysis_export                                           uvm_analysis_imp                                                                                    -     @10573
#           get_ap                                                    uvm_analysis_port                                                                                   -     @10565
#           get_peek_export                                           uvm_get_peek_imp                                                                                    -     @10549
#           put_ap                                                    uvm_analysis_port                                                                                   -     @10557
#           put_export                                                uvm_put_imp                                                                                         -     @10541
#         peripheralUnitAxi4SlavePathReadAddressAnalysisExport[3]     uvm_tlm_analysis_fifo #(T)                                                                          -     @11004
#           analysis_export                                           uvm_analysis_imp                                                                                    -     @11043
#           get_ap                                                    uvm_analysis_port                                                                                   -     @11035
#           get_peek_export                                           uvm_get_peek_imp                                                                                    -     @11019
#           put_ap                                                    uvm_analysis_port                                                                                   -     @11027
#           put_export                                                uvm_put_imp                                                                                         -     @11011
#         peripheralUnitAxi4SlavePathReadAddressAnalysisExport[4]     uvm_tlm_analysis_fifo #(T)                                                                          -     @11474
#           analysis_export                                           uvm_analysis_imp                                                                                    -     @11513
#           get_ap                                                    uvm_analysis_port                                                                                   -     @11505
#           get_peek_export                                           uvm_get_peek_imp                                                                                    -     @11489
#           put_ap                                                    uvm_analysis_port                                                                                   -     @11497
#           put_export                                                uvm_put_imp                                                                                         -     @11481
#         peripheralUnitAxi4SlavePathReadDataAnalysisExport[0]        uvm_tlm_analysis_fifo #(T)                                                                          -     @9641 
#           analysis_export                                           uvm_analysis_imp                                                                                    -     @9680 
#           get_ap                                                    uvm_analysis_port                                                                                   -     @9672 
#           get_peek_export                                           uvm_get_peek_imp                                                                                    -     @9656 
#           put_ap                                                    uvm_analysis_port                                                                                   -     @9664 
#           put_export                                                uvm_put_imp                                                                                         -     @9648 
#         peripheralUnitAxi4SlavePathReadDataAnalysisExport[1]        uvm_tlm_analysis_fifo #(T)                                                                          -     @10111
#           analysis_export                                           uvm_analysis_imp                                                                                    -     @10150
#           get_ap                                                    uvm_analysis_port                                                                                   -     @10142
#           get_peek_export                                           uvm_get_peek_imp                                                                                    -     @10126
#           put_ap                                                    uvm_analysis_port                                                                                   -     @10134
#           put_export                                                uvm_put_imp                                                                                         -     @10118
#         peripheralUnitAxi4SlavePathReadDataAnalysisExport[2]        uvm_tlm_analysis_fifo #(T)                                                                          -     @10581
#           analysis_export                                           uvm_analysis_imp                                                                                    -     @10620
#           get_ap                                                    uvm_analysis_port                                                                                   -     @10612
#           get_peek_export                                           uvm_get_peek_imp                                                                                    -     @10596
#           put_ap                                                    uvm_analysis_port                                                                                   -     @10604
#           put_export                                                uvm_put_imp                                                                                         -     @10588
#         peripheralUnitAxi4SlavePathReadDataAnalysisExport[3]        uvm_tlm_analysis_fifo #(T)                                                                          -     @11051
#           analysis_export                                           uvm_analysis_imp                                                                                    -     @11090
#           get_ap                                                    uvm_analysis_port                                                                                   -     @11082
#           get_peek_export                                           uvm_get_peek_imp                                                                                    -     @11066
#           put_ap                                                    uvm_analysis_port                                                                                   -     @11074
#           put_export                                                uvm_put_imp                                                                                         -     @11058
#         peripheralUnitAxi4SlavePathReadDataAnalysisExport[4]        uvm_tlm_analysis_fifo #(T)                                                                          -     @11521
#           analysis_export                                           uvm_analysis_imp                                                                                    -     @11560
#           get_ap                                                    uvm_analysis_port                                                                                   -     @11552
#           get_peek_export                                           uvm_get_peek_imp                                                                                    -     @11536
#           put_ap                                                    uvm_analysis_port                                                                                   -     @11544
#           put_export                                                uvm_put_imp                                                                                         -     @11528
#         peripheralUnitAxi4SlavePathWriteAddressAnalysisExport[0]    uvm_tlm_analysis_fifo #(T)                                                                          -     @9453 
#           analysis_export                                           uvm_analysis_imp                                                                                    -     @9492 
#           get_ap                                                    uvm_analysis_port                                                                                   -     @9484 
#           get_peek_export                                           uvm_get_peek_imp                                                                                    -     @9468 
#           put_ap                                                    uvm_analysis_port                                                                                   -     @9476 
#           put_export                                                uvm_put_imp                                                                                         -     @9460 
#         peripheralUnitAxi4SlavePathWriteAddressAnalysisExport[1]    uvm_tlm_analysis_fifo #(T)                                                                          -     @9923 
#           analysis_export                                           uvm_analysis_imp                                                                                    -     @9962 
#           get_ap                                                    uvm_analysis_port                                                                                   -     @9954 
#           get_peek_export                                           uvm_get_peek_imp                                                                                    -     @9938 
#           put_ap                                                    uvm_analysis_port                                                                                   -     @9946 
#           put_export                                                uvm_put_imp                                                                                         -     @9930 
#         peripheralUnitAxi4SlavePathWriteAddressAnalysisExport[2]    uvm_tlm_analysis_fifo #(T)                                                                          -     @10393
#           analysis_export                                           uvm_analysis_imp                                                                                    -     @10432
#           get_ap                                                    uvm_analysis_port                                                                                   -     @10424
#           get_peek_export                                           uvm_get_peek_imp                                                                                    -     @10408
#           put_ap                                                    uvm_analysis_port                                                                                   -     @10416
#           put_export                                                uvm_put_imp                                                                                         -     @10400
#         peripheralUnitAxi4SlavePathWriteAddressAnalysisExport[3]    uvm_tlm_analysis_fifo #(T)                                                                          -     @10863
#           analysis_export                                           uvm_analysis_imp                                                                                    -     @10902
#           get_ap                                                    uvm_analysis_port                                                                                   -     @10894
#           get_peek_export                                           uvm_get_peek_imp                                                                                    -     @10878
#           put_ap                                                    uvm_analysis_port                                                                                   -     @10886
#           put_export                                                uvm_put_imp                                                                                         -     @10870
#         peripheralUnitAxi4SlavePathWriteAddressAnalysisExport[4]    uvm_tlm_analysis_fifo #(T)                                                                          -     @11333
#           analysis_export                                           uvm_analysis_imp                                                                                    -     @11372
#           get_ap                                                    uvm_analysis_port                                                                                   -     @11364
#           get_peek_export                                           uvm_get_peek_imp                                                                                    -     @11348
#           put_ap                                                    uvm_analysis_port                                                                                   -     @11356
#           put_export                                                uvm_put_imp                                                                                         -     @11340
#         peripheralUnitAxi4SlavePathWriteDataAnalysisExport[0]       uvm_tlm_analysis_fifo #(T)                                                                          -     @9500 
#           analysis_export                                           uvm_analysis_imp                                                                                    -     @9539 
#           get_ap                                                    uvm_analysis_port                                                                                   -     @9531 
#           get_peek_export                                           uvm_get_peek_imp                                                                                    -     @9515 
#           put_ap                                                    uvm_analysis_port                                                                                   -     @9523 
#           put_export                                                uvm_put_imp                                                                                         -     @9507 
#         peripheralUnitAxi4SlavePathWriteDataAnalysisExport[1]       uvm_tlm_analysis_fifo #(T)                                                                          -     @9970 
#           analysis_export                                           uvm_analysis_imp                                                                                    -     @10009
#           get_ap                                                    uvm_analysis_port                                                                                   -     @10001
#           get_peek_export                                           uvm_get_peek_imp                                                                                    -     @9985 
#           put_ap                                                    uvm_analysis_port                                                                                   -     @9993 
#           put_export                                                uvm_put_imp                                                                                         -     @9977 
#         peripheralUnitAxi4SlavePathWriteDataAnalysisExport[2]       uvm_tlm_analysis_fifo #(T)                                                                          -     @10440
#           analysis_export                                           uvm_analysis_imp                                                                                    -     @10479
#           get_ap                                                    uvm_analysis_port                                                                                   -     @10471
#           get_peek_export                                           uvm_get_peek_imp                                                                                    -     @10455
#           put_ap                                                    uvm_analysis_port                                                                                   -     @10463
#           put_export                                                uvm_put_imp                                                                                         -     @10447
#         peripheralUnitAxi4SlavePathWriteDataAnalysisExport[3]       uvm_tlm_analysis_fifo #(T)                                                                          -     @10910
#           analysis_export                                           uvm_analysis_imp                                                                                    -     @10949
#           get_ap                                                    uvm_analysis_port                                                                                   -     @10941
#           get_peek_export                                           uvm_get_peek_imp                                                                                    -     @10925
#           put_ap                                                    uvm_analysis_port                                                                                   -     @10933
#           put_export                                                uvm_put_imp                                                                                         -     @10917
#         peripheralUnitAxi4SlavePathWriteDataAnalysisExport[4]       uvm_tlm_analysis_fifo #(T)                                                                          -     @11380
#           analysis_export                                           uvm_analysis_imp                                                                                    -     @11419
#           get_ap                                                    uvm_analysis_port                                                                                   -     @11411
#           get_peek_export                                           uvm_get_peek_imp                                                                                    -     @11395
#           put_ap                                                    uvm_analysis_port                                                                                   -     @11403
#           put_export                                                uvm_put_imp                                                                                         -     @11387
#         peripheralUnitAxi4SlavePathWriteResponseAnalysisExport[0]   uvm_tlm_analysis_fifo #(T)                                                                          -     @9547 
#           analysis_export                                           uvm_analysis_imp                                                                                    -     @9586 
#           get_ap                                                    uvm_analysis_port                                                                                   -     @9578 
#           get_peek_export                                           uvm_get_peek_imp                                                                                    -     @9562 
#           put_ap                                                    uvm_analysis_port                                                                                   -     @9570 
#           put_export                                                uvm_put_imp                                                                                         -     @9554 
#         peripheralUnitAxi4SlavePathWriteResponseAnalysisExport[1]   uvm_tlm_analysis_fifo #(T)                                                                          -     @10017
#           analysis_export                                           uvm_analysis_imp                                                                                    -     @10056
#           get_ap                                                    uvm_analysis_port                                                                                   -     @10048
#           get_peek_export                                           uvm_get_peek_imp                                                                                    -     @10032
#           put_ap                                                    uvm_analysis_port                                                                                   -     @10040
#           put_export                                                uvm_put_imp                                                                                         -     @10024
#         peripheralUnitAxi4SlavePathWriteResponseAnalysisExport[2]   uvm_tlm_analysis_fifo #(T)                                                                          -     @10487
#           analysis_export                                           uvm_analysis_imp                                                                                    -     @10526
#           get_ap                                                    uvm_analysis_port                                                                                   -     @10518
#           get_peek_export                                           uvm_get_peek_imp                                                                                    -     @10502
#           put_ap                                                    uvm_analysis_port                                                                                   -     @10510
#           put_export                                                uvm_put_imp                                                                                         -     @10494
#         peripheralUnitAxi4SlavePathWriteResponseAnalysisExport[3]   uvm_tlm_analysis_fifo #(T)                                                                          -     @10957
#           analysis_export                                           uvm_analysis_imp                                                                                    -     @10996
#           get_ap                                                    uvm_analysis_port                                                                                   -     @10988
#           get_peek_export                                           uvm_get_peek_imp                                                                                    -     @10972
#           put_ap                                                    uvm_analysis_port                                                                                   -     @10980
#           put_export                                                uvm_put_imp                                                                                         -     @10964
#         peripheralUnitAxi4SlavePathWriteResponseAnalysisExport[4]   uvm_tlm_analysis_fifo #(T)                                                                          -     @11427
#           analysis_export                                           uvm_analysis_imp                                                                                    -     @11466
#           get_ap                                                    uvm_analysis_port                                                                                   -     @11458
#           get_peek_export                                           uvm_get_peek_imp                                                                                    -     @11442
#           put_ap                                                    uvm_analysis_port                                                                                   -     @11450
#           put_export                                                uvm_put_imp                                                                                         -     @11434
#       topInterruptSubScoreboard                                     topInterruptSubScoreboard                                                                           -     @9164 
#         configUnitInterruptPathAnalysisExport                       uvm_tlm_analysis_fifo #(T)                                                                          -     @11568
#           analysis_export                                           uvm_analysis_imp                                                                                    -     @11607
#           get_ap                                                    uvm_analysis_port                                                                                   -     @11599
#           get_peek_export                                           uvm_get_peek_imp                                                                                    -     @11583
#           put_ap                                                    uvm_analysis_port                                                                                   -     @11591
#           put_export                                                uvm_put_imp                                                                                         -     @11575
#       topTriggerSubScoreboard                                       topTriggerSubScoreboard                                                                             -     @9157 
#         peripheralUnitTriggerMasterPathAnalysisExport[0]            uvm_tlm_analysis_fifo #(T)                                                                          -     @11615
#           analysis_export                                           uvm_analysis_imp                                                                                    -     @11654
#           get_ap                                                    uvm_analysis_port                                                                                   -     @11646
#           get_peek_export                                           uvm_get_peek_imp                                                                                    -     @11630
#           put_ap                                                    uvm_analysis_port                                                                                   -     @11638
#           put_export                                                uvm_put_imp                                                                                         -     @11622
#         peripheralUnitTriggerMasterPathAnalysisExport[1]            uvm_tlm_analysis_fifo #(T)                                                                          -     @11803
#           analysis_export                                           uvm_analysis_imp                                                                                    -     @11842
#           get_ap                                                    uvm_analysis_port                                                                                   -     @11834
#           get_peek_export                                           uvm_get_peek_imp                                                                                    -     @11818
#           put_ap                                                    uvm_analysis_port                                                                                   -     @11826
#           put_export                                                uvm_put_imp                                                                                         -     @11810
#         peripheralUnitTriggerMasterPathAnalysisExport[2]            uvm_tlm_analysis_fifo #(T)                                                                          -     @11991
#           analysis_export                                           uvm_analysis_imp                                                                                    -     @12030
#           get_ap                                                    uvm_analysis_port                                                                                   -     @12022
#           get_peek_export                                           uvm_get_peek_imp                                                                                    -     @12006
#           put_ap                                                    uvm_analysis_port                                                                                   -     @12014
#           put_export                                                uvm_put_imp                                                                                         -     @11998
#         peripheralUnitTriggerMasterPathAnalysisExport[3]            uvm_tlm_analysis_fifo #(T)                                                                          -     @12179
#           analysis_export                                           uvm_analysis_imp                                                                                    -     @12218
#           get_ap                                                    uvm_analysis_port                                                                                   -     @12210
#           get_peek_export                                           uvm_get_peek_imp                                                                                    -     @12194
#           put_ap                                                    uvm_analysis_port                                                                                   -     @12202
#           put_export                                                uvm_put_imp                                                                                         -     @12186
#         peripheralUnitTriggerMasterPathAnalysisExport[4]            uvm_tlm_analysis_fifo #(T)                                                                          -     @12367
#           analysis_export                                           uvm_analysis_imp                                                                                    -     @12406
#           get_ap                                                    uvm_analysis_port                                                                                   -     @12398
#           get_peek_export                                           uvm_get_peek_imp                                                                                    -     @12382
#           put_ap                                                    uvm_analysis_port                                                                                   -     @12390
#           put_export                                                uvm_put_imp                                                                                         -     @12374
#         peripheralUnitTriggerOutMasterPathAnalysisExport[0]         uvm_tlm_analysis_fifo #(T)                                                                          -     @11709
#           analysis_export                                           uvm_analysis_imp                                                                                    -     @11748
#           get_ap                                                    uvm_analysis_port                                                                                   -     @11740
#           get_peek_export                                           uvm_get_peek_imp                                                                                    -     @11724
#           put_ap                                                    uvm_analysis_port                                                                                   -     @11732
#           put_export                                                uvm_put_imp                                                                                         -     @11716
#         peripheralUnitTriggerOutMasterPathAnalysisExport[1]         uvm_tlm_analysis_fifo #(T)                                                                          -     @11897
#           analysis_export                                           uvm_analysis_imp                                                                                    -     @11936
#           get_ap                                                    uvm_analysis_port                                                                                   -     @11928
#           get_peek_export                                           uvm_get_peek_imp                                                                                    -     @11912
#           put_ap                                                    uvm_analysis_port                                                                                   -     @11920
#           put_export                                                uvm_put_imp                                                                                         -     @11904
#         peripheralUnitTriggerOutMasterPathAnalysisExport[2]         uvm_tlm_analysis_fifo #(T)                                                                          -     @12085
#           analysis_export                                           uvm_analysis_imp                                                                                    -     @12124
#           get_ap                                                    uvm_analysis_port                                                                                   -     @12116
#           get_peek_export                                           uvm_get_peek_imp                                                                                    -     @12100
#           put_ap                                                    uvm_analysis_port                                                                                   -     @12108
#           put_export                                                uvm_put_imp                                                                                         -     @12092
#         peripheralUnitTriggerOutMasterPathAnalysisExport[3]         uvm_tlm_analysis_fifo #(T)                                                                          -     @12273
#           analysis_export                                           uvm_analysis_imp                                                                                    -     @12312
#           get_ap                                                    uvm_analysis_port                                                                                   -     @12304
#           get_peek_export                                           uvm_get_peek_imp                                                                                    -     @12288
#           put_ap                                                    uvm_analysis_port                                                                                   -     @12296
#           put_export                                                uvm_put_imp                                                                                         -     @12280
#         peripheralUnitTriggerOutMasterPathAnalysisExport[4]         uvm_tlm_analysis_fifo #(T)                                                                          -     @12461
#           analysis_export                                           uvm_analysis_imp                                                                                    -     @12500
#           get_ap                                                    uvm_analysis_port                                                                                   -     @12492
#           get_peek_export                                           uvm_get_peek_imp                                                                                    -     @12476
#           put_ap                                                    uvm_analysis_port                                                                                   -     @12484
#           put_export                                                uvm_put_imp                                                                                         -     @12468
#         peripheralUnitTriggerOutSlavePathAnalysisExport[0]          uvm_tlm_analysis_fifo #(T)                                                                          -     @11756
#           analysis_export                                           uvm_analysis_imp                                                                                    -     @11795
#           get_ap                                                    uvm_analysis_port                                                                                   -     @11787
#           get_peek_export                                           uvm_get_peek_imp                                                                                    -     @11771
#           put_ap                                                    uvm_analysis_port                                                                                   -     @11779
#           put_export                                                uvm_put_imp                                                                                         -     @11763
#         peripheralUnitTriggerOutSlavePathAnalysisExport[1]          uvm_tlm_analysis_fifo #(T)                                                                          -     @11944
#           analysis_export                                           uvm_analysis_imp                                                                                    -     @11983
#           get_ap                                                    uvm_analysis_port                                                                                   -     @11975
#           get_peek_export                                           uvm_get_peek_imp                                                                                    -     @11959
#           put_ap                                                    uvm_analysis_port                                                                                   -     @11967
#           put_export                                                uvm_put_imp                                                                                         -     @11951
#         peripheralUnitTriggerOutSlavePathAnalysisExport[2]          uvm_tlm_analysis_fifo #(T)                                                                          -     @12132
#           analysis_export                                           uvm_analysis_imp                                                                                    -     @12171
#           get_ap                                                    uvm_analysis_port                                                                                   -     @12163
#           get_peek_export                                           uvm_get_peek_imp                                                                                    -     @12147
#           put_ap                                                    uvm_analysis_port                                                                                   -     @12155
#           put_export                                                uvm_put_imp                                                                                         -     @12139
#         peripheralUnitTriggerOutSlavePathAnalysisExport[3]          uvm_tlm_analysis_fifo #(T)                                                                          -     @12320
#           analysis_export                                           uvm_analysis_imp                                                                                    -     @12359
#           get_ap                                                    uvm_analysis_port                                                                                   -     @12351
#           get_peek_export                                           uvm_get_peek_imp                                                                                    -     @12335
#           put_ap                                                    uvm_analysis_port                                                                                   -     @12343
#           put_export                                                uvm_put_imp                                                                                         -     @12327
#         peripheralUnitTriggerOutSlavePathAnalysisExport[4]          uvm_tlm_analysis_fifo #(T)                                                                          -     @12508
#           analysis_export                                           uvm_analysis_imp                                                                                    -     @12547
#           get_ap                                                    uvm_analysis_port                                                                                   -     @12539
#           get_peek_export                                           uvm_get_peek_imp                                                                                    -     @12523
#           put_ap                                                    uvm_analysis_port                                                                                   -     @12531
#           put_export                                                uvm_put_imp                                                                                         -     @12515
#         peripheralUnitTriggerSlavePathAnalysisExport[0]             uvm_tlm_analysis_fifo #(T)                                                                          -     @11662
#           analysis_export                                           uvm_analysis_imp                                                                                    -     @11701
#           get_ap                                                    uvm_analysis_port                                                                                   -     @11693
#           get_peek_export                                           uvm_get_peek_imp                                                                                    -     @11677
#           put_ap                                                    uvm_analysis_port                                                                                   -     @11685
#           put_export                                                uvm_put_imp                                                                                         -     @11669
#         peripheralUnitTriggerSlavePathAnalysisExport[1]             uvm_tlm_analysis_fifo #(T)                                                                          -     @11850
#           analysis_export                                           uvm_analysis_imp                                                                                    -     @11889
#           get_ap                                                    uvm_analysis_port                                                                                   -     @11881
#           get_peek_export                                           uvm_get_peek_imp                                                                                    -     @11865
#           put_ap                                                    uvm_analysis_port                                                                                   -     @11873
#           put_export                                                uvm_put_imp                                                                                         -     @11857
#         peripheralUnitTriggerSlavePathAnalysisExport[2]             uvm_tlm_analysis_fifo #(T)                                                                          -     @12038
#           analysis_export                                           uvm_analysis_imp                                                                                    -     @12077
#           get_ap                                                    uvm_analysis_port                                                                                   -     @12069
#           get_peek_export                                           uvm_get_peek_imp                                                                                    -     @12053
#           put_ap                                                    uvm_analysis_port                                                                                   -     @12061
#           put_export                                                uvm_put_imp                                                                                         -     @12045
#         peripheralUnitTriggerSlavePathAnalysisExport[3]             uvm_tlm_analysis_fifo #(T)                                                                          -     @12226
#           analysis_export                                           uvm_analysis_imp                                                                                    -     @12265
#           get_ap                                                    uvm_analysis_port                                                                                   -     @12257
#           get_peek_export                                           uvm_get_peek_imp                                                                                    -     @12241
#           put_ap                                                    uvm_analysis_port                                                                                   -     @12249
#           put_export                                                uvm_put_imp                                                                                         -     @12233
#         peripheralUnitTriggerSlavePathAnalysisExport[4]             uvm_tlm_analysis_fifo #(T)                                                                          -     @12414
#           analysis_export                                           uvm_analysis_imp                                                                                    -     @12453
#           get_ap                                                    uvm_analysis_port                                                                                   -     @12445
#           get_peek_export                                           uvm_get_peek_imp                                                                                    -     @12429
#           put_ap                                                    uvm_analysis_port                                                                                   -     @12437
#           put_export                                                uvm_put_imp                                                                                         -     @12421
# --------------------------------------------------------------------------------
# 
# UVM_INFO verilog_src/questa_uvm_pkg-1.2/src/questa_uvm_pkg.sv(277) @ 0: reporter [Questa UVM] End Of Elaboration
# UVM_INFO ../../src/hvlTop/dmaTest/addressIncrement/2d/dma2dBlockTransferWithAddrIncrEfffXContinueSrcEqualDesXsizeYContinueSrcEqualDesYsizeAndHwTiAndHiTo.sv(174) @ 0: uvm_test_top [dma2dBlockTransferWithAddrIncrEfffXContinueSrcEqualDesXsizeYContinueSrcEqualDesYsizeAndHwTiAndHiTo] Starting dma1DVirtualSequence (2D BLOCK transfer)
# ** Fatal: (SIGSEGV) Bad handle or reference.
#    Time: 0 ps  Iteration: 50  Process: /topEnvPkg::topTriggerSubScoreboard::handleTriggers/#FORK#50_ec09864 File: ../../src/hvlTop/topEnv/subScoreboard/topTriggerSubScoreboard.sv
# Fatal error in Task topEnvPkg/topTriggerSubScoreboard::handleTriggers at ../../src/hvlTop/topEnv/subScoreboard/topTriggerSubScoreboard.sv line 55
# 
# HDL call sequence:
# Stopped at ../../src/hvlTop/topEnv/subScoreboard/topTriggerSubScoreboard.sv 55 Task topEnvPkg/topTriggerSubScoreboard::handleTriggers
# 
#  exit
# End time: 14:45:55 on Jul 31,2026, Elapsed time: 0:00:15
# Errors: 2, Warnings: 1059
